Name,Term,ES,NES,NOM p-val,FDR q-val,FWER p-val,Tag %,Gene %,Lead_genes
prerank,E2F Mediated Regulation Of DNA Replication R-HSA-113510,0.6108820188949092,2.262349863592782,0.0,0.021656662665066023,0.011,9/22,11.53%,MCM8;PPP2CB;RB1;PPP2CA;TFDP1;ORC3;PPP2R1B;SLC25A2;ORC5
prerank,Defective HDR Thru Homologous Recombination (HRR) Due To BRCA1 Loss-Of-Function R-HSA-9701192,0.4842646827317249,1.8593897572061886,0.003663003663003663,0.6300120048019207,0.375,18/25,28.77%,RAD51C;RBBP8;RAD50;MRE11;PALB2;BRIP1;WRN;RMI2;RMI1;BRCA1;ATM;RAD51AP1;BRCA2;EXO1;DNA2;RAD51B;SEM1;BARD1
prerank,Expression And Translocation Of Olfactory Receptors R-HSA-9752946,0.4500164264648439,1.8544531369156525,0.0,0.4357583033213285,0.382,14/33,18.24%,OR2A4;OR2B6;OR52I1;OR2A7;OR5B21;OR2D3;OR52N4;REEP1;OR1L8;EBF1;OR10A4;OR7D2;OR1J2;OR7A5
prerank,Impaired BRCA2 Binding To PALB2 R-HSA-9709603,0.4830885490008582,1.8356612535404748,0.00749063670411985,0.3696398559423769,0.423,14/24,25.19%,RAD51C;RBBP8;RAD50;MRE11;PALB2;BRIP1;WRN;RMI2;RMI1;BRCA1;ATM;RAD51AP1;BRCA2;EXO1
prerank,Striated Muscle Contraction R-HSA-390522,0.4964845106089863,1.831043871420279,0.0,0.3055558223289316,0.432,10/21,18.73%,TPM1;MYH3;TPM3;TMOD2;DES;ACTN3;DMD;TPM4;TMOD3;TCAP
prerank,RHOU GTPase Cycle R-HSA-9013420,0.41273047090920795,1.7678416131137662,0.00411522633744856,0.4209923969587835,0.601,11/38,9.50%,PEAK1;USP9X;ITSN2;STAM2;CLTC;IQGAP1;MYO6;STAM;GIT2;ARHGAP31;PKN2
prerank,Signaling By High-Kinase Activity BRAF Mutants R-HSA-6802948,0.446056078728376,1.7526828118854165,0.011320754716981131,0.40894529240267535,0.637,8/29,6.45%,APBB1IP;CNKSR2;VWF;IQGAP1;RAP1A;MAPK1;BRAF;MAP2K1
prerank,Negative Regulation Of FGFR2 Signaling R-HSA-5654727,0.45929837632618714,1.7369958860812327,0.007168458781362007,0.39867947178871543,0.683,9/25,9.56%,FGF9;FGF1;MAPK1;BRAF;PPP2CB;PPP2CA;FGF7;PTPN11;FGF18
prerank,Signaling By BMP R-HSA-201451,0.461961245012386,1.7365914150800696,0.007662835249042145,0.3559130318794185,0.683,12/23,19.88%,GREM2;SMAD9;BMPR1A;NOG;CHRDL1;FSTL1;ACVRL1;BMPR2;SMAD6;ZFYVE16;BMPR1B;UBE2D3
prerank,Downstream Signaling Of Activated FGFR2 R-HSA-5654696,0.4755782214566788,1.7178263157295937,0.02491103202846975,0.38115726290516205,0.726,9/20,16.27%,FGF9;FGF1;FGF7;PTPN11;FGF18;PIGU;PIK3CA;FRS2;SOS1
prerank,Resolution Of D-loop Structures Thru Synthesis-Dependent Strand Annealing (SDSA) R-HSA-5693554,0.4353840469860339,1.7101518621111746,0.014705882352941176,0.3685212266724872,0.744,18/27,28.77%,RAD51C;RBBP8;RAD50;MRE11;PALB2;BRIP1;WRN;RMI2;RMI1;BRCA1;ATM;RAD51AP1;BRCA2;EXO1;DNA2;RAD51B;SEM1;BARD1
prerank,Ion Homeostasis R-HSA-5578775,0.39313254602410125,1.6995722589940723,0.0,0.35831932773109243,0.771,13/42,19.83%,ABCC9;ATP2A2;ITPR2;PLN;SLC8A1;ATP1A3;ITPR1;SRI;RYR2;TRPC1;TRDN;ATP2B4;CALM1
prerank,Signaling By RAF1 Mutants R-HSA-9656223,0.41368940133841686,1.6838732316758689,0.01568627450980392,0.3680118201126604,0.809,8/34,6.45%,APBB1IP;CNKSR2;VWF;IQGAP1;RAP1A;MAPK1;BRAF;MAP2K1
prerank,Adherens Junctions Interactions R-HSA-418990,0.4362829030730118,1.6747304667279348,0.015209125475285171,0.36211627508146116,0.819,9/27,8.69%,CDH10;CDH6;CDH18;CDH5;CDH2;NECTIN3;CDH15;CDH11;CTNNA1
prerank,Homologous DNA Pairing And Strand Exchange R-HSA-5693579,0.37514841070239163,1.6525388624363517,0.004166666666666667,0.3936262505002001,0.855,13/41,15.95%,RAD51C;RBBP8;HUS1;TOPBP1;RAD50;POLR1B;MRE11;PALB2;BRIP1;CHEK1;WRN;RMI2;RMI1
prerank,Defective Homologous Recombination Repair (HRR) Due To BRCA2 Loss Of Function R-HSA-9701190,0.37793898640811224,1.6505124466645988,0.008333333333333333,0.37505402160864343,0.861,12/39,15.95%,RAD51C;RBBP8;HUS1;TOPBP1;RAD50;POLR1B;MRE11;PALB2;BRIP1;WRN;RMI2;RMI1
prerank,FRS-mediated FGFR2 Signaling R-HSA-5654700,0.49446341077631417,1.647296308959667,0.02622950819672131,0.359940682155215,0.865,7/15,16.27%,FGF9;FGF1;FGF7;PTPN11;FGF18;FRS2;SOS1
prerank,Presynaptic Phase Of Homologous DNA Pairing And Strand Exchange R-HSA-5693616,0.3784681935532648,1.6374639110799702,0.008264462809917356,0.3641163131919435,0.887,12/38,15.95%,RAD51C;RBBP8;HUS1;TOPBP1;RAD50;POLR1B;MRE11;BRIP1;CHEK1;WRN;RMI2;RMI1
prerank,Transport Of SLBP Dependant Mature mRNA R-HSA-159230,0.39879917296338585,1.635744788911653,0.01532567049808429,0.34888987173816893,0.89,11/34,12.42%,NUP133;NUP88;NUP58;NUP107;SLBP;NCBP2;RANBP2;TPR;NDC1;NUP54;NUP155
prerank,Signaling By FGFR3 In Disease R-HSA-5655332,0.4866434417944944,1.6341518426957262,0.029411764705882353,0.3345954381752701,0.89,7/15,16.27%,FGF9;FGF1;FGF18;PIGU;PIK3CA;FRS2;SOS1
prerank,Negative Regulation Of FGFR3 Signaling R-HSA-5654732,0.4385349171554629,1.6249808203548046,0.02422145328719723,0.33910021151317665,0.905,8/23,9.56%,FGF9;FGF1;MAPK1;BRAF;PPP2CB;PPP2CA;PTPN11;FGF18
prerank,Platelet Sensitization By LDL R-HSA-432142,0.48181582695758446,1.621932221355366,0.02564102564102564,0.3297719087635054,0.908,6/16,11.12%,PLA2G4A;APOB;PPP2CB;PPP2CA;PTPN11;PPP2R1B
prerank,Downstream Signaling Of Activated FGFR3 R-HSA-5654708,0.4528614833994761,1.613419509508172,0.027303754266211604,0.33443707917949794,0.92,8/18,16.27%,FGF9;FGF1;PTPN11;FGF18;PIGU;PIK3CA;FRS2;SOS1
prerank,Negative Regulation Of FGFR4 Signaling R-HSA-5654733,0.42758106558294273,1.5891951787040943,0.03436426116838488,0.37382352941176467,0.943,8/23,9.56%,FGF9;FGF1;MAPK1;BRAF;PPP2CB;PPP2CA;PTPN11;FGF18
prerank,Meiotic Recombination R-HSA-912446,0.3597110922485532,1.5773784652778922,0.013157894736842105,0.38391356542617044,0.952,11/42,8.51%,RAD51C;RBBP8;MLH1;H2BC15;H2BC12;RAD50;MLH3;POLR1B;H2BC21;MRE11;H3C13
prerank,SUMOylation Of Ubiquitinylation Proteins R-HSA-3232142,0.37417878640800134,1.57444761378853,0.024793388429752067,0.3773256995105735,0.955,12/37,12.42%,MDM2;PIAS1;NUP133;NUP88;NUP58;NUP107;RANBP2;TPR;NDC1;SUMO1;NUP54;NUP155
prerank,Gastrin-CREB Signaling Pathway Via PKC And MAPK R-HSA-881907,0.463345803049352,1.5594997502647183,0.03761755485893417,0.39995553777066384,0.964,6/15,16.79%,EGFR;MMP3;RPS6KA3;MAPK1;SOS1;RPS6KA2
prerank,Diseases Of DNA Repair R-HSA-9675135,0.33942572260071097,1.5508743184889084,0.005025125628140704,0.4065546218487395,0.972,15/49,16.55%,RAD51C;RBBP8;MLH1;HUS1;MSH3;TOPBP1;RAD50;POLR1B;MRE11;PALB2;BRIP1;WRN;RMI2;RMI1;NEIL3
prerank,Acyl Chain Remodelling Of PE R-HSA-1482839,0.41708416882432064,1.5427860242594176,0.030927835051546393,0.41412427039781424,0.976,4/23,3.60%,MBOAT2;PLA2G4A;PLA2G5;PLAAT3
prerank,MAP2K And MAPK Activation R-HSA-5674135,0.37454259850345695,1.5422122069906379,0.031746031746031744,0.4016982793117247,0.977,8/33,6.45%,APBB1IP;CNKSR2;VWF;IQGAP1;RAP1A;MAPK1;BRAF;MAP2K1
prerank,Downstream Signaling Of Activated FGFR4 R-HSA-5654716,0.4356381062039921,1.5383938446229055,0.0472972972972973,0.39890175425008717,0.979,8/18,16.27%,FGF9;FGF1;PTPN11;FGF18;PIGU;PIK3CA;FRS2;SOS1
prerank,SUMOylation Of SUMOylation Proteins R-HSA-4085377,0.38239272379977574,1.5311161912766476,0.023622047244094488,0.40495498199279706,0.984,11/33,12.42%,NUP133;NUP88;TOPORS;NUP58;NUP107;RANBP2;TPR;NDC1;SUMO1;NUP54;NUP155
prerank,Translocation Of SLC2A4 (GLUT4) To Plasma Membrane R-HSA-1445148,0.3348970114958126,1.5263694838735484,0.01702127659574468,0.40574920877441883,0.985,18/50,17.10%,MYO1E;PRKAG2;RAB10;REXO2;RALGAPB;EXOC8;RAB14;RAB11A;EXOC5;STXBP3;PRKAB2;YWHAQ;RALA;YWHAG;MYO5A;KIF3A;KIFAP3;TBC1D1
prerank,Cell Cycle Checkpoints R-HSA-69620,0.25379355034859113,1.5261367738362428,0.0,0.39416284160723114,0.985,69/257,17.21%,RBBP8;MDM2;CLASP2;PSMC2;CLIP1;AHCTF1;HUS1;MAPRE1;RNF168;PAFAH1B1;NUP133;MCM8;TAOK1;H2BC15;PSMA6;NUP107;H2BC12;DYNC1I1;TOPBP1;RAD50;PSMA3;RANBP2;CDC25A;PPP2CB;REXO2;PSMD6;CENPN;POLR1B;BABAM2;PSMD5;SPDL1;PPP2CA;H2BC21;MRE11;ORC3;CDC27;DYNLL1;ANAPC1;PSMD10;PPP2R1B;SLC25A2;CENPU;ANAPC4;ORC5;WEE1;CDC26;ZWILCH;KIF2A;CLASP1;PSMD14;YWHAQ;ERCC6L;BRIP1;CENPP;YWHAG;CHEK1;WRN;CDC16;ZW10;RMI2;KIF18A;PSME3;RMI1;CCNA2;CCNE2;DSN1;DYNLL2;PSMC1;HERC2
prerank,SLC Transporter Disorders R-HSA-5619102,0.30791076337609247,1.5258536568641177,0.021505376344086023,0.38351980792316925,0.985,21/78,14.37%,SLC4A4;SLC1A1;NUP133;NUP88;SLC20A2;CP;NUP58;NUP107;RANBP2;SLC17A5;SLC2A10;TPR;NDC1;NUP54;SLCO2A1;SLC35A1;SLC12A6;SLC3A1;NUP155;SLC24A4;MAP4K5
prerank,Glutamate Neurotransmitter Release Cycle R-HSA-210500,0.41277076498818804,1.5242785545105457,0.04119850187265917,0.376311858076564,0.987,8/22,10.35%,SLC1A1;RIMS1;SYT1;PPFIA1;PPFIA2;SLC38A2;PPFIA4;SLC17A7
prerank,Paradoxical Activation Of RAF Signaling By Kinase Inactive BRAF R-HSA-6802955,0.37024412085844066,1.5180419551791078,0.04219409282700422,0.3815723045975147,0.987,8/37,6.45%,APBB1IP;CNKSR2;VWF;IQGAP1;RAP1A;MAPK1;BRAF;MAP2K1
prerank,Defective TPR May Confer Susceptibility Towards Thyroid Papillary Carcinoma (TPC) R-HSA-5619107,0.3827437591093399,1.5180289839279772,0.03543307086614173,0.3716345485562646,0.987,11/30,16.51%,NUP133;NUP88;NUP58;NUP107;RANBP2;TPR;NDC1;NUP54;NUP155;MAP4K5;NUP205
prerank,Transport Of SLBP Independent Mature mRNA R-HSA-159227,0.3728666665967773,1.5149027909727684,0.038314176245210725,0.36952627204728045,0.99,10/33,12.42%,NUP133;NUP88;NUP58;NUP107;NCBP2;RANBP2;TPR;NDC1;NUP54;NUP155
prerank,G2/M DNA Damage Checkpoint R-HSA-69473,0.31669624590700596,1.5128147521172026,0.010582010582010581,0.36525930372148857,0.991,21/67,17.21%,RBBP8;HUS1;RNF168;H2BC15;H2BC12;TOPBP1;RAD50;REXO2;POLR1B;BABAM2;H2BC21;MRE11;WEE1;YWHAQ;BRIP1;YWHAG;CHEK1;WRN;RMI2;RMI1;HERC2
prerank,Acyl Chain Remodelling Of PI R-HSA-1482922,0.4660548274324474,1.5097217324295744,0.06920415224913495,0.3626890756302521,0.992,3/15,3.60%,PLA2G4A;PLA2G5;PLAAT3
prerank,Unattached Kinetochores Signal Amplification Via A MAD2 Inhibitory Signal R-HSA-141444,0.2904077349719489,1.5092858777100246,0.012345679012345678,0.3550848910992968,0.993,26/92,16.92%,CLASP2;CLIP1;AHCTF1;MAPRE1;PAFAH1B1;NUP133;TAOK1;NUP107;DYNC1I1;RANBP2;PPP2CB;CENPN;SPDL1;PPP2CA;DYNLL1;PPP2R1B;CENPU;ZWILCH;KIF2A;CLASP1;ERCC6L;CENPP;ZW10;KIF18A;DSN1;DYNLL2
prerank,EML4 And NUDC In Mitotic Spindle Formation R-HSA-9648025,0.2862912619858916,1.5027586232709362,0.012422360248447204,0.3623026885172673,0.993,27/96,16.92%,CLASP2;CLIP1;AHCTF1;MAPRE1;PAFAH1B1;NUP133;TAOK1;NUP107;DYNC1I1;RANBP2;PPP2CB;CENPN;SPDL1;PPP2CA;DYNLL1;PPP2R1B;CENPU;ZWILCH;KIF2A;CLASP1;ERCC6L;CENPP;ZW10;KIF18A;DSN1;NEK7;DYNLL2
prerank,Mitotic Spindle Checkpoint R-HSA-69618,0.28369741906695917,1.5025141325227414,0.007042253521126761,0.35433700753028485,0.993,31/109,16.92%,CLASP2;CLIP1;AHCTF1;MAPRE1;PAFAH1B1;NUP133;TAOK1;NUP107;DYNC1I1;RANBP2;PPP2CB;CENPN;SPDL1;PPP2CA;CDC27;DYNLL1;ANAPC1;PPP2R1B;CENPU;ANAPC4;CDC26;ZWILCH;KIF2A;CLASP1;ERCC6L;CENPP;CDC16;ZW10;KIF18A;DSN1;DYNLL2
prerank,RHO GTPases Activate PKNs R-HSA-5625740,0.33871158251421263,1.5022665614998545,0.016129032258064516,0.34663785514205686,0.993,15/49,14.73%,RHOA;MYL12B;H2BC15;H2BC12;REXO2;H2BC21;PPP1R12A;H3C13;KLKB1;PKN2;PPP1R14A;PPP1R12B;H2AJ;YWHAQ;YWHAG
prerank,Acyl Chain Remodelling Of PS R-HSA-1482801,0.41466679817307084,1.4986426499642922,0.05211726384364821,0.34637820345529513,0.994,4/20,3.60%,OSBPL8;PLA2G4A;PLA2G5;PLAAT3
prerank,Resolution Of Sister Chromatid Cohesion R-HSA-2500257,0.2835624549618408,1.4922489333995899,0.006896551724137931,0.35216163060969063,0.995,29/105,16.92%,CLASP2;CLIP1;AHCTF1;MAPRE1;PAFAH1B1;NUP133;TAOK1;NUP107;DYNC1I1;RANBP2;WAPL;PPP2CB;CENPN;SPDL1;PPP2CA;PDS5A;DYNLL1;PPP2R1B;CENPU;ZWILCH;PDS5B;KIF2A;CLASP1;ERCC6L;CENPP;ZW10;KIF18A;DSN1;DYNLL2
prerank,Signaling By FGFR3 R-HSA-5654741,0.3688086709839124,1.4910063173784345,0.03361344537815126,0.3472448979591836,0.995,12/33,16.27%,FGF9;FGF1;MAPK1;BRAF;PPP2CB;PPP2CA;PTPN11;FGF18;PIGU;PIK3CA;FRS2;SOS1
prerank,Clathrin-mediated Endocytosis R-HSA-8856828,0.27273482098567436,1.4802874303927016,0.008,0.36233726143518635,0.997,26/134,8.70%,IL7R;FZD4;VAMP7;VAMP3;SYT1;PIK3C2A;ITSN2;TGOLN2;EGFR;STAM2;PICALM;SYNJ1;EPGN;APOB;CLTC;COPS4;COPS2;UBQLN1;SYNJ2;OCRL;ACTR3;LRP2;FNBP1;DAB2;STAM;TGFA
prerank,Transport Of Mature mRNAs Derived From Intronless Transcripts R-HSA-159234,0.33888903225525185,1.4786510918816282,0.020833333333333332,0.3591068427370948,0.997,12/41,12.54%,NUP133;NUP88;NUP58;NUP107;SLBP;NCBP2;RANBP2;TPR;NDC1;NUP54;NUP155;CPSF3
prerank,Neurotransmitter Release Cycle R-HSA-112310,0.3316111491557289,1.4768494871565456,0.024154589371980676,0.3561575218322623,0.997,13/45,12.37%,SLC1A1;SLC22A2;RIMS1;SYT1;PPFIA1;GAD1;PPFIA2;ABAT;SLC38A2;PPFIA4;SLC17A7;SLC18A2;SYN3
prerank,Cargo Recognition For Clathrin-Mediated Endocytosis R-HSA-8856825,0.29114224880522227,1.4747301969963236,0.0,0.3536623880321359,0.997,20/97,8.70%,IL7R;FZD4;VAMP7;VAMP3;SYT1;ITSN2;TGOLN2;EGFR;STAM2;PICALM;EPGN;APOB;CLTC;COPS4;COPS2;UBQLN1;LRP2;DAB2;STAM;TGFA
prerank,Smooth Muscle Contraction R-HSA-445355,0.3492648803651158,1.4731502406494124,0.03508771929824561,0.35070420621078624,0.998,12/39,15.82%,TPM1;ITGA1;SORBS1;TPM3;MYL12B;ENTHD1;PKN2;ANXA1;ACTG2;MYL12A;TPM4;MYLK
prerank,Olfactory Signaling Pathway R-HSA-381753,0.34556569757965805,1.4698170127665602,0.03305785123966942,0.35102752211995913,0.998,15/40,18.24%,OR2A4;OR2B6;OR52I1;OR2A7;OR5B21;OR2D3;OR52N4;REEP1;CNGB1;OR1L8;EBF1;OR10A4;OR7D2;OR1J2;OR7A5
prerank,Signaling By FGFR4 R-HSA-5654743,0.3624895096906234,1.4679902756902925,0.0398406374501992,0.3490839244788824,0.999,12/32,16.27%,FGF9;FGF1;MAPK1;BRAF;PPP2CB;PPP2CA;PTPN11;FGF18;PIGU;PIK3CA;FRS2;SOS1
prerank,Muscle Contraction R-HSA-397014,0.269870838174123,1.4617673344385136,0.0,0.3563505402160864,0.999,41/152,18.10%,KCND2;ABCC9;TPM1;ITGA1;ATP2A2;SORBS1;ITPR2;MYH3;CORIN;SCN3A;TPM3;MYL12B;TMOD2;PLN;SCN2A;DES;NPR1;SLC8A1;CACNB2;ATP1A3;ITPR1;ACTN3;SRI;ENTHD1;PKN2;ANXA1;AKAP9;ACTG2;RYR2;DMD;MYL12A;KAT2B;TRPC1;TPM4;MYLK;KCNJ12;TRDN;TMOD3;KCNK2;ATP2B4;SCN1A
prerank,"PI5P, PP2A And IER3 Regulate PI3K/AKT Signaling R-HSA-6811558",0.2830026084599477,1.4605828292128664,0.0064516129032258064,0.3526892862408121,0.999,21/87,11.89%,FGF9;IRAK4;FGF1;ESR1;IL1RAP;EGFR;EPGN;RAC2;MAPK1;ESR2;RNMT;PPP2CB;PPP2CA;FGF7;TGFA;PTPN11;STRN;FGF18;ERBB4;PPP2R1B;PIGU
prerank,RHO GTPases Activate ROCKs R-HSA-5627117,0.42496645506840697,1.4488966728079926,0.07301587301587302,0.3703357204950946,0.999,8/19,17.60%,RHOA;MYL12B;PPP1R12A;ROCK1;ROCK2;PPP1R12B;LIMK2;MYH10
prerank,Antiviral Mechanism By IFN-stimulated Genes R-HSA-1169410,0.28992478754950135,1.447932755159311,0.023952095808383235,0.36619447779111647,0.999,26/80,16.72%,JAK1;USP18;NUP133;ARIH1;EIF4G2;NUP88;RIGI;NUP58;NUP107;EIF2AK2;RANBP2;OAS2;NEDD4;STAT1;TPR;NDC1;ABCE1;NUP54;EIF4G3;NUP155;KPNA1;IFIT1;HERC5;PDZD2;NUP205;KPNA3
prerank,Nicotinate Metabolism R-HSA-196807,0.372724777518849,1.4409499613638954,0.04330708661417323,0.3761368547418968,0.999,7/28,7.76%,PTGIS;NMNAT2;NT5E;NMRK1;PARP9;RNLS;PARP14
prerank,Interleukin-17 Signaling R-HSA-448424,0.3021638354247135,1.4404619900612257,0.031413612565445025,0.3709712081553933,0.999,17/65,11.12%,SKP1;MAP2K4;KCNH8;MAPK9;MEF2A;TAB2;RPS6KA3;MAPK1;IL17RE;MAP2K1;PPP2CB;PPP2CA;UBE2V1;IL17RB;MEF2C;TAB3;PPP2R1B
prerank,Formation Of Fibrin Clot (Clotting Cascade) R-HSA-140877,0.35850818444036137,1.4277888220938793,0.06563706563706563,0.39283661851837515,1.0,17/30,22.63%,KNG1;F8;VWF;THBD;PRCP;CD177;ZNF160;KLKB1;F3;PF4;PROCR;GP5;PROS1;SERPINA5;SERPIND1;TTF2;SERPING1
prerank,GAB1 Signalosome R-HSA-180292,0.4115805730297003,1.4272289528594049,0.06774193548387097,0.38794489224261136,1.0,6/17,13.42%,EGFR;EPGN;TGFA;PTPN11;PIGU;PIK3CA
prerank,Negative Regulation Of PI3K/AKT Network R-HSA-199418,0.27098988266779983,1.4259281533990922,0.0064516129032258064,0.38455957382953176,1.0,22/94,11.89%,FGF9;IRAK4;FGF1;ESR1;IL1RAP;EGFR;EPGN;RAC2;MAPK1;ESR2;RNMT;PPP2CB;PPP2CA;FGF7;TGFA;PTPN11;STRN;THEM4;FGF18;ERBB4;PPP2R1B;PIGU
prerank,Nonhomologous End-Joining (NHEJ) R-HSA-5693571,0.328562561923177,1.4215007539000055,0.03255813953488372,0.3885780773848001,1.0,9/43,7.71%,XRCC4;TDP2;RNF168;H2BC15;H2BC12;RAD50;BABAM2;H2BC21;MRE11
prerank,Toll-like Receptor Cascades R-HSA-168898,0.2617242656725279,1.4166911233854473,0.0,0.39375750300120044,1.0,29/151,9.57%,TMED7-TICAM2;SKP1;CD180;IRAK4;TBK1;TLR3;MAP2K4;LGMN;KCNH8;TLR4;MAPK9;MEF2A;USP18;TAB2;APOB;RPS6KA3;MAPK1;USP14;MAP2K1;PPP2CB;IRAK3;PPP2CA;UBE2V1;PIK3C3;TLR10;PTPN11;NKIRAS1;GSDME;MEF2C
prerank,Nuclear Receptor Transcription Pathway R-HSA-383280,0.3197059484050392,1.4102515965278926,0.03125,0.40254358459801837,1.0,10/45,8.94%,NR3C2;MBD4;ESR1;RARB;NRBF2;NR5A2;ESR2;NR2C1;NR1D2;VDR
prerank,Signaling By BRAF And RAF1 Fusions R-HSA-6802952,0.3044511133375283,1.4049269340868127,0.04830917874396135,0.4080891180001412,1.0,10/58,6.45%,APBB1IP;CNKSR2;VWF;AGGF1;AP3B1;IQGAP1;RAP1A;MAPK1;BRAF;MAP2K1
prerank,Impaired BRCA2 Binding To RAD51 R-HSA-9709570,0.3354046973442439,1.4047329690780648,0.061224489795918366,0.40268837969970595,1.0,10/33,15.95%,RBBP8;HUS1;TOPBP1;RAD50;POLR1B;MRE11;BRIP1;WRN;RMI2;RMI1
prerank,Golgi Associated Vesicle Biogenesis R-HSA-432722,0.3074748070403749,1.4032812400646109,0.043478260869565216,0.39960761447436116,1.0,11/54,7.33%,VAMP7;PIK3C2A;TGOLN2;AP1G1;PICALM;AP4E1;AP3B1;GOLGB1;CLTC;OCRL;CLINT1
prerank,Synthesis Of Very Long-Chain Fatty acyl-CoAs R-HSA-75876,0.3867837145726835,1.4000850702879404,0.05555555555555555,0.4012444414385472,1.0,9/22,20.05%,HACD2;ELOVL4;ACSBG2;HACD1;HSD17B12;HACD4;ACSL5;ACSL3;HACD3
prerank,Platelet Homeostasis R-HSA-418346,0.2834801748256738,1.3914227546193523,0.03684210526315789,0.4157696411898093,1.0,17/72,11.38%,PDE1A;PLA2G4A;ATP2A2;ITPR2;IRAG1;APOB;PRKG2;PDE1B;PPP2CB;SLC8A1;PPP2CA;ITPR1;PDE2A;PTPN11;SRI;PPP2R1B;KCNMB1
prerank,Nuclear Pore Complex (NPC) Disassembly R-HSA-3301854,0.339921124084572,1.3913755213180838,0.05976095617529881,0.41010113634494894,1.0,11/34,16.53%,NUP133;NUP88;NUP58;NUP107;RANBP2;TPR;NDC1;NUP54;NUP155;NUP205;NEK7
prerank,ISG15 Antiviral Mechanism R-HSA-1169408,0.28472006883766227,1.3877250460822577,0.03888888888888889,0.4124077739203789,1.0,24/73,16.72%,JAK1;USP18;NUP133;ARIH1;EIF4G2;NUP88;RIGI;NUP58;NUP107;EIF2AK2;RANBP2;NEDD4;STAT1;TPR;NDC1;NUP54;EIF4G3;NUP155;KPNA1;IFIT1;HERC5;PDZD2;NUP205;KPNA3
prerank,MyD88-independent TLR4 Cascade R-HSA-166166,0.2680826343547251,1.3870332493062836,0.007518796992481203,0.4084577831132453,1.0,22/105,11.12%,TMED7-TICAM2;SKP1;TBK1;MAP2K4;KCNH8;TLR4;MAPK9;MEF2A;USP18;TAB2;RPS6KA3;MAPK1;USP14;MAP2K1;PPP2CB;PPP2CA;UBE2V1;PTPN11;NKIRAS1;MEF2C;TAB3;PPP2R1B
prerank,SUMOylation Of Intracellular Receptors R-HSA-4090294,0.3540776560876598,1.3860886313319298,0.05734767025089606,0.4052075567068933,1.0,7/27,9.16%,NR3C2;ESR1;PIAS1;NR5A2;NR2C1;VDR;SUMO1
prerank,ERK/MAPK Targets R-HSA-198753,0.3774260255985093,1.3847893672459937,0.09446254071661238,0.402834380505449,1.0,8/22,11.12%,KCNH8;MEF2A;RPS6KA3;MAPK1;PPP2CB;PPP2CA;MEF2C;PPP2R1B
prerank,O-linked Glycosylation Of Mucins R-HSA-913709,0.3041252084157682,1.3844441581453173,0.0625,0.3985280265952535,1.0,10/48,8.93%,GALNT5;MUC17;GCNT4;GALNT10;MUC13;GALNTL6;GALNT2;MUC4;GCNT1;ST6GALNAC2
prerank,Peroxisomal Protein Import R-HSA-9033241,0.2969574666077606,1.3812535718463663,0.03980099502487562,0.4012588326469828,1.0,12/59,9.66%,PEX2;ACOX1;CROT;IDE;USP9X;PEX7;PEX26;ACOX3;AGPS;AMACR;LONP2;ECI2
prerank,Norepinephrine Neurotransmitter Release Cycle R-HSA-181430,0.41049010306230127,1.3772989802322329,0.06976744186046512,0.40488115246098444,1.0,7/17,10.76%,SLC22A2;RIMS1;SYT1;PPFIA1;PPFIA2;PPFIA4;SLC18A2
prerank,Transport Of Mature mRNA Derived From An Intronless Transcript R-HSA-159231,0.31479097093678177,1.3747988904780861,0.035856573705179286,0.4053271679041987,1.0,11/40,12.54%,NUP133;NUP88;NUP58;NUP107;NCBP2;RANBP2;TPR;NDC1;NUP54;NUP155;CPSF3
prerank,Transport Of Ribonucleoproteins Into Host Nucleus R-HSA-168271,0.3356628780759374,1.3727326105487216,0.08298755186721991,0.40513805522208884,1.0,11/33,12.69%,NUP133;NUP88;NUP58;NUP107;RANBP2;TPR;NDC1;NUP54;PBRM1;NUP155;KPNA1
prerank,Postmitotic Nuclear Pore Complex (NPC) Reformation R-HSA-9615933,0.35786022172630055,1.369661211478549,0.10505836575875487,0.4075152952747364,1.0,8/27,12.42%,AHCTF1;NUP133;NUP58;NUP107;NDC1;SUMO1;NUP54;NUP155
prerank,Toll Like Receptor 9 (TLR9) Cascade R-HSA-168138,0.2594676637794304,1.3670798599765,0.0273972602739726,0.4087109129366032,1.0,23/104,11.95%,TMED7-TICAM2;SKP1;IRAK4;MAP2K4;KCNH8;TLR4;MAPK9;MEF2A;USP18;TAB2;RPS6KA3;MAPK1;USP14;MAP2K1;PPP2CB;PPP2CA;UBE2V1;PIK3C3;NKIRAS1;MEF2C;TAB3;PPP2R1B;EEA1
prerank,MAPK Targets/ Nuclear Events Mediated By MAP Kinases R-HSA-450282,0.34464372883230976,1.3665808159606019,0.07575757575757576,0.404805875291293,1.0,9/30,11.12%,KCNH8;MAPK9;MEF2A;RPS6KA3;MAPK1;PPP2CB;PPP2CA;MEF2C;PPP2R1B
prerank,RHO GTPases Activate Formins R-HSA-5663220,0.25456847495920587,1.3660914556772428,0.02857142857142857,0.400922973840699,1.0,30/117,16.92%,CLASP2;CLIP1;AHCTF1;MAPRE1;PAFAH1B1;NUP133;RHOA;TAOK1;DIAPH2;NUP107;DYNC1I1;RANBP2;PPP2CB;CENPN;SPDL1;PPP2CA;DYNLL1;PPP2R1B;CENPU;ZWILCH;KIF2A;CLASP1;CDC42;ERCC6L;CENPP;DIAPH3;ZW10;KIF18A;DSN1;DYNLL2
prerank,Mitotic Prophase R-HSA-68875,0.26100826225647267,1.3637270420414211,0.013513513513513514,0.4015195043534655,1.0,25/97,13.52%,RAB1A;NUP133;USO1;H2BC15;NUP88;BLZF1;MAPK1;NUP58;NUP107;H2BC12;RANBP2;PPP2CB;RB1;PPP2CA;H2BC21;H3C13;TPR;NDC1;LEMD3;NUP54;GORASP2;PPP2R1B;NUP155;H2AJ;MASTL
prerank,HCMV Early Events R-HSA-9609690,0.27449958854182904,1.3604144110186638,0.05113636363636364,0.4046753246753247,1.0,19/80,10.67%,KCNH8;EGFR;NUP133;USH2A;H2BC15;NUP88;NUP58;NUP107;H2BC12;DYNC1I1;CBX1;RANBP2;H2BC21;H3C13;TPR;SUZ12;NDC1;NUP54;DYNLL1
prerank,Vpr-mediated Nuclear Import Of PICs R-HSA-180910,0.3368611844220383,1.360054773495066,0.07722007722007722,0.40081416836397477,1.0,10/33,12.69%,NUP133;NUP88;NUP58;NUP107;RANBP2;TPR;NDC1;NUP54;NUP155;KPNA1
prerank,MAP Kinase Activation R-HSA-450294,0.28616320672550016,1.359825188116416,0.07317073170731707,0.3969513138588769,1.0,20/61,17.03%,SKP1;MAP2K4;KCNH8;MAPK9;MEF2A;TAB2;RPS6KA3;MAPK1;MAP2K1;PPP2CB;PPP2CA;UBE2V1;MEF2C;TAB3;PPP2R1B;TRAF6;FBXW11;MAP3K8;RPS6KA2;MAPK8
prerank,Protein Ubiquitination R-HSA-8852135,0.2827742926863833,1.359652209492792,0.052941176470588235,0.3930868171444402,1.0,23/71,19.88%,PEX2;UBE2G1;USP9X;CTR9;UBE2A;H2BC15;DERL1;H2BC12;UBE2K;HLTF;USP7;WAC;RRAGA;CDC73;UBE2Q2;UCHL3;PCNA;LEO1;UBA6;PEX12;PRKDC;SKIC8;UBE2D3
prerank,Acyl Chain Remodelling Of PC R-HSA-1482788,0.3639802028470594,1.3546019029049572,0.09929078014184398,0.3997066652748056,1.0,4/24,3.60%,MBOAT2;PLA2G4A;PLA2G5;PLAAT3
prerank,Synthesis Of PIPs At Early Endosome Membrane R-HSA-1660516,0.40844274080971216,1.3541361122435853,0.08148148148148149,0.3965519110870155,1.0,4/16,7.94%,PIK3C2A;FIG4;MTMR2;PIK3C3
prerank,Caspase Activation Via Death Receptors In Presence Of Ligand R-HSA-140534,0.4118966713795582,1.3511971263882825,0.12264150943396226,0.3992449745855789,1.0,2/15,2.46%,TMED7-TICAM2;TLR4
prerank,TRAF6 Mediated Induction Of NFkB And MAP Kinases Upon TLR7/8 Or 9 Activation R-HSA-975138,0.26111091849405305,1.3488721125867784,0.034482758620689655,0.4002234156820623,1.0,21/99,11.12%,TMED7-TICAM2;SKP1;IRAK4;MAP2K4;KCNH8;TLR4;MAPK9;MEF2A;USP18;TAB2;RPS6KA3;MAPK1;USP14;MAP2K1;PPP2CB;PPP2CA;UBE2V1;NKIRAS1;MEF2C;TAB3;PPP2R1B
prerank,Disorders Of Transmembrane Transporters R-HSA-5619115,0.24539662838590787,1.3469572778280021,0.03676470588235294,0.4003611444577831,1.0,34/147,14.37%,ABCC9;SLC4A4;SLC1A1;PSMC2;NUP133;PSMA6;DERL1;NUP88;SLC20A2;CP;NUP58;NUP107;PSMA3;RANBP2;PSMD6;ERLIN2;PSMD5;SLC17A5;ERLEC1;SLC2A10;TPR;NDC1;NUP54;PSMD10;SLCO2A1;SLC35A1;SLC12A6;SLC3A1;NUP155;ERLIN1;PSMD14;SEL1L;SLC24A4;MAP4K5
prerank,Surfactant Metabolism R-HSA-5683826,0.3624216977912412,1.3450618682039617,0.10309278350515463,0.40011039467333326,1.0,4/25,2.54%,ADGRF5;CSF2RB;GATA6;DMBT1
prerank,COPI-independent Golgi-to-ER Retrograde Traffic R-HSA-6811436,0.3250102014270564,1.335692682174478,0.1124031007751938,0.41826689859617316,1.0,12/33,22.38%,PLA2G4A;RAB3GAP1;PAFAH1B1;GALNT2;DYNC1I1;DYNLL1;ACTR10;DYNLL2;DYNC1LI1;RAB6A;DYNC1LI2;DCTN5
prerank,Metal Ion SLC Transporters R-HSA-425410,0.3674737877861682,1.334654954529631,0.09310344827586207,0.41656759673566396,1.0,6/23,9.26%,SLC39A10;SLC41A1;CP;SLC31A1;SLC30A1;SLC30A6
prerank,G2/M Checkpoints R-HSA-69481,0.2454208303791363,1.3345527436387705,0.02564102564102564,0.41273661464585837,1.0,35/135,17.21%,RBBP8;PSMC2;HUS1;RNF168;MCM8;H2BC15;PSMA6;H2BC12;TOPBP1;RAD50;PSMA3;CDC25A;REXO2;PSMD6;POLR1B;BABAM2;PSMD5;H2BC21;MRE11;ORC3;PSMD10;SLC25A2;ORC5;WEE1;PSMD14;YWHAQ;BRIP1;YWHAG;CHEK1;WRN;RMI2;PSME3;RMI1;PSMC1;HERC2
prerank,Transport Of Inorganic Cations/Anions And Amino Acids/Oligopeptides R-HSA-425393,0.2686069332984946,1.3327940556735125,0.0440251572327044,0.4130555192373979,1.0,20/89,12.33%,SLC4A4;SLC1A1;SLC38A4;SLC9A8;SLC12A5;SLC5A12;SLC15A4;SLC20A2;SLC9A4;SLC26A9;SLC8A1;SLC17A5;SLC38A2;SRI;SLC12A2;SLC9A2;AHCYL2;SLC17A7;SLC12A6;SLC3A1
prerank,RHO GTPases Activate PAKs R-HSA-5627123,0.370300910370185,1.3282322925221095,0.11437908496732026,0.41987289033260367,1.0,8/21,19.83%,MYL12B;PPP1R12A;PKN2;PPP1R12B;CDC42;MYLK;MYH10;CALM1
prerank,Toll Like Receptor 7/8 (TLR7/8) Cascade R-HSA-168181,0.2554562384037513,1.3273086464677522,0.041666666666666664,0.414013297626743,1.0,21/100,11.12%,TMED7-TICAM2;SKP1;IRAK4;MAP2K4;KCNH8;TLR4;MAPK9;MEF2A;USP18;TAB2;RPS6KA3;MAPK1;USP14;MAP2K1;PPP2CB;PPP2CA;UBE2V1;NKIRAS1;MEF2C;TAB3;PPP2R1B
prerank,MyD88 Dependent Cascade Initiated On Endosome R-HSA-975155,0.2554562384037513,1.3273086464677522,0.041666666666666664,0.414013297626743,1.0,21/100,11.12%,TMED7-TICAM2;SKP1;IRAK4;MAP2K4;KCNH8;TLR4;MAPK9;MEF2A;USP18;TAB2;RPS6KA3;MAPK1;USP14;MAP2K1;PPP2CB;PPP2CA;UBE2V1;NKIRAS1;MEF2C;TAB3;PPP2R1B
prerank,Pyruvate Metabolism R-HSA-70268,0.3403058330897898,1.3225805912458843,0.09885931558935361,0.4211330246384268,1.0,11/29,17.80%,PLPP6;LDHA;MPC2;VDAC1;GLO1;MPC1;LDHB;LDHAL6B;DLAT;LDHAL6A;LDHC
prerank,Nitric Oxide Stimulates Guanylate Cyclase R-HSA-392154,0.3842075396523106,1.3217776700454498,0.14715719063545152,0.4193703141634012,1.0,7/17,11.38%,PDE1A;IRAG1;PRKG2;PDE1B;ITPR1;PDE2A;KCNMB1
prerank,Golgi-to-ER Retrograde Transport R-HSA-8856688,0.2546067833942599,1.32094065543996,0.03355704697986577,0.41723575411473,1.0,34/106,19.52%,ARCN1;NSF;PLA2G4A;RAB1A;COPB1;KDELR2;RAB3GAP1;KDELR3;PAFAH1B1;GALNT2;KIF6;RINT1;DYNC1I1;ARF4;DYNLL1;KIF16B;KIF5C;KIF5B;NAPG;KIF2A;ZW10;KIF3A;TMED2;KIFAP3;KIF18A;ACTR10;DYNLL2;COPG2;COPB2;KIF23;DYNC1LI1;KIF3C;RACGAP1;RAB6A
prerank,RHOD GTPase Cycle R-HSA-9013405,0.2874026350901046,1.3203594899014188,0.07865168539325842,0.4147579031612645,1.0,13/52,10.68%,VAMP3;ADD3;STBD1;TOR1AIP1;RAB7A;MOSPD2;DIAPH2;ARHGAP21;LMAN1;WHAMM;EFHD2;LEMD3;CPNE8
prerank,Assembly Of ORC Complex At Origin Of Replication R-HSA-68616,0.3420300614935469,1.3173161627115992,0.09090909090909091,0.41756357588907117,1.0,9/26,13.09%,H2BC15;H2BC12;H2BC21;H3C13;ORC3;SLC25A2;ORC5;KPNA1;H2AJ
prerank,Negative Regulation Of FGFR1 Signaling R-HSA-5654726,0.3553362354190863,1.316727608944509,0.09774436090225563,0.4149488158899924,1.0,7/25,8.71%,FGF9;FGF1;MAPK1;BRAF;PPP2CB;PPP2CA;PTPN11
prerank,RHO GTPase Effectors R-HSA-195258,0.21926229423722055,1.314407079986021,0.0,0.41640742783599927,1.0,66/248,17.75%,CLASP2;CLIP1;AHCTF1;MAPRE1;PAFAH1B1;NUP133;RHOA;MYL12B;TAOK1;H2BC15;IQGAP1;RAC2;DIAPH2;MAPK1;NUP107;H2BC12;DYNC1I1;RANBP2;ACTR3;PPP2CB;REXO2;CENPN;SPDL1;PPP2CA;H2BC21;PPP1R12A;PIK3C3;H3C13;KLKB1;CTNNA1;PKN2;GOPC;ARPC5;PTK2;DYNLL1;PPP1R14A;PPP2R1B;CENPU;ROCK1;KIF5B;ZWILCH;ROCK2;PPP1R12B;H2AJ;KIF2A;CLASP1;YWHAQ;CDC42;ERCC6L;CENPP;DIAPH3;YWHAG;NCF2;LIMK2;ZW10;NCKAP1;KIF18A;MYLK;PDZD2;DSN1;ABI1;WASF1;DYNLL2;ABI2;MYH10;ACTR2
prerank,Separation Of Sister Chromatids R-HSA-2467813,0.23224120179402286,1.310525854645384,0.01,0.42167209741039274,1.0,43/166,17.02%,CLASP2;PSMC2;CLIP1;AHCTF1;MAPRE1;PAFAH1B1;NUP133;TAOK1;PSMA6;NUP107;DYNC1I1;PSMA3;RANBP2;WAPL;PPP2CB;PSMD6;CENPN;PSMD5;SPDL1;PPP2CA;CDC27;PDS5A;DYNLL1;ANAPC1;PSMD10;PPP2R1B;CENPU;ANAPC4;CDC26;ZWILCH;PDS5B;KIF2A;CLASP1;PSMD14;ERCC6L;CENPP;CDC16;ZW10;KIF18A;PSME3;DSN1;DYNLL2;PSMC1
prerank,NEP/NS2 Interacts With Cellular Export Machinery R-HSA-168333,0.3228485872685302,1.3025574340674462,0.12121212121212122,0.4370882512296954,1.0,10/33,12.42%,NUP133;NUP88;NUP58;NUP107;RANBP2;TPR;NDC1;NUP54;PBRM1;NUP155
prerank,RAC3 GTPase Cycle R-HSA-9013423,0.2587541093112735,1.301291319652156,0.07947019867549669,0.4362245951011984,1.0,29/86,17.70%,VAMP3;STBD1;FERMT2;RAB7A;TIAM1;TAOK3;ARHGAP21;OCRL;LMAN1;GIT2;PKN2;LEMD3;GARRE1;ARHGDIB;NCOA3;ERBIN;CDC42;DOCK10;DIAPH3;OPHN1;NCF2;BAIAP2L1;NCKAP1;ARHGAP5;ABI1;WASF1;ARHGAP35;ABI2;VANGL1
prerank,Dectin-2 Family R-HSA-5621480,0.3852509042458902,1.2935292931020872,0.153125,0.45232465159977037,1.0,5/17,15.31%,MUC17;MUC13;MUC4;MUC6;MUC12
prerank,Peroxisomal Lipid Metabolism R-HSA-390918,0.33050479644822395,1.292978194096832,0.11851851851851852,0.4496982241172331,1.0,7/28,9.66%,ACOX1;ACBD5;CROT;ACOX3;ACOXL;AMACR;ECI2
prerank,Interleukin-12 Signaling R-HSA-9020591,0.2972193603576712,1.291183552164483,0.1092436974789916,0.45078503196150255,1.0,12/41,15.52%,VAMP7;STAT4;JAK1;SNRPA1;SERPINB2;PKN2;GSTA2;IL12RB2;CDC42;RALA;TCP1;IL12A
prerank,Rev-mediated Nuclear Export Of HIV RNA R-HSA-165054,0.31885239911453855,1.2862225854983023,0.11290322580645161,0.45891102203593304,1.0,9/33,12.42%,NUP133;NUP88;NUP58;NUP107;RANBP2;TPR;NDC1;NUP54;NUP155
prerank,Signaling By FGFR1 R-HSA-5654736,0.2979141792346855,1.2754366971908448,0.08849557522123894,0.4830643517911366,1.0,13/41,16.27%,FGF9;FLRT2;FGF1;MAPK1;BRAF;PPP2CB;PPP2CA;PTPN11;FGF18;PIGU;PIK3CA;FRS2;SOS1
prerank,Interactions Of Vpr With Host Cellular Proteins R-HSA-176033,0.30863076080998214,1.2740290691176275,0.12301587301587301,0.4830256102440976,1.0,10/36,12.69%,NUP133;NUP88;NUP58;NUP107;RANBP2;TPR;NDC1;NUP54;NUP155;KPNA1
prerank,Toll Like Receptor 4 (TLR4) Cascade R-HSA-166016,0.23940538292404312,1.2732544984999763,0.03361344537815126,0.4813278699909716,1.0,25/131,11.12%,TMED7-TICAM2;SKP1;CD180;IRAK4;TBK1;MAP2K4;KCNH8;TLR4;MAPK9;MEF2A;USP18;TAB2;RPS6KA3;MAPK1;USP14;MAP2K1;PPP2CB;IRAK3;PPP2CA;UBE2V1;PTPN11;NKIRAS1;MEF2C;TAB3;PPP2R1B
prerank,CREB1 Phosphorylation Thru NMDA Receptor-Mediated Activation Of RAS Signaling R-HSA-442742,0.33726591645575166,1.268565476433065,0.13380281690140844,0.49016354082616653,1.0,15/26,29.97%,RPS6KA6;RPS6KA3;MAPK1;RPS6KA2;DLG1;GRIN2B;CALM1;CAMK2D;CREB1;ACTN2;CAMK2A;RASGRF1;CAMK2B;LRRC7;PDPK1
prerank,RHOF GTPase Cycle R-HSA-9035034,0.28894378483831845,1.2666125578281964,0.10648148148148148,0.4918767507002801,1.0,12/41,15.98%,VAMP3;ADD3;TOR1AIP1;RAB7A;BAIAP2L2;DIAPH2;ARHGAP21;BASP1;SENP1;DIAPH3;BAIAP2L1;ARHGAP5
prerank,Resolution Of D-loop Structures Thru Holliday Junction Intermediates R-HSA-5693568,0.30921056379339346,1.2654234402437476,0.12156862745098039,0.49124423963133645,1.0,15/33,25.19%,RAD51C;RBBP8;RAD50;MRE11;PALB2;BRIP1;WRN;RMI2;RMI1;BRCA1;ATM;RAD51AP1;EME1;BRCA2;EXO1
prerank,Activation Of ATR In Response To Replication Stress R-HSA-176187,0.30287733663673366,1.2636194160896197,0.14345991561181434,0.49202362545018,1.0,8/34,14.75%,HUS1;MCM8;CDC25A;POLR1B;ORC3;SLC25A2;ORC5;CHEK1
prerank,Toll Like Receptor 3 (TLR3) Cascade R-HSA-168164,0.2464723930553024,1.2596548934117207,0.07462686567164178,0.49871262790830617,1.0,20/101,11.12%,SKP1;TBK1;TLR3;MAP2K4;KCNH8;MAPK9;MEF2A;USP18;TAB2;RPS6KA3;MAPK1;USP14;MAP2K1;PPP2CB;PPP2CA;UBE2V1;NKIRAS1;MEF2C;TAB3;PPP2R1B
prerank,Intrinsic Pathway Of Fibrin Clot Formation R-HSA-140837,0.36060974970705734,1.2590096592032465,0.17921146953405018,0.49653751264285245,1.0,12/19,22.63%,KNG1;F8;VWF;PRCP;ZNF160;KLKB1;GP5;PROS1;SERPINA5;SERPIND1;TTF2;SERPING1
prerank,Sema4D In Semaphorin Signaling R-HSA-400685,0.3383265697493931,1.2587349761017694,0.12455516014234876,0.4935042767106842,1.0,9/23,17.60%,RHOA;MYL12B;ARHGEF12;RNMT;ROCK1;ROCK2;LIMK2;ARHGAP35;MYH10
prerank,Class I Peroxisomal Membrane Protein Import R-HSA-9603798,0.356117054936839,1.2576120355209637,0.13725490196078433,0.4921968787515006,1.0,4/20,8.21%,PEX2;ACBD5;PEX26;PEX3
prerank,B-WICH Complex Positively Regulates rRNA Expression R-HSA-5250924,0.28356218952901535,1.2575037013966484,0.10212765957446808,0.4887590728599132,1.0,9/47,8.51%,MYO1E;TAF1B;ERCC6;SMARCA5;H2BC15;H2BC12;POLR1B;H2BC21;H3C13
prerank,MyD88 Cascade Initiated On Plasma Membrane R-HSA-975871,0.2446243778994212,1.2563624498624837,0.08609271523178808,0.48821421698450373,1.0,20/95,11.12%,SKP1;IRAK4;MAP2K4;KCNH8;MAPK9;MEF2A;USP18;TAB2;RPS6KA3;MAPK1;USP14;MAP2K1;PPP2CB;PPP2CA;UBE2V1;TLR10;NKIRAS1;MEF2C;TAB3;PPP2R1B
prerank,Export Of Viral Ribonucleoproteins From Nucleus R-HSA-168274,0.30420942940218876,1.2541299430733108,0.15584415584415584,0.49007894066717594,1.0,10/34,12.42%,NUP133;NUP88;NUP58;NUP107;RANBP2;TPR;NDC1;NUP54;PBRM1;NUP155
prerank,Downstream Signaling Of Activated FGFR1 R-HSA-5654687,0.3407155590475375,1.2509605698304163,0.1702127659574468,0.49480219155331306,1.0,8/22,16.27%,FGF9;FLRT2;FGF1;PTPN11;PIGU;PIK3CA;FRS2;SOS1
prerank,Amine Ligand-Binding Receptors R-HSA-375280,0.37459475886856386,1.24856455118912,0.18596491228070175,0.4973980039777105,1.0,5/18,10.45%,HTR1F;HTR2A;HRH4;ADRA2A;CHRM2
prerank,RHOJ GTPase Cycle R-HSA-9013409,0.2719577396105343,1.2460907059228143,0.1111111111111111,0.4999699435329687,1.0,16/54,17.70%,VAMP3;RAB7A;ARL13B;ARHGAP21;OCRL;FNBP1;GIT2;PKN2;CPNE8;CDC42BPA;CDC42;DIAPH3;OPHN1;ARHGAP5;ARHGAP35;VANGL1
prerank,Interleukin-2 Family Signaling R-HSA-451927,0.2960079240167097,1.244522395270703,0.15677966101694915,0.5003615563872608,1.0,6/37,3.83%,STAT4;IL21;CSF2RB;JAK1;HAVCR2;SOS2
prerank,Deadenylation-dependent mRNA Decay R-HSA-429914,0.275821020138885,1.2443626893658852,0.09090909090909091,0.4971835157420632,1.0,14/53,13.03%,HBS1L;TUT7;LSM3;SKIC3;DCP1B;CNOT1;CNOT7;EXOSC3;XRN1;PARN;DDX6;CNOT4;CNOT2;EXOSC9
prerank,Activation Of Pre-Replicative Complex R-HSA-68962,0.30866988785526567,1.2420037343061145,0.1348314606741573,0.4995156323398925,1.0,6/32,11.53%,MCM8;POLR1B;ORC3;SLC25A2;POLE3;ORC5
prerank,Synthesis Of Active Ubiquitin: Roles Of E1 And E2 Enzymes R-HSA-8866652,0.3124659256246377,1.2417835227617997,0.14772727272727273,0.4964885522554345,1.0,8/30,16.17%,UBE2G1;USP9X;UBE2A;UBE2K;USP7;UBE2Q2;UCHL3;UBA6
prerank,IRAK2 Mediated Activation Of TAK1 Complex Upon TLR7/8 Or 9 Stimulation R-HSA-975163,0.3879726310932869,1.2402505060099611,0.17777777777777778,0.49692196878751504,1.0,5/15,14.91%,TMED7-TICAM2;TLR4;TAB2;TAB3;TRAF6
prerank,RHOH GTPase Cycle R-HSA-9013407,0.29326668107108284,1.2400275762428352,0.11328125,0.49394225775416556,1.0,10/34,19.28%,VAMP3;RAB7A;OSBPL11;PKN2;ROCK1;ARHGDIB;ROCK2;UACA;VANGL1;TMEM59
prerank,Processing Of DNA Double-Strand Break Ends R-HSA-5693607,0.2515502504507994,1.2350937030181057,0.14673913043478262,0.5028865630759346,1.0,19/70,17.21%,RBBP8;HUS1;RNF168;H2BC15;H2BC12;TOPBP1;RAD50;POLR1B;BABAM2;H2BC21;MRE11;TIPIN;BRIP1;CHEK1;WRN;RMI2;RMI1;CCNA2;HERC2
prerank,Regulation Of PLK1 Activity At G2/M Transition R-HSA-2565942,0.2459333096650632,1.2348163827863663,0.09248554913294797,0.5000995643012449,1.0,24/86,16.96%,SKP1;MAPRE1;OPTN;PAFAH1B1;CEP76;TUBB4A;HAUS1;PPP1R12A;CEP192;CEP63;BORA;HAUS6;DYNLL1;AKAP9;CCP110;PLK4;CEP152;PPP1R12B;CLASP1;YWHAG;PCM1;FBXW11;HAUS2;NEDD1
prerank,Resolution Of D-Loop Structures R-HSA-5693537,0.29999161944624353,1.2327239012825804,0.15918367346938775,0.5019861277844472,1.0,15/34,25.19%,RAD51C;RBBP8;RAD50;MRE11;PALB2;BRIP1;WRN;RMI2;RMI1;BRCA1;ATM;RAD51AP1;EME1;BRCA2;EXO1
prerank,Nuclear Import Of Rev Protein R-HSA-180746,0.30227288811773406,1.2255654164362444,0.16279069767441862,0.5168678229912654,1.0,9/32,12.42%,NUP133;NUP88;NUP58;NUP107;RANBP2;TPR;NDC1;NUP54;NUP155
prerank,Constitutive Signaling By Aberrant PI3K In Cancer R-HSA-2219530,0.2602379573809761,1.2218101178889946,0.08888888888888889,0.5239402062194741,1.0,14/62,10.15%,FGF9;FGF1;ESR1;EGFR;EPGN;RAC2;ESR2;RNMT;FGF7;TGFA;PTPN11;STRN;FGF18;ERBB4
prerank,Estrogen-dependent Nuclear Events Downstream Of ESR-membrane Signaling R-HSA-9634638,0.3301763006062891,1.2197808471894007,0.18613138686131386,0.5259609149782363,1.0,6/24,10.36%,KCNH8;EGFR;EPGN;MAPK1;TGFA;PTK2
prerank,RHOV GTPase Cycle R-HSA-9013424,0.29491379990319805,1.216643896277387,0.15555555555555556,0.5309208007527335,1.0,11/37,15.02%,PEAK1;USP9X;TPM3;CLTC;IQGAP1;GIT2;PKN2;CCP110;MYO9A;CDC42;TPM4
prerank,Interleukin-12 Family Signaling R-HSA-447115,0.26989394245713694,1.2134758962103185,0.15879828326180256,0.536395497796434,1.0,14/48,15.52%,VAMP7;STAT4;JAK1;SNRPA1;STAT1;SERPINB2;PKN2;GSTA2;IL12RB2;CDC42;RALA;CANX;TCP1;IL12A
prerank,COPII-mediated Vesicle Transport R-HSA-204005,0.25387638256315165,1.2121599738865683,0.14018691588785046,0.5363370948379351,1.0,13/62,8.70%,NSF;SEC23IP;RAB1A;SEC24D;F8;SCFD1;SAR1B;USO1;PPP6C;CD59;LMAN1;SEC24B;TGFA
prerank,Activation Of IRF3/IRF7 Mediated By TBK1/IKK Epsilon R-HSA-936964,0.36285141299922086,1.2118286811833048,0.1986970684039088,0.5336326848620243,1.0,3/16,2.46%,TMED7-TICAM2;TBK1;TLR4
prerank,Glycogen Metabolism R-HSA-8982491,0.3201630058441485,1.2110242177048114,0.2074074074074074,0.5323497820180703,1.0,5/24,8.11%,GYG1;PHKB;UGP2;GBE1;PPP1R3C
prerank,Signaling By FGFR1 In Disease R-HSA-5655302,0.3081252270570377,1.2085602304563994,0.1875,0.5360120518795753,1.0,9/30,16.27%,FGF9;FGF1;ERLIN2;STAT1;ZMYM2;PIGU;PIK3CA;FRS2;SOS1
prerank,FGFR1 Mutant Receptor Activation R-HSA-1839124,0.32101306145511893,1.208312243739969,0.1950354609929078,0.5330556118551317,1.0,6/24,13.42%,FGF9;FGF1;ERLIN2;STAT1;ZMYM2;PIK3CA
prerank,JNK (c-Jun Kinases) Phosphorylation And Activation Mediated By Activated Human TAK1 R-HSA-450321,0.3553060616963611,1.207664477713148,0.18944099378881987,0.5311407659838129,1.0,7/17,17.03%,MAP2K4;MAPK9;TAB2;UBE2V1;TAB3;TRAF6;MAPK8
prerank,SUMOylation Of DNA Replication Proteins R-HSA-4615885,0.2811641895078354,1.2069095137550263,0.16182572614107885,0.5297679071628651,1.0,12/43,16.51%,NUP133;NUP88;NUP58;NUP107;RANBP2;TPR;NDC1;SUMO1;NUP54;NUP155;PCNA;NUP205
prerank,Scavenging By Class A Receptors R-HSA-3000480,0.36818554778886836,1.2061153244208993,0.20344827586206896,0.5290144592868995,1.0,3/16,4.33%,MSR1;SCGB3A2;APOB
prerank,FGFR2 Mutant Receptor Activation R-HSA-1839126,0.3215476068786008,1.2053646804677773,0.20717131474103587,0.5277472001458811,1.0,5/24,9.56%,FGF9;FGF1;NCBP2;FGF7;FGF18
prerank,Negative Regulation Of MET Activity R-HSA-6807004,0.3443819977851667,1.2014453904925408,0.20774647887323944,0.5344329429885162,1.0,6/20,8.53%,PTPRJ;STAM2;USP8;RNMT;STAM;PTPN2
prerank,Platelet Calcium Homeostasis R-HSA-418360,0.3351863184753794,1.1994172499233338,0.20972644376899696,0.5365315126050421,1.0,5/20,9.11%,ATP2A2;ITPR2;SLC8A1;ITPR1;SRI
prerank,Long-term Potentiation R-HSA-9620244,0.3189945622827721,1.1985848056077009,0.14563106796116504,0.5353512336611663,1.0,9/22,21.50%,GRIN2C;GRIN2A;NRGN;ERBB4;DLG1;GRIN2B;CALM1;NRG1;CAMK2D
prerank,"BMAL1:CLOCK,NPAS2 Activates Circadian Gene Expression R-HSA-1368108",0.3109287194253473,1.1907741172955761,0.19112627986348124,0.5542501445022453,1.0,7/27,10.12%,MBD4;BHLHE41;LIN9;BMAL2;CHD9;SERPINE1;CLOCK
prerank,HCMV Infection R-HSA-9609646,0.22804217435913127,1.1881927822654252,0.12578616352201258,0.5582176919847694,1.0,21/105,10.67%,KCNH8;EGFR;VPS36;VPS37A;NUP133;USH2A;H2BC15;NUP88;NUP58;NUP107;H2BC12;DYNC1I1;CBX1;RANBP2;H2BC21;H3C13;TPR;SUZ12;NDC1;NUP54;DYNLL1
prerank,RAC2 GTPase Cycle R-HSA-9013404,0.23507868353213757,1.187628731002539,0.15527950310559005,0.5565666266506603,1.0,26/83,17.70%,VAMP3;STBD1;RAB7A;TIAM1;TAOK3;IQGAP1;RAC2;ARHGAP21;LMAN1;GIT2;PKN2;LEMD3;GARRE1;ERBIN;PIK3CA;CDC42;DOCK10;DIAPH3;OPHN1;NCF2;BAIAP2L1;NCKAP1;ABI1;ARHGAP35;ABI2;VANGL1
prerank,Cell-Cell Communication R-HSA-1500931,0.22325081192549118,1.1842186033744397,0.08955223880597014,0.5630732292917167,1.0,18/109,10.36%,CDH10;CLDN23;CDH6;CDH18;CDH5;CDH2;FERMT2;NECTIN3;IQGAP1;CDH15;CDH11;PALS1;MAGI2;ACTN3;CTNNA1;PTPN11;PRKCI;PTK2
prerank,Signaling By MET R-HSA-6806834,0.24827252811093353,1.1836885398555095,0.15246636771300448,0.5609977002849332,1.0,14/60,13.42%,PTPRJ;STAM2;USP8;RAP1A;RNMT;DOCK7;STAM;PTPN2;PTPN11;ITGA2;RANBP9;PTK2;PIGU;PIK3CA
prerank,MAP3K8 (TPL2)-dependent MAPK1/3 Activation R-HSA-5684264,0.37090796385614705,1.1780715593983004,0.2484472049689441,0.5731529498026755,1.0,5/15,16.33%,SKP1;MAP2K4;MAP2K1;FBXW11;MAP3K8
prerank,SARS-CoV-2 Activates/Modulates Innate And Adaptive Immune Responses R-HSA-9705671,0.22891722353293106,1.1762331365345455,0.13970588235294118,0.5751789287143428,1.0,21/101,10.86%,TBK1;SEC24D;JAK1;G3BP2;TAB2;NUP133;SAR1B;NUP88;RIGI;NUP58;NUP107;RANBP2;STAT1;UBE2V1;PIK3C3;SEC24B;PTPN11;TPR;NDC1;NUP54;TAB3
prerank,Uptake And Actions Of Bacterial Toxins R-HSA-5339562,0.3074346759666616,1.17246268000963,0.23904382470119523,0.5822135718192603,1.0,5/27,1.79%,PDCD6IP;ANTXR1;MAP2K4;ANTXR2;SYT1
prerank,Platelet Aggregation (Plug Formation) R-HSA-76009,0.28874575235301037,1.1693190082082057,0.23552123552123552,0.5880536685262341,1.0,12/31,22.00%,APBB1IP;VWF;RAP1A;MPL;ADRA2A;PTK2;SOS1;GP5;ITGB3;RASGRP2;TTF2;CRK
prerank,G1/S Transition R-HSA-69206,0.2160487033367302,1.1690684390476687,0.13138686131386862,0.5854091812163462,1.0,34/128,18.75%,SKP1;PSMC2;MCM8;PSMA6;CDK7;PSMA3;LIN9;CDC25A;PPP2CB;PSMD6;POLR1B;RB1;PSMD5;PPP2CA;TFDP1;ORC3;PSMD10;PPP2R1B;SLC25A2;POLE3;ORC5;WEE1;PSMD14;PCNA;LIN52;PSME3;CCNA2;CCNE2;CCND1;PSMC1;CCNH;SKP2;LIN54;POLE2
prerank,Cardiac Conduction R-HSA-5576891,0.22850590650056984,1.168866579119912,0.16363636363636364,0.5827153186856138,1.0,14/97,9.11%,KCND2;ABCC9;ATP2A2;ITPR2;CORIN;SCN3A;PLN;SCN2A;NPR1;SLC8A1;CACNB2;ATP1A3;ITPR1;SRI
prerank,COPI-mediated Anterograde Transport R-HSA-6807878,0.23602478076295869,1.1668446734968962,0.16666666666666666,0.5853444267880562,1.0,23/77,18.61%,ARCN1;NSF;RAB1A;COPB1;KDELR2;KDELR3;GOLGB1;USO1;DYNC1I1;ARF4;CD59;CD55;DYNLL1;COG6;NAPG;TMED2;SPTA1;ACTR10;DYNLL2;COPG2;SPTBN4;COPB2;DYNC1LI1
prerank,Termination Of O-glycan Biosynthesis R-HSA-977068,0.3390563918872373,1.1664558754751422,0.25517241379310346,0.5831797546604849,1.0,6/20,15.31%,MUC17;MUC13;MUC4;ST6GALNAC2;MUC6;MUC12
prerank,E3 Ubiquitin Ligases Ubiquitinate Target Proteins R-HSA-8866654,0.2560764943280762,1.1660871086231521,0.16289592760180996,0.5809160692848568,1.0,10/51,10.54%,PEX2;CTR9;UBE2A;H2BC15;DERL1;H2BC12;HLTF;WAC;RRAGA;CDC73
prerank,ER To Golgi Anterograde Transport R-HSA-199977,0.21310576330809752,1.1620542375081775,0.13953488372093023,0.5895511841100076,1.0,21/127,8.70%,ARCN1;NSF;SEC23IP;RAB1A;SEC24D;COPB1;KDELR2;F8;KDELR3;SCFD1;SAR1B;GOLGB1;USO1;PPP6C;DYNC1I1;ARF4;CD59;LMAN1;CD55;SEC24B;TGFA
prerank,Intra-Golgi And Retrograde Golgi-to-ER Traffic R-HSA-6811442,0.20064816099230787,1.15428749227498,0.06862745098039216,0.6091339586682131,1.0,46/173,19.52%,ARCN1;NSF;PLA2G4A;VAMP3;RAB1A;COPB1;KDELR2;TGOLN2;RAB3GAP1;KDELR3;PAFAH1B1;GALNT2;KIF6;RINT1;TMF1;NAA35;DYNC1I1;VPS45;ARF4;DYNLL1;COG6;KIF16B;KIF5C;TRIP11;KIF5B;VPS54;NAPG;KIF2A;MAN2A1;ZW10;KIF3A;TMED2;KIFAP3;KIF18A;ACTR10;DYNLL2;COPG2;SNAP29;COPB2;KIF23;DYNC1LI1;GOLIM4;GOLGA4;KIF3C;RACGAP1;RAB6A
prerank,Integrin Signaling R-HSA-354192,0.30678384904030703,1.1530711028475853,0.22992700729927007,0.6095277661626448,1.0,7/24,18.84%,APBB1IP;VWF;RAP1A;PTK2;SOS1;ITGB3;RASGRP2
prerank,MyD88:MAL(TIRAP) Cascade Initiated On Plasma Membrane R-HSA-166058,0.21978962560760834,1.1527115810136905,0.14193548387096774,0.6071564715271583,1.0,21/107,11.12%,SKP1;IRAK4;MAP2K4;KCNH8;TLR4;MAPK9;MEF2A;USP18;TAB2;RPS6KA3;MAPK1;USP14;MAP2K1;PPP2CB;IRAK3;PPP2CA;UBE2V1;NKIRAS1;MEF2C;TAB3;PPP2R1B
prerank,SLC-mediated Transmembrane Transport R-HSA-425407,0.20190892796796703,1.151142927618687,0.08108108108108109,0.6083225290116047,1.0,37/199,12.33%,SLC4A4;SLC1A1;ARL2BP;SLC39A10;SLC38A4;SLC22A2;SLC9A8;SLC12A5;SLC41A1;SLC22A4;SLC5A12;SLC35D1;SLC15A4;SLC20A2;SLC9A4;CP;SLC31A1;SLC26A9;SLC8A1;SLC17A5;SLC38A2;SLC2A10;SLC30A1;SRI;SLC12A2;SLC30A6;SLC9A2;AHCYL2;RSC1A1;SLC17A7;SLC44A3;SLC18A2;SLCO2A1;PDZD11;SLC35A1;SLC12A6;SLC3A1
prerank,Serotonin Neurotransmitter Release Cycle R-HSA-181429,0.3396507950006056,1.1497876545774286,0.2465277777777778,0.6090514879985143,1.0,8/17,15.38%,RIMS1;SYT1;PPFIA1;PPFIA2;PPFIA4;SLC18A2;SYN3;STXBP1
prerank,Synthesis Of PIPs At Golgi Membrane R-HSA-1660514,0.34239196109078174,1.1487823918539146,0.26625386996904027,0.6087339551205098,1.0,5/16,12.58%,PIK3C2A;OCRL;FIG4;PIK3C3;SACM1L
prerank,Interactions Of Rev With Host Cellular Proteins R-HSA-177243,0.2800970015876294,1.14801473345919,0.24691358024691357,0.6077205964352954,1.0,9/35,12.42%,NUP133;NUP88;NUP58;NUP107;RANBP2;TPR;NDC1;NUP54;NUP155
prerank,Acyl Chain Remodelling Of PG R-HSA-1482925,0.3430272728267395,1.1457874248696458,0.2714285714285714,0.6112443238164832,1.0,3/15,6.46%,PLA2G4A;PLA2G5;CRLS1
prerank,TRAF6-mediated Induction Of TAK1 Complex Within TLR4 Complex R-HSA-937072,0.35361479512389593,1.1456836400822896,0.2662337662337662,0.6083234158528276,1.0,3/16,3.75%,TMED7-TICAM2;TLR4;TAB2
prerank,Signaling By FGFR2 In Disease R-HSA-5655253,0.27398110701311057,1.142927428601698,0.20851063829787234,0.6133196504408215,1.0,9/33,16.27%,FGF9;FGF1;NCBP2;FGF7;FGF18;PIGU;PIK3CA;FRS2;SOS1
prerank,O-linked Glycosylation R-HSA-5173105,0.22378261038211977,1.142703561746995,0.19767441860465115,0.6108505434259265,1.0,20/92,12.70%,GALNT5;THSD7B;MUC17;GCNT4;GALNT10;ADAMTSL3;MUC13;GALNTL6;GALNT2;ADAMTS18;MUC4;ADAMTSL1;GCNT1;THSD4;ST6GALNAC2;SBSPON;ADAMTS16;THBS1;MUC6;B3GLCT
prerank,Ion Transport By P-type ATPases R-HSA-936837,0.26400897004258084,1.1423539553994362,0.25384615384615383,0.6086171489872544,1.0,18/47,25.12%,ATP2A2;ATP10D;PLN;ATP8B1;ATP1A3;SRI;ATP11B;PDZD11;ATP2C1;ATP8B4;ATP2B4;ATP11C;CALM1;CAMK2D;ATP2A3;ATP4B;ATP10A;ATP10B
prerank,HDR Thru Homologous Recombination (HRR) R-HSA-5685942,0.23655816199588792,1.1324808756418852,0.19704433497536947,0.6356996131786048,1.0,17/65,15.95%,RAD51C;RBBP8;HUS1;TOPBP1;RAD50;POLR1B;MRE11;POLK;PALB2;POLE3;POLH;BRIP1;PCNA;CHEK1;WRN;RMI2;RMI1
prerank,Signaling By ALK Fusions And Activated Point Mutants R-HSA-9725370,0.24432939105301676,1.1312875265862488,0.23809523809523808,0.6358976432678335,1.0,14/55,15.88%,SKP1;EIF2AK3;TPM3;CLTC;LMO7;MAPK1;RANBP2;STRN;TPR;KIF5B;PIK3CA;TFG;TPM4;FRS2
prerank,Antigen Processing: Ubiquitination And Proteasome Degradation R-HSA-983168,0.18623570730442895,1.129657528190991,0.11864406779661017,0.6377634614055047,1.0,55/288,13.59%,FBXW7;SKP1;KLHL2;ELOC;UBE4A;UBE2G1;PSMC2;UFL1;UBE2A;CUL2;FBXO4;FBXO30;FBXO32;FBXO7;FBXO9;PSMA6;TRIM69;HERC6;TRIM32;ASB2;WWP1;LMO7;FBXL5;PSMA3;UBE2K;RNF19A;PSMD6;TRIP12;NEDD4;PSMD5;KCTD7;HECW2;UBE2V1;ASB14;UBR1;HECTD2;CDC27;RNF7;DZIP3;UBR2;BTBD1;CBLB;FBXW12;ANAPC1;PSMD10;ANAPC4;SIAH2;CDC26;FBXW8;UBE2F;UBE2E2;UBA3;UBE2Q2;DTX3L;PSMD14
prerank,Mitotic Prometaphase R-HSA-68877,0.1978398861300878,1.128515504626601,0.1595744680851064,0.6376923269307723,1.0,44/183,16.96%,CLASP2;CLIP1;AHCTF1;MAPRE1;PAFAH1B1;NUP133;TAOK1;CEP76;NUP107;DYNC1I1;TUBB4A;HAUS1;RANBP2;WAPL;PPP2CB;CENPN;SPDL1;PPP2CA;CEP192;CEP63;HAUS6;PDS5A;DYNLL1;AKAP9;PPP2R1B;CCP110;CENPU;PLK4;ZWILCH;PDS5B;CEP152;KIF2A;CLASP1;ERCC6L;CENPP;YWHAG;PCM1;ZW10;KIF18A;DSN1;NEK7;HAUS2;DYNLL2;NEDD1
prerank,Spry Regulation Of FGF Signaling R-HSA-1295596,0.3442595925791769,1.1241762950671752,0.28013029315960913,0.6478229011811979,1.0,5/16,8.71%,MAPK1;BRAF;PPP2CB;PPP2CA;PTPN11
prerank,COPI-dependent Golgi-to-ER Retrograde Traffic R-HSA-6811434,0.2337448284550866,1.121483567948696,0.2265193370165746,0.6532619645796464,1.0,24/73,19.48%,ARCN1;NSF;RAB1A;COPB1;KDELR2;KDELR3;KIF6;RINT1;ARF4;KIF16B;KIF5C;KIF5B;NAPG;KIF2A;ZW10;KIF3A;TMED2;KIFAP3;KIF18A;COPG2;COPB2;KIF23;KIF3C;RACGAP1
prerank,Cyclin A/B1/B2 Associated Events During G2/M Transition R-HSA-69273,0.298262697092653,1.1200141710578666,0.2977941176470588,0.6544047772955336,1.0,8/25,17.84%,CDK7;CDC25A;PPP2CB;PPP2CA;PPP2R1B;WEE1;CCNA2;CCNH
prerank,Ub-specific Processing Proteases R-HSA-5689880,0.19710591789112408,1.114347550599179,0.18947368421052632,0.6692069480853565,1.0,41/172,16.20%,MDM2;IDE;USP9X;PSMC2;STAM2;USP25;USP18;H2BC15;PSMA6;VDAC1;RIGI;USP8;USP48;H2BC12;USP32;PSMA3;USP14;TNKS2;CDC25A;HIF1A;USP15;PSMD6;PSMD5;H2BC21;USP12;USP7;PTRH2;USP33;CYLD;PSMD10;CCP110;SIAH2;VDAC2;RNF128;PSMD14;USP34;TANK;TRAF6;PSME3;CCNA2;USP24
prerank,Oncogenic MAPK Signaling R-HSA-6802957,0.22861133723559365,1.1120856042160496,0.22950819672131148,0.6734052808940836,1.0,10/73,6.45%,APBB1IP;CNKSR2;VWF;AGGF1;AP3B1;IQGAP1;RAP1A;MAPK1;BRAF;MAP2K1
prerank,NS1 Mediated Effects On Host Pathways R-HSA-168276,0.25801982116971367,1.1110332323795886,0.25327510917030566,0.6733750469884924,1.0,11/40,12.69%,NUP133;NUP88;NUP58;NUP107;EIF2AK2;RANBP2;TPR;NDC1;NUP54;NUP155;KPNA1
prerank,Mitotic Anaphase R-HSA-68882,0.18488049047338503,1.1036008017028307,0.15384615384615385,0.6948830587511386,1.0,53/225,17.02%,CLASP2;PSMC2;CLIP1;AHCTF1;MAPRE1;PAFAH1B1;NUP133;TAOK1;PSMA6;NUP58;NUP107;DYNC1I1;TUBB4A;PSMA3;RANBP2;WAPL;PPP2CB;PSMD6;CENPN;PSMD5;SPDL1;PPP2CA;SPAST;CDC27;NDC1;SUMO1;TUBB6;LEMD3;NUP54;PDS5A;DYNLL1;ANAPC1;PSMD10;PPP2R1B;CENPU;ANAPC4;CDC26;NUP155;ZWILCH;PDS5B;KIF2A;CLASP1;PSMD14;ERCC6L;CENPP;CDC16;ZW10;KIF18A;PSME3;DSN1;NUP205;DYNLL2;PSMC1
prerank,Signaling By WNT In Cancer R-HSA-4791275,0.2757069674301928,1.103414496104557,0.2868217054263566,0.6921174069627851,1.0,9/31,11.12%,FZD4;DKK1;KREMEN2;FZD6;TNKS2;PPP2CB;PPP2CA;LRP6;PPP2R1B
prerank,O-glycosylation Of TSR Domain-Containing Proteins R-HSA-5173214,0.270822204874034,1.1007496197891522,0.2923728813559322,0.6977343773330229,1.0,9/34,12.70%,THSD7B;ADAMTSL3;ADAMTS18;ADAMTSL1;THSD4;SBSPON;ADAMTS16;THBS1;B3GLCT
prerank,Defective B3GALTL Causes PpS R-HSA-5083635,0.27241816505921246,1.100020237684028,0.2938775510204082,0.6969312873664317,1.0,9/33,12.70%,THSD7B;ADAMTSL3;ADAMTS18;ADAMTSL1;THSD4;SBSPON;ADAMTS16;THBS1;B3GLCT
prerank,Interferon Signaling R-HSA-913531,0.19567595051495668,1.0999182623919541,0.22641509433962265,0.6937987805959822,1.0,39/177,13.58%,GBP7;JAK1;MID1;USP18;PIAS1;NUP133;ARIH1;EIF4G2;NUP88;RIGI;TRIM22;TRIM6-TRIM34;NUP58;NUP107;EIF2AK2;RANBP2;IRF4;OAS2;NEDD4;STAT1;SAMHD1;PTPN2;PTPN11;TPR;NDC1;GBP5;SUMO1;ABCE1;GBP2;NUP54;EIF4G3;XAF1;TRIM2;NUP155;KPNA1;IRF2;IFIT1;IFIT2;SP100
prerank,RHOBTB1 GTPase Cycle R-HSA-9013422,0.29657338208248496,1.0997418006469737,0.3300653594771242,0.6908803521408564,1.0,7/23,14.91%,COPS4;COPS2;MYO6;ROCK1;ROCK2;SRRM1;RBBP6
prerank,Myogenesis R-HSA-525793,0.2920825264478122,1.0985260994946076,0.2909698996655518,0.6914861944777911,1.0,8/23,13.88%,CDH2;NEO1;MEF2A;CDH15;CTNNA1;MEF2C;SPAG9;CDC42
prerank,Mitotic Metaphase And Anaphase R-HSA-2555396,0.18380659673601976,1.0984492125079666,0.16129032258064516,0.6884066247858366,1.0,53/226,17.02%,CLASP2;PSMC2;CLIP1;AHCTF1;MAPRE1;PAFAH1B1;NUP133;TAOK1;PSMA6;NUP58;NUP107;DYNC1I1;TUBB4A;PSMA3;RANBP2;WAPL;PPP2CB;PSMD6;CENPN;PSMD5;SPDL1;PPP2CA;SPAST;CDC27;NDC1;SUMO1;TUBB6;LEMD3;NUP54;PDS5A;DYNLL1;ANAPC1;PSMD10;PPP2R1B;CENPU;ANAPC4;CDC26;NUP155;ZWILCH;PDS5B;KIF2A;CLASP1;PSMD14;ERCC6L;CENPP;CDC16;ZW10;KIF18A;PSME3;DSN1;NUP205;DYNLL2;PSMC1
prerank,PI3K/AKT Signaling In Cancer R-HSA-2219528,0.21445138282876786,1.0946796635905465,0.24489795918367346,0.6982537942713317,1.0,16/88,10.15%,FGF9;FGF1;ESR1;MDM2;MAPKAP1;EGFR;EPGN;RAC2;ESR2;RNMT;FGF7;TGFA;PTPN11;STRN;FGF18;ERBB4
prerank,RHOQ GTPase Cycle R-HSA-9013406,0.23006042025463047,1.093381011607009,0.30412371134020616,0.6991656662665066,1.0,18/58,17.70%,VAMP3;RAB7A;ARL13B;IQGAP1;ARHGAP21;FNBP1;ARHGEF9;GIT2;PKN2;GOPC;CPNE8;CDC42BPA;CDC42;DIAPH3;OPHN1;ARHGAP5;ARHGAP35;VANGL1
prerank,HDR Thru Single Strand Annealing (SSA) R-HSA-5685938,0.26336100562924764,1.0933733896411884,0.30434782608695654,0.6958486361051598,1.0,11/35,17.30%,RBBP8;HUS1;TOPBP1;RAD50;POLR1B;MRE11;BRIP1;WRN;RMI2;RMI1;ERCC4
prerank,Gap Junction Trafficking And Regulation R-HSA-157858,0.30925234264558416,1.0924484719208498,0.31679389312977096,0.6955726290516207,1.0,5/22,7.88%,GJD2;CLTC;TJP1;MYO6;DAB2
prerank,Recruitment And ATM-mediated Phosphorylation Of Repair And Signal Proteins At DNA Double Strand Breaks R-HSA-5693565,0.2430832702786078,1.0918255360706084,0.2885572139303483,0.6943941557665722,1.0,11/52,9.23%,EYA2;RNF168;SMARCA5;H2BC15;H2BC12;RAD50;BABAM2;H2BC21;MRE11;SUMO1;EYA4
prerank,Sema4D Induced Cell Migration And Growth-Cone Collapse R-HSA-416572,0.30905501668306096,1.0888417909339527,0.3289036544850498,0.7012505379510294,1.0,7/19,17.60%,RHOA;MYL12B;ARHGEF12;ROCK1;ROCK2;LIMK2;MYH10
prerank,SUMOylation Of Chromatin Organization Proteins R-HSA-4551638,0.23568826626695114,1.0839373878051106,0.296137339055794,0.7140413348437967,1.0,11/53,10.04%,PIAS1;NUP133;NUP88;NUP58;NUP107;RANBP2;TPR;SUZ12;NDC1;SUMO1;NUP54
prerank,Nicotinamide Salvaging R-HSA-197264,0.3203657300876829,1.0816878046916358,0.3470790378006873,0.7188926411686171,1.0,4/17,7.76%,PTGIS;PARP9;RNLS;PARP14
prerank,Regulation Of RUNX2 Expression And Activity R-HSA-8939902,0.22385916130149,1.0804593283381758,0.3103448275862069,0.7199718585108461,1.0,10/68,7.52%,FBXW7;SKP1;ESR1;PSMC2;PSMA6;WWP1;PSMA3;PSMD6;PSMD5;STAT1
prerank,Switching Of Origins To A Post-Replicative State R-HSA-69052,0.21293816548590278,1.0741387316406585,0.25139664804469275,0.7380583344448891,1.0,21/87,17.02%,SKP1;PSMC2;MCM8;PSMA6;PSMA3;PSMD6;PSMD5;ORC3;CDC27;ANAPC1;PSMD10;SLC25A2;ANAPC4;ORC5;CDC26;PSMD14;CDC16;PSME3;CCNA2;CCNE2;PSMC1
prerank,Dopamine Neurotransmitter Release Cycle R-HSA-212676,0.2869913870803416,1.0736282226389655,0.33948339483394835,0.7365533494503792,1.0,7/22,12.37%,RIMS1;SYT1;PPFIA1;PPFIA2;PPFIA4;SLC18A2;SYN3
prerank,EPHA-mediated Growth Cone Collapse R-HSA-3928663,0.3329252432289299,1.070809441280482,0.329153605015674,0.7422780488342126,1.0,5/15,17.60%,RHOA;MYL12B;ROCK1;ROCK2;MYH10
prerank,Class I MHC Mediated Antigen Processing And Presentation R-HSA-983169,0.17124026995413913,1.0704749792859618,0.20930232558139536,0.7399764289277354,1.0,78/348,17.49%,FBXW7;SKP1;KLHL2;ELOC;UBE4A;VAMP3;SEC24D;UBE2G1;PSMC2;UFL1;TLR4;UBE2A;CUL2;FBXO4;FBXO30;FBXO32;FBXO7;SAR1B;FBXO9;PSMA6;TRIM69;HERC6;TRIM32;ASB2;WWP1;LMO7;FBXL5;PSMA3;UBE2K;RNF19A;PSMD6;TRIP12;NEDD4;PSMD5;KCTD7;HECW2;UBE2V1;PIK3C3;ASB14;UBR1;HECTD2;SEC24B;CDC27;RNF7;DZIP3;UBR2;SEC61A2;BTBD1;CBLB;FBXW12;ANAPC1;PSMD10;ANAPC4;SIAH2;CDC26;FBXW8;UBE2F;UBE2E2;UBA3;UBE2Q2;DTX3L;PSMD14;HERC5;RBBP6;CANX;NCF2;FBXW11;CDC16;UBE3A;PSME3;UBA5;UBA6;PSMC1;RNF14;HERC2;FBXL7;LTN1;B2M
prerank,Deadenylation Of mRNA R-HSA-429947,0.28727114116589475,1.0672276480002794,0.33941605839416056,0.7473517406962785,1.0,6/23,12.67%,TUT7;CNOT1;CNOT7;PARN;CNOT4;CNOT2
prerank,trans-Golgi Network Vesicle Budding R-HSA-199992,0.22306350528011085,1.0628117452724888,0.3229166666666667,0.7593016573145096,1.0,11/69,7.33%,VAMP7;PIK3C2A;TGOLN2;AP1G1;PICALM;AP4E1;AP3B1;GOLGB1;CLTC;OCRL;CLINT1
prerank,Nuclear Events (Kinase And Transcription Factor Activation) R-HSA-198725,0.22881820701747385,1.0627302241383876,0.3424657534246575,0.7561119582968322,1.0,12/57,12.15%,ID3;KCNH8;MEF2A;RPS6KA3;MAPK1;PPP2CB;PPP2CA;F3;MEF2C;ARC;PPP2R1B;SGK1
prerank,"Synthesis, Secretion, And Deacylation Of Ghrelin R-HSA-422085",0.3382426460965689,1.062433926911284,0.3525641025641026,0.7537542730096523,1.0,3/15,10.96%,LEP;BCHE;IGF1
prerank,DNA Double Strand Break Response R-HSA-5693606,0.2357441951372352,1.0610828498956446,0.35,0.7551706396844452,1.0,11/53,9.23%,EYA2;RNF168;SMARCA5;H2BC15;H2BC12;RAD50;BABAM2;H2BC21;MRE11;SUMO1;EYA4
prerank,Asparagine N-linked Glycosylation R-HSA-446203,0.17540350637960728,1.059357925630178,0.27450980392156865,0.758035694277711,1.0,50/265,13.99%,ARCN1;UAP1;NSF;SEC23IP;DAD1;RAB1A;SEC24D;ALG8;COPB1;KDELR2;F8;KDELR3;ASGR1;SCFD1;SAR1B;CMAS;GOLGB1;USO1;DERL1;NGLY1;PPP6C;DYNC1I1;ARF4;CD59;LMAN1;MARCHF6;SLC17A5;CD55;B4GALT4;GNE;SEC24B;TGFA;ST6GALNAC2;SRD5A3;ALG13;DYNLL1;COG6;PGM3;FPGT;SLC35A1;FUT8;SEC22A;NAPG;ST8SIA4;MGAT5;MAN2A1;NANP;RENBP;TFG;SEL1L
prerank,Conversion From APC/C:Cdc20 To APC/C:Cdh1 In Late Anaphase R-HSA-176407,0.29672728893058115,1.0591270764165377,0.3548387096774194,0.7554133157687855,1.0,6/20,15.43%,CDC14A;CDC27;ANAPC1;ANAPC4;CDC26;CDC16
prerank,RAB GEFs Exchange GTP For GDP On RABs R-HSA-8876198,0.2051080366029327,1.0574591066810966,0.3131868131868132,0.7580092124955708,1.0,14/87,10.01%,CCZ1B;TRAPPC13;RAB1A;DENND2C;RAB3GAP1;RAB7A;TRAPPC8;RABGEF1;RAB10;DENND4A;TRAPPC11;RAB31;RAB14;DENND3
prerank,DNA Double-Strand Break Repair R-HSA-5693532,0.19669421398873152,1.0560108383017592,0.30303030303030304,0.7599174406604747,1.0,34/139,17.30%,EYA2;RAD51C;XRCC4;RBBP8;HUS1;TDP2;RNF168;SMARCA5;PARP2;H2BC15;H2BC12;TOPBP1;RAD50;POLR1B;BABAM2;H2BC21;MRE11;POLK;PALB2;SUMO1;EYA4;POLE3;POLH;TIPIN;BRIP1;PCNA;CHEK1;WRN;RMI2;RMI1;CCNA2;MAPK8;HERC2;ERCC4
prerank,Hemostasis R-HSA-109582,0.16370469849984423,1.0556530047812813,0.2777777777777778,0.7579144146741666,1.0,89/498,13.90%,APBB1IP;PDE1A;VEGFC;GYPE;RAD51C;ITGA1;PLA2G4A;ATP2A2;PSG5;KNG1;ITPR2;PHACTR2;GATA6;PSG2;TEK;FAM3C;F8;IRAG1;VWF;THBD;SRGN;RHOA;PSG8;APOB;PSG3;DGKA;KIF6;PRKG2;SERPINB8;ENDOD1;RAC2;RAP1A;MAPK1;PDE1B;PRCP;CARMIL1;CD177;LCP2;MPL;VPS45;PPP2CB;DOCK7;SLC8A1;GRB14;DGKI;PPP2CA;ITPR1;SERPINE1;LHFPL2;PDE2A;ZNF160;SERPINB2;H3C13;KLKB1;PTPN11;DGKH;ORM1;ITGA2;SRI;PRKCH;F3;ADRA2A;ITGA4;PTK2;TIMP3;IGF1;CALU;PPP2R1B;PCDH7;KCNMB1;KIF16B;DOCK5;KIF5C;STXBP3;WEE1;KIF5B;THBS1;IRF2;PF4;VTI1B;ZFPM2;KIF2A;MMP1;PIK3CA;SIRPG;GNG10;MYB;CDC42;DOCK10
prerank,Signaling By TGFB Family Members R-HSA-9006936,0.1928973914613897,1.054325952333524,0.28888888888888886,0.7589333472519443,1.0,16/113,8.10%,GREM2;TGFBR2;INHBA;SRFBP1;USP9X;SMAD9;BMPR1A;CDK8;RHOA;NOG;MAPK1;USP15;STAT1;TFDP1;ACVR1C;SERPINE1
prerank,Mismatch Repair R-HSA-5358508,0.31557314712479456,1.052698409207239,0.33986928104575165,0.7611963226849182,1.0,3/15,7.23%,MLH1;MSH3;POLR1B
prerank,Phototransduction Cascade R-HSA-2514856,0.27558083384456844,1.051708855164601,0.3111888111888112,0.7613097652854246,1.0,6/25,10.33%,METAP2;RCVRN;METAP1;GRK4;RNF7;CNGB1
prerank,Diseases Associated With O-glycosylation Of Proteins R-HSA-3906995,0.22232152119420878,1.050778780967298,0.33636363636363636,0.7608561020974913,1.0,15/60,15.46%,THSD7B;MUC17;ADAMTSL3;MUC13;ADAMTS18;MUC4;ADAMTSL1;THSD4;SBSPON;ADAMTS16;THBS1;MUC6;B3GLCT;MUC12;GALNT12
prerank,Assembly Of Pre-Replicative Complex R-HSA-68867,0.2034111671011633,1.0497193848025292,0.3431952662721893,0.7608606519530889,1.0,21/97,13.59%,PSMC2;MCM8;H2BC15;PSMA6;H2BC12;PSMA3;PSMD6;PSMD5;H2BC21;H3C13;ORC3;CDC27;ANAPC1;PSMD10;SLC25A2;ANAPC4;ORC5;CDC26;KPNA1;H2AJ;PSMD14
prerank,DNA Replication Pre-Initiation R-HSA-69002,0.19799906734100772,1.0455564363897705,0.3137254901960784,0.7724600648770146,1.0,23/114,13.59%,PSMC2;MCM8;H2BC15;PSMA6;H2BC12;PSMA3;PSMD6;POLR1B;PSMD5;H2BC21;H3C13;ORC3;CDC27;ANAPC1;PSMD10;SLC25A2;ANAPC4;POLE3;ORC5;CDC26;KPNA1;H2AJ;PSMD14
prerank,"Inactivation, Recovery And Regulation Of Phototransduction Cascade R-HSA-2514859",0.277557055044048,1.0455554441152726,0.323943661971831,0.7691869290088916,1.0,6/24,10.33%,METAP2;RCVRN;METAP1;GRK4;RNF7;CNGB1
prerank,M Phase R-HSA-68886,0.1677913085471205,1.0446269505288672,0.1951219512195122,0.7691147345013954,1.0,82/356,17.02%,RAB1A;CLASP2;PSMC2;CLIP1;AHCTF1;MAPRE1;PAFAH1B1;NUP133;USO1;TAOK1;H2BC15;PSMA6;NUP88;CEP76;BLZF1;MAPK1;NUP58;NUP107;H2BC12;DYNC1I1;TUBB4A;PSMA3;HAUS1;RANBP2;WAPL;PPP2CB;PSMD6;CENPN;RB1;PSMD5;SPDL1;PPP2CA;H2BC21;CEP192;CEP63;H3C13;SPAST;CDC27;TPR;NDC1;SUMO1;TUBB6;LEMD3;HAUS6;NUP54;PDS5A;GORASP2;DYNLL1;AKAP9;ANAPC1;PSMD10;PPP2R1B;CCP110;CENPU;ANAPC4;PLK4;CDC26;NUP155;ZWILCH;PDS5B;CEP152;H2AJ;KIF2A;CLASP1;MASTL;PSMD14;ERCC6L;CENPP;YWHAG;PCM1;CDC16;ZW10;KIF18A;PSME3;NIPBL;DSN1;NUP205;NEK7;HAUS2;DYNLL2;NEDD1;PSMC1
prerank,Diseases Associated With TLR Signaling Cascade R-HSA-5602358,0.2638902740697494,1.0446201360777787,0.3745704467353952,0.7658914322031334,1.0,3/26,2.46%,IRAK4;TLR3;TLR4
prerank,Cargo Concentration In ER R-HSA-5694530,0.25873903542015614,1.0414083061487374,0.4197080291970803,0.7733133755594288,1.0,7/29,8.70%,SEC24D;F8;SAR1B;CD59;LMAN1;SEC24B;TGFA
prerank,RNA Polymerase III Transcription Termination R-HSA-73980,0.2844574429772257,1.037637340784028,0.362962962962963,0.7829949979991997,1.0,4/21,7.34%,POLR3F;NFIA;POLR3B;POLR3E
prerank,Transport To Golgi And Subsequent Modification R-HSA-948021,0.1835319233651755,1.035989682167391,0.3442622950819672,0.7855707262157976,1.0,30/152,13.87%,ARCN1;NSF;SEC23IP;RAB1A;SEC24D;COPB1;KDELR2;F8;KDELR3;SCFD1;SAR1B;GOLGB1;USO1;PPP6C;DYNC1I1;ARF4;CD59;LMAN1;CD55;B4GALT4;SEC24B;TGFA;DYNLL1;COG6;FUT8;SEC22A;NAPG;MGAT5;MAN2A1;TFG
prerank,SUMOylation Of DNA Damage Response And Repair Proteins R-HSA-3108214,0.2105826077706811,1.0354683394401625,0.3989071038251366,0.7841306439931344,1.0,14/73,10.04%,XRCC4;RNF168;PIAS1;NUP133;NUP88;NUP58;NUP107;EID3;RANBP2;SMC6;TPR;NDC1;SUMO1;NUP54
prerank,HDR Thru Homologous Recombination (HRR) Or Single Strand Annealing (SSA) R-HSA-5693567,0.1999390996665263,1.03537515448123,0.37583892617449666,0.781187339133184,1.0,26/104,17.30%,RAD51C;RBBP8;HUS1;RNF168;H2BC15;H2BC12;TOPBP1;RAD50;POLR1B;BABAM2;H2BC21;MRE11;POLK;PALB2;POLE3;POLH;TIPIN;BRIP1;PCNA;CHEK1;WRN;RMI2;RMI1;CCNA2;HERC2;ERCC4
prerank,Interleukin-1 Signaling R-HSA-9020702,0.1970606247184046,1.0295121937047202,0.3939393939393939,0.7980044476807117,1.0,16/110,8.78%,SKP1;IRAK4;MAP2K4;IL1RAP;PSMC2;USP18;TAB2;PSMA6;PSMA3;USP14;MAP2K1;PSMD6;PSMD5;IRAK3;UBE2V1;NKIRAS1
prerank,Regulation Of TP53 Activity Thru Phosphorylation R-HSA-6804756,0.20129108162624812,1.028045570137172,0.39751552795031053,0.8001152460984393,1.0,20/86,16.02%,RBBP8;MDM2;TAF2;HUS1;PRKAG2;TOPBP1;RAD50;POLR1B;PRKAA1;MRE11;TAF13;PRKAB2;BRIP1;CHEK1;DYRK2;WRN;RMI2;RMI1;PDZD2;CCNA2
prerank,Homology Directed Repair R-HSA-5693538,0.1983547055721334,1.0280165996469388,0.39552238805970147,0.7969347739095638,1.0,27/109,17.30%,RAD51C;RBBP8;HUS1;RNF168;PARP2;H2BC15;H2BC12;TOPBP1;RAD50;POLR1B;BABAM2;H2BC21;MRE11;POLK;PALB2;POLE3;POLH;TIPIN;BRIP1;PCNA;CHEK1;WRN;RMI2;RMI1;CCNA2;HERC2;ERCC4
prerank,Diseases Of Signal Transduction By Growth Factor Receptors And Second Messengers R-HSA-5663202,0.16688326013231677,1.0261637224003697,0.36,0.8005233510408212,1.0,53/392,8.91%,APBB1IP;FBXW7;FGF9;TGFBR2;SKP1;FZD4;FGF1;ESR1;MDM2;EIF2AK3;DKK1;MAPKAP1;PSMC2;CNKSR2;VWF;EGFR;TPM3;AGGF1;CDK8;EPGN;AP3B1;GOLGB1;CLTC;PSMA6;IQGAP1;RAC2;LMO7;MAML2;RAP1A;MAPK1;KREMEN2;FZD6;NCBP2;BRAF;PSMA3;RANBP2;PTPN12;TNKS2;MAP2K1;ESR2;RNMT;PPP2CB;PSMD6;ERLIN2;PSMD5;PPP2CA;STAT1;ERLEC1;FGF7;TGFA;PTPN11;STRN;TPR
prerank,S Phase R-HSA-69242,0.1843431838430935,1.025859534681868,0.3894736842105263,0.798287766719591,1.0,41/158,18.76%,SKP1;PSMC2;MCM8;PSMA6;CDK7;PSMA3;WAPL;LIN9;CDC25A;PSMD6;POLR1B;RB1;PSMD5;TFDP1;ORC3;CDC27;PDS5A;ESCO1;ANAPC1;PSMD10;SLC25A2;ANAPC4;POLE3;ORC5;WEE1;CDC26;PDS5B;PSMD14;PCNA;CDC16;LIN52;PSME3;CCNA2;CCNE2;CCND1;PSMC1;CCNH;SKP2;LIN54;POLE2;ESCO2
prerank,Ion Channel Transport R-HSA-983712,0.18512983587277682,1.0256513836430166,0.4076923076923077,0.7958724694697156,1.0,30/153,15.45%,SLC9B2;ATP2A2;TRPC4;ATP6V0E1;BEST3;ATP10D;ATP6V1E1;OSTM1;SGK3;PLN;WWP1;WNK1;NALCN;ATP6V1D;TRPM7;ATP8B1;ATP1A3;SRI;CLCN5;ATP11B;ATP6V1C1;PDZD11;ATP2C1;SGK1;RYR2;TRPC1;ANO7;SLC9C1;ANO6;ATP8B4
prerank,RAF-independent MAPK1/3 Activation R-HSA-112409,0.286255631665703,1.0255258701796748,0.4098939929328622,0.7932402400960383,1.0,5/22,8.71%,JAK1;PEA15;MAPK1;MAP2K1;PTPN11
prerank,Positive Epigenetic Regulation Of rRNA Expression R-HSA-5250913,0.21848538483049695,1.024752456710992,0.37735849056603776,0.7928644605252461,1.0,9/61,8.51%,MYO1E;TAF1B;ERCC6;SMARCA5;H2BC15;H2BC12;POLR1B;H2BC21;H3C13
prerank,Inwardly Rectifying K+ Channels R-HSA-1296065,0.26194749814147394,1.0212470118097263,0.44047619047619047,0.8018121534328017,1.0,2/30,0.13%,KCNJ8;ABCC9
prerank,Negative Regulation Of NOTCH4 Signaling R-HSA-9604323,0.22609864608491134,1.0204838374405416,0.38271604938271603,0.8010241566982523,1.0,7/52,7.42%,FBXW7;SKP1;PSMC2;PSMA6;PSMA3;PSMD6;PSMD5
prerank,RNA Polymerase III Transcription Initiation From Type 2 Promoter R-HSA-76066,0.25694073899874803,1.0168330549282243,0.427536231884058,0.8105281167585145,1.0,5/26,7.76%,POLR3F;GTF3C2;POLR3B;POLR3E;GTF3C3
prerank,Meiosis R-HSA-1500620,0.20695189809932682,1.016468558749806,0.39086294416243655,0.8087315867523479,1.0,12/69,8.51%,RAD51C;RBBP8;MLH1;H2BC15;H2BC12;RAD50;MLH3;POLR1B;H2BC21;TERF1;MRE11;H3C13
prerank,Host Interactions Of HIV Factors R-HSA-162909,0.18922169103604072,1.0162525570341283,0.41496598639455784,0.8062261779711885,1.0,28/122,17.79%,SKP1;ELOC;PSMC2;AP1G1;NUP133;PSMA6;NUP88;NUP58;NUP107;PSMA3;RANBP2;PSMD6;PSMD5;TPR;NDC1;PKN2;NUP54;CCNT1;PSMD10;NUP155;KPNA1;PSMD14;PSME3;NUP205;PSMC1;PACS1;B2M;AP2B1
prerank,Aberrant Regulation Of Mitotic Exit In Cancer Due To RB1 Defects R-HSA-9687136,0.28827596694743224,1.0137000522603588,0.4036363636363636,0.8115005068175131,1.0,7/20,18.53%,RB1;CDC27;ANAPC1;ANAPC4;CDC26;CDC16;SKP2
prerank,Caspase Activation Via Extrinsic Apoptotic Signaling Pathway R-HSA-5357769,0.2668894700414878,1.0109392955953551,0.4154929577464789,0.8183211889406925,1.0,2/24,2.46%,TMED7-TICAM2;TLR4
prerank,Common Pathway Of Fibrin Clot Formation R-HSA-140875,0.30186257773456476,1.0099527618423583,0.4482758620689655,0.8187495538756044,1.0,9/17,21.41%,F8;THBD;CD177;PF4;PROCR;PROS1;SERPINA5;SERPIND1;TTF2
prerank,HCMV Late Events R-HSA-9610379,0.20832680666820683,1.0097547987764495,0.4689265536723164,0.8165243328100471,1.0,14/75,10.04%,VPS36;VPS37A;NUP133;H2BC15;NUP88;NUP58;NUP107;H2BC12;RANBP2;H2BC21;H3C13;TPR;NDC1;NUP54
prerank,MET Promotes Cell Motility R-HSA-8875878,0.253446196945061,1.0087327008907923,0.41935483870967744,0.8169336700197319,1.0,6/28,11.89%,RAP1A;RNMT;DOCK7;ITGA2;PTK2;PIGU
prerank,Interleukin-1 Family Signaling R-HSA-446652,0.18475481238236166,1.0081431591875527,0.4744525547445255,0.8158820780220486,1.0,23/141,11.07%,SKP1;IRAK4;TBK1;MAP2K4;IL1RAP;PSMC2;USP18;TAB2;PSMA6;PSMA3;PTPN12;USP14;MAP2K1;PSMD6;PSMD5;IRAK3;UBE2V1;PTPN2;PTPN11;NKIRAS1;IL18;TAB3;PSMD10
prerank,Gene Silencing By RNA R-HSA-211000,0.19780662851605943,1.007893119287316,0.4129032258064516,0.8137081144244771,1.0,20/89,13.09%,PRKRA;NUP133;H2BC15;DICER1;NUP88;DROSHA;NUP58;NUP107;H2BC12;RANBP2;H2BC21;H3C13;PIWIL2;TPR;NDC1;TDRD1;NUP54;NUP155;HENMT1;H2AJ
prerank,Signaling By FGFR In Disease R-HSA-1226099,0.21211739681821296,1.0019793699971973,0.44607843137254904,0.830604605478555,1.0,12/52,16.27%,FGF9;FGF1;NCBP2;ERLIN2;STAT1;FGF7;FGF18;ZMYM2;PIGU;PIK3CA;FRS2;SOS1
prerank,HIV Life Cycle R-HSA-162587,0.17869502048235086,1.000576520619633,0.4132231404958678,0.832039321388933,1.0,24/143,12.69%,XRCC4;PDCD6IP;ELOC;TAF2;VPS37A;NUP133;NUP88;CDK7;NUP58;NUP107;NCBP2;RANBP2;RNMT;GTF2H1;RNGTT;TPR;NDC1;NUP54;TAF13;CCNT1;VPS4B;VTA1;NUP155;KPNA1
prerank,Nuclear Events Stimulated By ALK Signaling In Cancer R-HSA-9725371,0.28788589882177873,1.0000624874340762,0.445578231292517,0.8305618788868931,1.0,3/19,5.64%,SKP1;CLTC;MAPK1
prerank,G2/M Transition R-HSA-69275,0.1753406962830262,0.9987482009535941,0.4807692307692308,0.8315362099896138,1.0,44/177,17.84%,SKP1;PSMC2;MAPRE1;OPTN;PAFAH1B1;PSMA6;CEP76;CDK7;TUBB4A;PSMA3;HAUS1;LIN9;CDC25A;PPP2CB;PSMD6;PSMD5;PPP2CA;PPP1R12A;CEP192;CEP63;BORA;HAUS6;DYNLL1;AKAP9;PSMD10;PPP2R1B;CCP110;PLK4;WEE1;CEP152;PPP1R12B;CLASP1;PSMD14;YWHAG;PCM1;FBXW11;LIN52;PSME3;CCNA2;HAUS2;NEDD1;PSMC1;FBXL7;CCNH
prerank,EGFR Downregulation R-HSA-182971,0.2521786689173013,0.997204568066395,0.4790874524714829,0.8339137446023186,1.0,6/30,8.70%,EGFR;STAM2;EPGN;PTPN12;STAM;TGFA
prerank,RHO GTPase Cycle R-HSA-9012999,0.1654097928984631,0.9970922488583971,0.5,0.8311430445784261,1.0,98/419,16.98%,ACTC1;PEAK1;ACBD5;VAMP3;ADD3;STBD1;TOR1AIP1;USP9X;ITSN2;FERMT2;RASAL2;RAB7A;BAIAP2L2;ARHGAP20;STAM2;PICALM;TPM3;TEX2;TIAM1;SCFD1;SOS2;PKP4;RHOA;MUC13;MOSPD2;TIAM2;CLTC;COPS4;COPS2;ARL13B;TAOK3;IQGAP1;RAC2;DIAPH2;ARHGAP21;OCRL;CCT6A;SRGAP1;BLTP3B;MYO6;ARHGEF12;LMAN1;DOCK7;TMEM87A;OSBPL11;FNBP1;STAM;ARHGEF9;GIT2;ARHGAP31;WHAMM;BASP1;HSPE1;PKN2;TWF1;EFHD2;GOPC;ARHGAP10;LEMD3;GARRE1;CPNE8;CCP110;PCDH7;ROCK1;ARHGDIB;DOCK5;MYO9A;CDC42BPA;NCOA3;ROCK2;ERBIN;SRRM1;PIK3CA;RRAS2;CDC42;KCTD3;DOCK10;SENP1;DIAPH3;OPHN1;RBBP6;FGD4;TPM4;NCF2;BAIAP2L1;ARHGAP9;FGD5;NCKAP1;FRS2;ARHGAP5;ARHGAP24;SOS1;FAM13B;ARHGAP18;ABI1;WASF1;ARHGAP35;UACA
prerank,DNA Repair R-HSA-73894,0.1660771032835107,0.9966881940898095,0.39655172413793105,0.8293262193766394,1.0,39/294,9.24%,EYA2;ASCC3;RAD51C;XRCC4;MBD4;RBBP8;SPRTN;AQR;MLH1;HUS1;ERCC6;TDP2;MSH3;RNF168;PIAS1;SMARCA5;DCLRE1B;PARP2;COPS4;H2BC15;COPS2;DCLRE1A;CDK7;H2BC12;USP32;TOPBP1;RAD50;POLR1B;BABAM2;H2BC21;TERF1;MRE11;POLK;PALB2;GTF2H1;USP7;SUMO1;EYA4;FANCM
prerank,Mitotic G2-G2/M Phases R-HSA-453274,0.17357064044359183,0.9957800524255332,0.48148148148148145,0.8294407357038758,1.0,44/179,17.84%,SKP1;PSMC2;MAPRE1;OPTN;PAFAH1B1;PSMA6;CEP76;CDK7;TUBB4A;PSMA3;HAUS1;LIN9;CDC25A;PPP2CB;PSMD6;PSMD5;PPP2CA;PPP1R12A;CEP192;CEP63;BORA;HAUS6;DYNLL1;AKAP9;PSMD10;PPP2R1B;CCP110;PLK4;WEE1;CEP152;PPP1R12B;CLASP1;PSMD14;YWHAG;PCM1;FBXW11;LIN52;PSME3;CCNA2;HAUS2;NEDD1;PSMC1;FBXL7;CCNH
prerank,Glycolysis R-HSA-70171,0.2127764602591916,0.9937322472482615,0.43147208121827413,0.8332386484005366,1.0,14/64,12.42%,NUP133;NUP88;NUP58;NUP107;RANBP2;HOOK3;PPP2CB;PPP2CA;TPR;NDC1;PGK1;NUP54;PPP2R1B;NUP155
prerank,RNA Polymerase I Promoter Escape R-HSA-73772,0.22645637456245807,0.9911527489004412,0.46443514644351463,0.8389991601036018,1.0,8/47,8.52%,TAF1B;H2BC15;CDK7;H2BC12;POLR1B;H2BC21;H3C13;GTF2H1
prerank,Cilium Assembly R-HSA-5617833,0.17315137899260627,0.9908220460934928,0.5,0.836928698486694,1.0,45/176,16.96%,RPGRIP1L;MAPRE1;PAFAH1B1;BBS7;ARL13B;IFT57;CEP76;TTC21B;ASAP1;ARF4;TUBB4A;HAUS1;CEP192;CEP63;EXOC8;C2CD3;RAB11A;HAUS6;BBS10;EXOC5;CNGB1;DYNLL1;SEPTIN2;AKAP9;CCP110;CEP83;PLK4;TRIP11;BBS12;IFT20;DYNC2LI1;CEP152;CLASP1;SCLT1;YWHAG;PCM1;BBS1;TCP1;KIF3A;KIFAP3;AHI1;IFT81;HAUS2;DYNLL2;NEDD1
prerank,Transcriptional Regulation By Small RNAs R-HSA-5578749,0.2135994302791737,0.9902103320621205,0.5240641711229946,0.835882745825603,1.0,14/62,13.09%,NUP133;H2BC15;NUP88;NUP58;NUP107;H2BC12;RANBP2;H2BC21;H3C13;TPR;NDC1;NUP54;NUP155;H2AJ
prerank,Synthesis Of PA R-HSA-1483166,0.23550157791438106,0.9893986534651229,0.43656716417910446,0.8356575673747759,1.0,7/36,8.10%,PLA2G4A;PLA2G5;GPAM;MIGA1;GPD1;DDHD1;LCLAT1
prerank,Signaling By Insulin Receptor R-HSA-74752,0.20463256767604016,0.989046398798003,0.5142857142857142,0.833792173909275,1.0,13/65,11.89%,FGF9;FGF1;ATP6V0E1;ATP6V1E1;MAPK1;ATP6V1D;PIK3C3;FGF7;PTPN11;THEM4;FGF18;ATP6V1C1;PIGU
prerank,Energy Dependent Regulation Of mTOR By LKB1-AMPK R-HSA-380972,0.2456390989997595,0.9886668196793965,0.424812030075188,0.8320110202354323,1.0,9/29,16.05%,PRKAG2;RRAGD;CAB39;PRKAA1;RRAGA;RHEB;PRKAB2;RRAGB;CAB39L
prerank,Recycling Pathway Of L1 R-HSA-437239,0.2562274506738476,0.9862212021536806,0.4856115107913669,0.8370663534230898,1.0,4/26,5.64%,RPS6KA6;CLTC;RPS6KA3;MAPK1
prerank,Sensory Perception R-HSA-9709957,0.16847806375839275,0.9832750954410346,0.5411764705882353,0.8439770193791802,1.0,34/206,11.38%,MYO1E;GPC4;EPS8;RDH10;OR2A4;OR2B6;SCN3A;METAP2;OR52I1;OR2A7;APOB;GPC6;OTOGL;RCVRN;SCN2A;OR5B21;METAP1;TAS2R1;OR2D3;CACNB2;LRP2;EPB41L3;KCNQ4;GRK4;OR52N4;CYP4V2;RNF7;LRP12;CALHM1;TWF1;REEP1;CNGB1;OTOF;KCNMB1
prerank,Mitochondrial Calcium Ion Transport R-HSA-8949215,0.27142465619735257,0.9815120724314107,0.46621621621621623,0.8466977395940583,1.0,3/21,4.63%,YME1L1;MCU;VDAC1
prerank,RNA Polymerase III Transcription Initiation From Type 1 Promoter R-HSA-76061,0.24861789342803817,0.980745699650409,0.50390625,0.8462225741360375,1.0,5/27,7.76%,POLR3F;GTF3C2;POLR3B;POLR3E;GTF3C3
prerank,Loss Of Nlp From Mitotic Centrosomes R-HSA-380259,0.20453645361671066,0.9800220660101192,0.5,0.84567424142802,1.0,18/68,16.96%,MAPRE1;PAFAH1B1;CEP76;TUBB4A;HAUS1;CEP192;CEP63;HAUS6;DYNLL1;AKAP9;CCP110;PLK4;CEP152;CLASP1;YWHAG;PCM1;HAUS2;NEDD1
prerank,PLC Beta Mediated Events R-HSA-112043,0.22545264930058712,0.9762586779771394,0.46303501945525294,0.8550014371945961,1.0,7/44,7.74%,PDE1A;PLA2G4A;ITPR2;MAPK1;PDE1B;PLCB4;ITPR1
prerank,Negative Regulators Of DDX58/IFIH1 Signaling R-HSA-936440,0.23701811755761248,0.9759993840079869,0.518796992481203,0.8528442113687581,1.0,8/34,16.00%,TBK1;RIGI;TAX1BP1;ATG5;UBE2K;CYLD;HERC5;PDZD2
prerank,Orc1 Removal From Chromatin R-HSA-68949,0.20224323517666892,0.9742729027299201,0.5141509433962265,0.855665343060301,1.0,15/66,17.02%,SKP1;PSMC2;MCM8;PSMA6;PSMA3;PSMD6;PSMD5;ORC3;PSMD10;SLC25A2;ORC5;PSMD14;PSME3;CCNA2;PSMC1
prerank,ROS And RNS Production In Phagocytes R-HSA-1222556,0.24531540692688597,0.9740911010730553,0.47876447876447875,0.8533013205282113,1.0,5/32,7.02%,ATP6V0E1;ATP6V1E1;RAC2;ATP6V1D;MPO
prerank,IKK Complex Recruitment Mediated By RIP1 R-HSA-937041,0.2674017955274615,0.9740295034627117,0.5,0.8505025343470722,1.0,3/22,7.85%,TMED7-TICAM2;TLR4;UBE2V1
prerank,DNA Replication R-HSA-69306,0.18059760222092877,0.9724537053888422,0.5555555555555556,0.8527234284717347,1.0,29/140,16.17%,SKP1;PSMC2;MCM8;H2BC15;PSMA6;H2BC12;PSMA3;PSMD6;POLR1B;PSMD5;H2BC21;H3C13;ORC3;CDC27;ANAPC1;PSMD10;SLC25A2;ANAPC4;POLE3;ORC5;CDC26;KPNA1;H2AJ;PSMD14;PCNA;CDC16;PSME3;CCNA2;CCNE2
prerank,Signaling By FLT3 Fusion Proteins R-HSA-9703465,0.2812777283699986,0.9711366643613474,0.48863636363636365,0.8538970898704309,1.0,6/18,16.27%,GOLGB1;ZMYM2;TRIP11;PIK3CA;NOX4;SOS1
prerank,Late Phase Of HIV Life Cycle R-HSA-162599,0.17679989565400642,0.9705538282421917,0.5317460317460317,0.8529585854960541,1.0,20/130,10.57%,PDCD6IP;ELOC;TAF2;VPS37A;NUP133;NUP88;CDK7;NUP58;NUP107;NCBP2;RANBP2;RNMT;GTF2H1;RNGTT;TPR;NDC1;NUP54;TAF13;CCNT1;VPS4B
prerank,"Cell Cycle, Mitotic R-HSA-69278",0.1508540565568607,0.9702688696213537,0.6923076923076923,0.8509881760923548,1.0,107/499,17.02%,SKP1;RAB1A;CLASP2;PSMC2;CLIP1;AHCTF1;MAPRE1;OPTN;PAFAH1B1;NUP133;CDC14A;MCM8;USO1;TAOK1;H2BC15;PSMA6;NUP88;CEP76;BLZF1;CDK7;MAPK1;NUP58;NUP107;H2BC12;DYNC1I1;TUBB4A;PSMA3;HAUS1;RANBP2;WAPL;LIN9;CDC25A;PPP2CB;PSMD6;CENPN;POLR1B;RB1;PSMD5;SPDL1;PPP2CA;H2BC21;TFDP1;PPP1R12A;CEP192;CEP63;H3C13;ORC3;SPAST;CDC27;TPR;NDC1;BORA;SUMO1;TUBB6;LEMD3;HAUS6;NUP54;PDS5A;GORASP2;DYNLL1;AKAP9;ESCO1;ANAPC1;PSMD10;PPP2R1B;CCP110;SLC25A2;CENPU;ANAPC4;POLE3;ORC5;PLK4;WEE1;CDC26;CCND2;NUP155;ZWILCH;PDS5B;CEP152;PPP1R12B;H2AJ;KIF2A;CLASP1;MASTL;PSMD14;ERCC6L;CENPP;PCNA;YWHAG;PCM1;FBXW11;CDC16;ZW10;LIN52;KIF18A;PSME3;CCNA2;NIPBL;CCNE2;DSN1;NUP205;NEK7;HAUS2;DYNLL2;CCND1;NEDD1;PSMC1
prerank,Regulation Of Actin Dynamics For Phagocytic Cup Formation R-HSA-2029482,0.21304562191273071,0.9672399047518173,0.5396039603960396,0.8579613142185201,1.0,15/56,17.75%,MYO1E;MYH2;MAPK1;FCGR2A;ACTR3;ARPC5;PTK2;CDC42;MYO5A;NCKAP1;ABI1;WASF1;MYO10;ABI2;ACTR2
prerank,HIV Infection R-HSA-162906,0.16318454398580265,0.9661032428887419,0.5795454545454546,0.8587127912389446,1.0,31/217,11.55%,SKP1;XRCC4;PDCD6IP;ELOC;TAF2;PSMC2;AP1G1;VPS37A;NUP133;PSMA6;NUP88;CDK7;NUP58;NUP107;NCBP2;PSMA3;RANBP2;RNMT;PSMD6;PSMD5;GTF2H1;RNGTT;TPR;NDC1;PKN2;NUP54;TAF13;CCNT1;VPS4B;PSMD10;VTA1
prerank,AURKA Activation By TPX2 R-HSA-8854518,0.20120193081165816,0.963952622435762,0.5084745762711864,0.8629429263230716,1.0,18/71,16.96%,MAPRE1;PAFAH1B1;CEP76;TUBB4A;HAUS1;CEP192;CEP63;HAUS6;DYNLL1;AKAP9;CCP110;PLK4;CEP152;CLASP1;YWHAG;PCM1;HAUS2;NEDD1
prerank,SUMOylation Of RNA Binding Proteins R-HSA-4570464,0.22001900977697816,0.9593341817342201,0.5442477876106194,0.8749797216183771,1.0,10/44,12.42%,NUP133;NUP88;NUP58;NUP107;RANBP2;TPR;NDC1;SUMO1;NUP54;NUP155
prerank,Synthesis Of Bile Acids And Bile Salts R-HSA-192105,0.24197806978435418,0.9569940669037064,0.5133079847908745,0.8794050145310649,1.0,5/30,8.43%,PTGIS;OSBPL9;OSBPL3;CYP7A1;AMACR
prerank,Voltage Gated Potassium Channels R-HSA-1296072,0.2446651124526642,0.9566377810039436,0.5172413793103449,0.8776564048438167,1.0,9/29,17.40%,KCND2;KCNH8;KCNA4;KCNQ5;KCNQ4;KCNA7;KCNB1;KCNAB1;KCNC3
prerank,APC/C-mediated Degradation Of Cell Cycle Proteins R-HSA-174143,0.1871683146574838,0.9544952111348505,0.5714285714285714,0.8816019785840759,1.0,18/84,17.02%,SKP1;PSMC2;CDC14A;PSMA6;PSMA3;PSMD6;RB1;PSMD5;CDC27;ANAPC1;PSMD10;ANAPC4;CDC26;PSMD14;CDC16;PSME3;CCNA2;PSMC1
prerank,RHOBTB GTPase Cycle R-HSA-9706574,0.23511444880272217,0.9539923772769108,0.5152838427947598,0.8804024009603841,1.0,12/35,20.32%,COPS4;COPS2;CCT6A;MYO6;TWF1;ROCK1;ROCK2;SRRM1;RBBP6;TMOD3;STK38;MSI2
prerank,SIRT1 Negatively Regulates rRNA Expression R-HSA-427359,0.2569323300266546,0.9525429832107946,0.5,0.8820822149457789,1.0,5/25,8.51%,TAF1B;H2BC15;H2BC12;H2BC21;H3C13
prerank,Cyclin E Associated Events During G1/S Transition R-HSA-69202,0.1875549059677504,0.9516462748750986,0.5472636815920398,0.8820950366901729,1.0,23/81,18.55%,SKP1;PSMC2;PSMA6;CDK7;PSMA3;LIN9;CDC25A;PSMD6;RB1;PSMD5;TFDP1;PSMD10;WEE1;PSMD14;LIN52;PSME3;CCNA2;CCNE2;CCND1;PSMC1;CCNH;SKP2;LIN54
prerank,tRNA Processing In Nucleus R-HSA-6784531,0.207598319825969,0.9506914192136365,0.5774647887323944,0.8822832103138285,1.0,11/51,12.93%,DDX1;NUP133;NUP88;NUP58;NUP107;RANBP2;TPR;NDC1;NUP54;NUP155;POP5
prerank,MHC Class II Antigen Presentation R-HSA-2132295,0.1834544261352473,0.9506142730394859,0.5833333333333334,0.879640013900297,1.0,32/96,21.75%,SEC24D;LGMN;RAB7A;AP1G1;SAR1B;CLTC;DYNC1I1;CTSO;SEC24B;PRICKLE1;DYNLL1;KIF5C;KIF5B;KIF2A;CANX;KIF3A;KIFAP3;KIF18A;ACTR10;DYNLL2;IFI30;AP2B1;KIF23;DYNC1LI1;SEC31A;KIF3C;RACGAP1;CTSS;DYNC1LI2;KIF4B;SEC24A;AP1S3
prerank,mRNA Decay By 3 To 5 Exoribonuclease R-HSA-429958,0.2841702831746475,0.9501540933707286,0.5254237288135594,0.8779565859130538,1.0,3/16,5.09%,HBS1L;SKIC3;EXOSC3
prerank,Selective Autophagy R-HSA-9663891,0.19885075290728654,0.9445586106649462,0.5740740740740741,0.8921888755502201,1.0,10/60,10.67%,FUNDC1;PRKAG2;VDAC1;ARL13B;DYNC1I1;ATG5;NBR1;UBE2V1;PLIN2;DYNLL1
prerank,Rab Regulation Of Trafficking R-HSA-9007101,0.17639127169859217,0.9444595685182502,0.5902777777777778,0.8896161982708393,1.0,17/117,10.01%,CCZ1B;TRAPPC13;RAB1A;DENND2C;RAB3GAP1;RAB7A;RABEP1;TRAPPC8;OPTN;RABGEF1;RAB10;DENND4A;TRAPPC11;RAB31;RAB14;RAB11A;DENND3
prerank,Activated PKN1 Stimulates Transcription Of Androgen Receptor Regulated KLK2 And KLK3 R-HSA-5625886,0.2589881871551497,0.9440844731491107,0.5344827586206896,0.8879743066057592,1.0,6/23,13.09%,H2BC15;H2BC12;H2BC21;H3C13;KLKB1;H2AJ
prerank,Polo-like Kinase Mediated Events R-HSA-156711,0.29041785162287825,0.9425011194067617,0.5031446540880503,0.8902296452561608,1.0,5/16,18.55%,LIN9;CDC25A;WEE1;LIN52;LIN54
prerank,Signaling By Interleukins R-HSA-449147,0.15055218001845147,0.9424680477602787,0.7804878048780488,0.8874849552724314,1.0,50/400,9.57%,SOCS2;IL13RA2;SKP1;IL7R;IRAK4;TBK1;VAMP7;MAP2K4;STAT4;IL21;IL1RAP;CSF2RB;KCNH8;PSMC2;JAK1;MAPK9;MEF2A;HAVCR2;USP18;TAB2;SOS2;MMP3;PSMA6;RPS6KA3;IL13RA1;MAPK1;IL17RE;PSMA3;PTPN12;USP14;MAP2K1;IRF4;PPP2CB;HIF1A;PSMD6;SNRPA1;PSMD5;IRAK3;PPP2CA;STAT1;UBE2V1;SERPINB2;H3C13;PTPN2;IL17RB;PTPN11;NKIRAS1;PKN2;ANXA1;MEF2C
prerank,Synthesis Of PIPs At Plasma Membrane R-HSA-1660499,0.21023159990228854,0.9414923466139048,0.5429864253393665,0.887859864202916,1.0,10/48,13.80%,PIK3C2A;RUFY1;SYNJ1;SYNJ2;OCRL;MTMR2;RAB14;SBF2;PIK3CA;PLEKHA5
prerank,VEGFR2 Mediated Vascular Permeability R-HSA-5218920,0.24795368812506796,0.9393361703178775,0.5592592592592592,0.8914253393665158,1.0,5/26,9.50%,CDH5;MAPKAP1;CTNNA1;THEM4;PKN2
prerank,Defective Pyroptosis R-HSA-9710421,0.2349177681378833,0.9378078177731136,0.5698924731182796,0.8930369847619558,1.0,6/30,9.08%,H2BC15;H2BC12;H2BC21;H3C13;SUZ12;GSDME
prerank,VxPx Cargo-Targeting To Cilium R-HSA-5620916,0.26172768040825445,0.9369729478810728,0.5429553264604811,0.8926695773850942,1.0,6/19,10.33%,ASAP1;ARF4;EXOC8;RAB11A;EXOC5;CNGB1
prerank,Retrograde Transport At Trans-Golgi-Network R-HSA-6811440,0.2061739178155761,0.9364841299449386,0.6231884057971014,0.8914419863183368,1.0,8/48,12.55%,NSF;VAMP3;TGOLN2;TMF1;NAA35;COG6;VPS54;NAPG
prerank,Deubiquitination R-HSA-5688426,0.15837835019901436,0.9350200871466968,0.7241379310344828,0.8926706885285759,1.0,38/248,11.15%,TGFBR2;ESR1;MDM2;IDE;USP9X;PSMC2;STAM2;USP25;USP18;ABRAXAS2;RHOA;H2BC15;PSMA6;VDAC1;RIGI;USP8;USP48;H2BC12;USP32;PSMA3;USP14;TNKS2;CDC25A;HIF1A;USP15;PSMD6;BABAM2;PSMD5;H2BC21;KDM1B;STAM;USP12;USP7;PTRH2;USP33;CYLD;PSMD10;CCP110
prerank,CTLA4 Inhibitory Signaling R-HSA-389513,0.2596135030045519,0.9344053100022156,0.5661764705882353,0.891798637436047,1.0,5/20,11.12%,PPP2CB;PPP2CA;PTPN11;CTLA4;PPP2R1B
prerank,"Transport Of Bile Salts And Organic Acids, Metal Ions And Amine Compounds R-HSA-425366",0.19552313599964674,0.9330176219507038,0.6439024390243903,0.8932537543319214,1.0,11/64,10.76%,SLC39A10;SLC22A2;SLC41A1;SLC22A4;CP;SLC31A1;SLC30A1;SLC30A6;RSC1A1;SLC44A3;SLC18A2
prerank,Insulin Receptor Signaling Cascade R-HSA-74751,0.2136413909129525,0.9294267034099035,0.6255707762557078,0.9012109420570736,1.0,12/41,16.27%,FGF9;FGF1;MAPK1;PIK3C3;FGF7;PTPN11;THEM4;FGF18;PIGU;PIK3CA;FRS2;SOS1
prerank,Neddylation R-HSA-8951664,0.159255152605687,0.9287712278480461,0.6136363636363636,0.9002280912364945,1.0,27/224,8.06%,SOCS2;FBXW7;SKP1;KLHL2;ELOC;PSMC2;DCAF6;CUL2;FBXO4;FBXO30;FBXO32;DCUN1D3;FBXO7;FBXO9;COPS4;PSMA6;COPS2;ASB2;LMO7;NAE1;FBXL5;PSMA3;HIF1A;PSMD6;PSMD5;KCTD7;ASB14
prerank,Fatty Acid Metabolism R-HSA-8978868,0.16876726181558052,0.9280662875660366,0.6846846846846847,0.8995518955245648,1.0,23/155,10.06%,ACOX1;PTGIS;ALOX5AP;PLA2G4A;ACBD5;CROT;ACAA2;ACADM;PRKAG2;HACD2;ELOVL4;ACSBG2;ACOX3;HACD1;ACOT11;CYP4A22;ACOXL;AMACR;HSD17B12;PTGR2;THEM4;ECI2;MCEE
prerank,RNA Polymerase III Abortive And Retractive Initiation R-HSA-749476,0.21492828192122165,0.9280556153165062,0.6188524590163934,0.8967949415791162,1.0,6/39,7.76%,POLR3F;NFIA;GTF3C2;POLR3B;POLR3E;GTF3C3
prerank,Nuclear Envelope Breakdown R-HSA-2980766,0.20170993226347855,0.9271322401840044,0.6017316017316018,0.8968954764568365,1.0,9/51,10.04%,NUP133;NUP88;NUP58;NUP107;RANBP2;TPR;NDC1;LEMD3;NUP54
prerank,RNA Polymerase III Chain Elongation R-HSA-73780,0.2676318139710523,0.9250587308458129,0.5724907063197026,0.9005015339469121,1.0,3/17,7.34%,POLR3F;POLR3B;POLR3E
prerank,Transcriptional Regulation By E2F6 R-HSA-8953750,0.22702380644646458,0.9217728426319519,0.5776173285198556,0.9077200849570599,1.0,5/33,10.34%,RBBP8;EPC1;TFDP1;SUZ12;YAF2
prerank,Gap Junction Trafficking R-HSA-190828,0.2656451105556983,0.9215865007780496,0.5645756457564576,0.9054490016865642,1.0,4/20,7.88%,GJD2;CLTC;MYO6;DAB2
prerank,Tie2 Signaling R-HSA-210993,0.28738737089382527,0.9193000325186271,0.54375,0.9093149186280016,1.0,5/15,16.27%,TEK;GRB14;PTPN11;PIK3CA;SOS1
prerank,Viral Messenger RNA Synthesis R-HSA-168325,0.2112619444336381,0.9180129782312765,0.599009900990099,0.91062424969988,1.0,10/45,12.42%,NUP133;NUP88;NUP58;NUP107;RANBP2;TPR;NDC1;NUP54;PBRM1;NUP155
prerank,G-protein Mediated Events R-HSA-112040,0.2083583479782384,0.9177678123960659,0.6309523809523809,0.908520636218013,1.0,7/48,7.74%,PDE1A;PLA2G4A;ITPR2;MAPK1;PDE1B;PLCB4;ITPR1
prerank,Intraflagellar Transport R-HSA-5620924,0.21964783604575738,0.9165369509407969,0.6040816326530613,0.9092457346574992,1.0,10/35,16.92%,IFT57;TTC21B;DYNLL1;TRIP11;IFT20;DYNC2LI1;KIF3A;KIFAP3;IFT81;DYNLL2
prerank,Anchoring Of Basal Body To Plasma Membrane R-HSA-5620912,0.17577515317458398,0.9154150363155968,0.6333333333333333,0.9096987919034684,1.0,25/96,16.96%,RPGRIP1L;MAPRE1;PAFAH1B1;CEP76;TUBB4A;HAUS1;CEP192;CEP63;C2CD3;RAB11A;HAUS6;DYNLL1;SEPTIN2;AKAP9;CCP110;CEP83;PLK4;CEP152;CLASP1;SCLT1;YWHAG;PCM1;AHI1;HAUS2;NEDD1
prerank,Macroautophagy R-HSA-1632852,0.16952736687819758,0.9144255429614004,0.7080745341614907,0.9096450628444149,1.0,20/113,13.23%,ATG4A;FUNDC1;PRKAG2;VDAC1;ARL13B;RRAGD;DYNC1I1;ATG5;NBR1;PRKAA1;UBE2V1;PIK3C3;PLIN2;RRAGA;DYNLL1;UVRAG;RHEB;ATG9B;ATG3;PRKAB2
prerank,FCGR3A-mediated Phagocytosis R-HSA-9664422,0.20003052144421138,0.9143429510630066,0.6616161616161617,0.9071912729055586,1.0,14/54,17.75%,MYO1E;MYH2;MAPK1;ACTR3;ARPC5;PTK2;CDC42;MYO5A;NCKAP1;ABI1;WASF1;MYO10;ABI2;ACTR2
prerank,Synthesis Of DNA R-HSA-69239,0.173900816346541,0.9114081314365751,0.7191780821917808,0.912768796141211,1.0,23/116,16.17%,SKP1;PSMC2;MCM8;PSMA6;PSMA3;PSMD6;POLR1B;PSMD5;ORC3;CDC27;ANAPC1;PSMD10;SLC25A2;ANAPC4;POLE3;ORC5;CDC26;PSMD14;PCNA;CDC16;PSME3;CCNA2;CCNE2
prerank,Mitotic G1 Phase And G1/S Transition R-HSA-453279,0.16383400005270968,0.9099360863685076,0.753968253968254,0.9142872910358173,1.0,35/146,18.75%,SKP1;PSMC2;MCM8;PSMA6;CDK7;PSMA3;LIN9;CDC25A;PPP2CB;PSMD6;POLR1B;RB1;PSMD5;PPP2CA;TFDP1;ORC3;PSMD10;PPP2R1B;SLC25A2;POLE3;ORC5;WEE1;CCND2;PSMD14;PCNA;LIN52;PSME3;CCNA2;CCNE2;CCND1;PSMC1;CCNH;SKP2;LIN54;POLE2
prerank,NoRC Negatively Regulates rRNA Expression R-HSA-427413,0.1945535027930058,0.9073250338453318,0.6470588235294118,0.9191014977419538,1.0,9/61,8.52%,TAF1B;SMARCA5;H2BC15;CDK7;H2BC12;POLR1B;H2BC21;H3C13;GTF2H1
prerank,EPHB-mediated Forward Signaling R-HSA-3928662,0.22296124532622735,0.9040603104895532,0.6181102362204725,0.9258500789039652,1.0,11/34,18.44%,TIAM1;RHOA;ACTR3;ARPC5;PTK2;ROCK1;ROCK2;CDC42;LIMK2;ACTR2;GRIN2B
prerank,Diseases Of Glycosylation R-HSA-3781865,0.1657488053565869,0.9022919216256703,0.7123287671232876,0.9280386710897377,1.0,22/129,12.70%,PAPSS2;GPC4;THSD7B;MUC17;ALG8;ADAMTSL3;MUC13;VCAN;GPC6;ADAMTS18;MUC4;ADAMTSL1;ACAN;THSD4;GNE;SRD5A3;SBSPON;ALG13;ADAMTS16;THBS1;MUC6;B3GLCT
prerank,Potassium Channels R-HSA-1296071,0.1865909207513101,0.9021315353478949,0.6910112359550562,0.9257657045118933,1.0,16/72,17.49%,KCNJ8;KCND2;ABCC9;KCNH8;KCNA4;GABBR2;KCNQ5;KCNQ4;KCNMB1;KCNA7;GNG10;KCNB1;KCNJ12;KCNAB1;KCNC3;KCNK2
prerank,Cargo Trafficking To Periciliary Membrane R-HSA-5620920,0.19824647109154472,0.8989365286587169,0.676056338028169,0.9319487324341502,1.0,12/47,15.28%,BBS7;ARL13B;ASAP1;ARF4;EXOC8;RAB11A;BBS10;EXOC5;CNGB1;BBS12;BBS1;TCP1
prerank,Signaling By ERBB2 ECD Mutants R-HSA-9665348,0.2710885604820236,0.8977490730001684,0.6078431372549019,0.9325586422252186,1.0,5/15,16.27%,EGFR;PIGU;ERBIN;PIK3CA;SOS1
prerank,Signaling By EGFR R-HSA-177929,0.20107794733964693,0.89736890833857,0.677570093457944,0.9307529327520482,1.0,10/48,13.88%,EGFR;STAM2;EPGN;PTPN12;STAM;TGFA;PTPN11;PIGU;PIK3CA;CDC42
prerank,RND3 GTPase Cycle R-HSA-9696264,0.20939733745232347,0.8969961222323908,0.6926605504587156,0.9289405324812141,1.0,14/39,19.90%,RASAL2;PICALM;PKP4;MUC13;ARHGAP21;LEMD3;ROCK1;ARHGAP5;ARHGAP35;TMOD3;VANGL1;CCDC88A;DST;KTN1
prerank,RNA Polymerase I Promoter Clearance R-HSA-73854,0.18772380586601947,0.8964423819391432,0.6818181818181818,0.9278655183003434,1.0,9/64,8.52%,TAF1B;ERCC6;H2BC15;CDK7;H2BC12;POLR1B;H2BC21;H3C13;GTF2H1
prerank,Cyclin A:Cdk2-associated Events At S Phase Entry R-HSA-69656,0.17544711153152606,0.896357290927195,0.6903553299492385,0.9253929049880822,1.0,23/83,18.55%,SKP1;PSMC2;PSMA6;CDK7;PSMA3;LIN9;CDC25A;PSMD6;RB1;PSMD5;TFDP1;PSMD10;WEE1;PSMD14;LIN52;PSME3;CCNA2;CCNE2;CCND1;PSMC1;CCNH;SKP2;LIN54
prerank,RHO GTPases Activate CIT R-HSA-5625900,0.25744236113574614,0.8951267334544752,0.6118881118881119,0.9261665822398323,1.0,5/19,17.60%,RHOA;MYL12B;PPP1R12A;PPP1R12B;MYH10
prerank,ZBP1(DAI) Mediated Induction Of Type I IFNs R-HSA-1606322,0.2609312202753455,0.8947511051734084,0.6595744680851063,0.9245131136027898,1.0,2/18,1.07%,TBK1;TLR3
prerank,Interferon Gamma Signaling R-HSA-877300,0.1826132495165812,0.8920687597844227,0.7045454545454546,0.9291771881166261,1.0,17/80,13.58%,GBP7;JAK1;MID1;PIAS1;TRIM22;TRIM6-TRIM34;IRF4;OAS2;STAT1;PTPN2;PTPN11;GBP5;SUMO1;GBP2;TRIM2;IRF2;SP100
prerank,Regulation Of FZD By Ubiquitination R-HSA-4641263,0.2633754709239846,0.8920144907696895,0.6185897435897436,0.9266332550212062,1.0,5/17,14.02%,FZD4;USP8;FZD6;LRP6;LGR4
prerank,Nephrin Family Interactions R-HSA-373753,0.25289627985308355,0.8917631207783592,0.6209386281588448,0.9246888698336477,1.0,4/20,13.42%,IQGAP1;MAGI2;ACTN3;PIK3CA
prerank,tRNA Processing R-HSA-72306,0.1715358921966116,0.8898251618482603,0.717948717948718,0.9273494012989811,1.0,19/98,13.56%,DDX1;PRORP;NUP133;NUP88;NUP58;NUP107;RANBP2;TYW3;TRIT1;TRMT61B;TYW5;TPR;NDC1;NUP54;EPRS1;TRMT13;NUP155;POP5;TRMT10A
prerank,Synthesis Of Bile Acids And Bile Salts Via 7Alpha-Hydroxycholesterol R-HSA-193368,0.25128154287876037,0.8891643470645125,0.6208053691275168,0.9265941831277966,1.0,3/21,8.43%,PTGIS;CYP7A1;AMACR
prerank,G0 And Early G1 R-HSA-1538133,0.2313503719269288,0.8860618616224222,0.6631205673758865,0.9324802328863555,1.0,8/27,18.55%,LIN9;CDC25A;TFDP1;PCNA;LIN52;CCNA2;CCNE2;LIN54
prerank,MECP2 Regulates Neuronal Receptors And Channels R-HSA-9022699,0.2596980471505163,0.8838059369714338,0.613013698630137,0.9356023087200982,1.0,3/16,6.71%,FKBP5;GRIN2A;RNMT
prerank,Heme Signaling R-HSA-9707616,0.2066121143281126,0.8815645786469916,0.6859504132231405,0.9389397223678204,1.0,7/42,10.12%,MBD4;TLR4;APOB;LIN9;CHD9;MEF2C;CLOCK
prerank,Zinc Transporters R-HSA-435354,0.27996752398238234,0.8803936696265967,0.609375,0.9396757354627243,1.0,3/15,9.26%,SLC39A10;SLC30A1;SLC30A6
prerank,RNA Polymerase I Transcription R-HSA-73864,0.18369487482100552,0.8801204950241693,0.7129629629629629,0.937810149269792,1.0,9/65,8.52%,TAF1B;ERCC6;H2BC15;CDK7;H2BC12;POLR1B;H2BC21;H3C13;GTF2H1
prerank,Processing Of SMDT1 R-HSA-8949664,0.27130649950188884,0.8798034714390002,0.6261682242990654,0.9360374764430912,1.0,2/15,3.90%,YME1L1;MCU
prerank,Regulation Of TP53 Degradation R-HSA-6804757,0.21376229977508965,0.8791543769865781,0.6855895196506551,0.9349876106431432,1.0,7/36,12.15%,MDM2;MAPKAP1;PPP2CB;PPP2CA;USP7;PPP2R1B;SGK1
prerank,Metabolism Of Non-Coding RNA R-HSA-194441,0.19631437684005196,0.8769882460451963,0.6735751295336787,0.9377116179805255,1.0,10/50,10.04%,NUP133;NUP88;NUP58;NUP107;NCBP2;RANBP2;LIN9;TPR;NDC1;NUP54
prerank,Complex I Biogenesis R-HSA-6799198,0.19323275654311448,0.8767831792773495,0.6680497925311203,0.9356703567853734,1.0,51/51,80.72%,NDUFAF5;NDUFA12;NDUFB3;TMEM126B;NDUFAF1;NDUFAF6;NDUFS1;NDUFAF4;NDUFS4;NUBPL;NDUFAF2;NDUFAF7;NDUFA9;NDUFA5;NDUFAF3;NDUFA6;TMEM186;NDUFB2;NDUFV2;NDUFS5;NDUFC2;NDUFAB1;NDUFB5;COA1;ACAD9;NDUFA1;NDUFA10;TIMMDC1;NDUFC1;NDUFS6;NDUFB6;NDUFB10;NDUFB8;NDUFS7;NDUFA8;NDUFV3;NDUFA7;ECSIT;NDUFB1;NDUFS8;NDUFB4;NDUFS3;NDUFA3;NDUFB7;NDUFB11;NDUFV1;NDUFA11;NDUFA13;NDUFB9;NDUFA2;NDUFS2
prerank,Defective CFTR Causes Cystic Fibrosis R-HSA-5678895,0.1895661284509331,0.8758727655111372,0.7061224489795919,0.9353589833723546,1.0,14/57,17.02%,PSMC2;PSMA6;DERL1;PSMA3;PSMD6;ERLIN2;PSMD5;ERLEC1;PSMD10;ERLIN1;PSMD14;SEL1L;PSME3;PSMC1
prerank,Iron Uptake And Transport R-HSA-917937,0.18899638271917918,0.8731542731687774,0.7136929460580913,0.9399089222465846,1.0,7/58,6.87%,SKP1;ATP6V0E1;ATP6V1E1;CP;FBXL5;STEAP2;ATP6V1D
prerank,Negative Epigenetic Regulation Of rRNA Expression R-HSA-5250941,0.18412074780832194,0.8712515755538008,0.7205882352941176,0.9421621835547405,1.0,9/64,8.52%,TAF1B;SMARCA5;H2BC15;CDK7;H2BC12;POLR1B;H2BC21;H3C13;GTF2H1
prerank,Gene And Protein Expression By JAK-STAT Signaling After Interleukin-12 Stimulation R-HSA-8950505,0.21412921787485467,0.8696596591236702,0.6895161290322581,0.9438151589402886,1.0,8/34,15.28%,STAT4;SNRPA1;SERPINB2;PKN2;GSTA2;CDC42;RALA;TCP1
prerank,Regulation Of NF-kappa B Signaling R-HSA-9758274,0.25303858699113707,0.8691389240640083,0.6314102564102564,0.9424951619992259,1.0,6/17,18.84%,USP18;USP14;TANK;TRAF6;IKBIP;N4BP1
prerank,ABC Transporter Disorders R-HSA-5619084,0.18049113243578238,0.8687435392708435,0.7211538461538461,0.9407746531855248,1.0,13/69,13.99%,ABCC9;PSMC2;PSMA6;DERL1;PSMA3;PSMD6;ERLIN2;PSMD5;ERLEC1;PSMD10;ERLIN1;PSMD14;SEL1L
prerank,C-type Lectin Receptors (CLRs) R-HSA-5621481,0.1605488089473713,0.8673257527836123,0.8470588235294118,0.9421664752857666,1.0,24/121,15.91%,SKP1;MUC17;ITPR2;PSMC2;TAB2;MUC13;PSMA6;PSMA3;MUC4;PSMD6;PSMD5;ITPR1;UBE2V1;MALT1;PKN2;TAB3;PSMD10;MUC6;UBA3;PSMD14;TRAF6;FBXW11;MUC12;PSME3
prerank,Stimuli-sensing Channels R-HSA-2672351,0.17111431824950768,0.8648472750633949,0.7580645161290323,0.9454128317993864,1.0,17/84,15.16%,SLC9B2;TRPC4;BEST3;OSTM1;SGK3;WWP1;WNK1;NALCN;TRPM7;SRI;CLCN5;SGK1;RYR2;TRPC1;ANO7;SLC9C1;ANO6
prerank,Bile Acid And Bile Salt Metabolism R-HSA-194068,0.21055737931530977,0.8644742874064445,0.7294117647058823,0.9437515979364718,1.0,5/35,8.43%,PTGIS;OSBPL9;OSBPL3;CYP7A1;AMACR
prerank,L1CAM Interactions R-HSA-373760,0.1700961822086961,0.8635475789055886,0.8192090395480226,0.9434366091450057,1.0,14/90,10.13%,ITGA1;CNTN6;EGFR;SCN3A;RPS6KA6;CLTC;RPS6KA3;MAPK1;SCN2A;MAP2K1;NRP2;ITGA2;ALCAM;RANBP9
prerank,Signaling By ERBB2 In Cancer R-HSA-1227990,0.22993835300312707,0.8614348088450358,0.6693227091633466,0.9459918160812711,1.0,7/24,16.27%,EGFR;PTPN12;ERBB4;PIGU;ERBIN;PIK3CA;SOS1
prerank,Downregulation Of TGF-beta Receptor Signaling R-HSA-2173788,0.22351601426060197,0.8594523373594105,0.7052631578947368,0.9481427316234804,1.0,3/26,6.97%,TGFBR2;SRFBP1;USP15
prerank,ABC-family Proteins Mediated Transport R-HSA-382556,0.166211028265716,0.8588580698165961,0.7751479289940828,0.946865719549852,1.0,17/96,13.99%,ABCC9;PSMC2;ABCB5;PSMA6;DERL1;PSMA3;PSMD6;ERLIN2;PSMD5;ERLEC1;PEX3;ABCB7;PSMD10;ABCA9;ERLIN1;PSMD14;SEL1L
prerank,RHOC GTPase Cycle R-HSA-9013106,0.1717379893935046,0.8568662976616374,0.7668711656441718,0.9487823289315725,1.0,19/72,19.48%,ACBD5;VAMP3;RHOA;IQGAP1;ARHGAP21;ARHGEF12;LMAN1;PKN2;ROCK1;ROCK2;ERBIN;DIAPH3;OPHN1;ARHGAP5;ARHGAP18;ARHGAP35;VANGL1;SLK;RACGAP1
prerank,MET Activates PTK2 Signaling R-HSA-8874081,0.25251150014371915,0.8522872722696266,0.6750788643533123,0.9573962350897806,1.0,16/17,64.33%,RNMT;ITGA2;PTK2;SOS1;LAMC1;LAMA4;LAMA2;LAMC2;LAMB3;SRC;ITGB1;LAMC3;LMNB2;LAMA1;LAMB1;ITGA3
prerank,Extra-nuclear Estrogen Signaling R-HSA-9009391,0.1761192247705545,0.8513627986953817,0.7783783783783784,0.9571127336876395,1.0,10/71,10.36%,ESR1;KCNH8;EGFR;EPGN;MMP3;MAPK1;ESR2;TGFA;STRN;PTK2
prerank,Packaging Of Telomere Ends R-HSA-171306,0.2406898592338159,0.8512471503503312,0.671280276816609,0.9548254857498555,1.0,4/20,7.64%,H2BC15;H2BC12;H2BC21;TERF1
prerank,mRNA Capping R-HSA-72086,0.21559859136018905,0.8498821104847966,0.7142857142857143,0.9552723252889546,1.0,5/29,8.60%,CDK7;NCBP2;RNMT;GTF2H1;RNGTT
prerank,Signaling By NTRKs R-HSA-166520,0.1590343126375927,0.8498819948585405,0.8676470588235294,0.9527584507487206,1.0,22/125,12.15%,ID3;KCNH8;MEF2A;TIAM1;RHOA;CLTC;ADCYAP1R1;RPS6KA3;RAP1A;MAPK1;BRAF;PCSK5;MAP2K1;PPP2CB;PPP2CA;PTPN11;F3;MEF2C;ARC;PPP2R1B;PIGU;SGK1
prerank,Vitamin B5 (Pantothenate) Metabolism R-HSA-199220,0.24875048334825842,0.8497053651957767,0.6745762711864407,0.9506194918912446,1.0,4/17,11.54%,ENPP1;SLC25A16;PANK2;PDZD11
prerank,Pyruvate Metabolism And Citric Acid (TCA) Cycle R-HSA-71406,0.1869706796360617,0.8486270695303604,0.7743362831858407,0.950723367881184,1.0,11/52,15.24%,PLPP6;LDHA;MPC2;VDAC1;SUCLA2;GLO1;MPC1;LDHB;LDHAL6B;DLAT;LDHAL6A
prerank,Regulation Of TP53 Expression And Degradation R-HSA-6806003,0.20676085236462055,0.8453941038825441,0.7706422018348624,0.9553194437043747,1.0,7/37,12.15%,MDM2;MAPKAP1;PPP2CB;PPP2CA;USP7;PPP2R1B;SGK1
prerank,Autophagy R-HSA-9612973,0.15333466186348957,0.842980893022714,0.8811188811188811,0.9583329581832734,1.0,21/127,13.23%,ATG4A;VPS37A;FUNDC1;PRKAG2;VDAC1;ARL13B;RRAGD;DYNC1I1;ATG5;NBR1;PRKAA1;UBE2V1;PIK3C3;PLIN2;RRAGA;DYNLL1;UVRAG;RHEB;ATG9B;ATG3;PRKAB2
prerank,Keratinization R-HSA-6805567,0.16426034575587592,0.8384002078419944,0.8791946308724832,0.9658513587253084,1.0,19/95,19.45%,LIPJ;KRTAP1-1;KRT34;PKP4;KRTAP1-5;LCE1B;KRTAP5-10;LCE1E;LCE1A;CAPNS1;KRT33B;SPRR2E;KRTAP1-3;KRT77;KRT1;KRT86;KLK13;SPRR2G;DSG4
prerank,RNA Polymerase I Promoter Opening R-HSA-73728,0.2436021293563379,0.8376680469093393,0.734006734006734,0.9648333944976955,1.0,5/19,13.09%,H2BC15;H2BC12;H2BC21;H3C13;H2AJ
prerank,Signaling By NTRK1 (TRKA) R-HSA-187037,0.1628476597474365,0.8355209423948123,0.8344370860927153,0.9666695825617068,1.0,26/107,17.93%,ID3;KCNH8;MEF2A;RHOA;CLTC;ADCYAP1R1;RPS6KA3;RAP1A;MAPK1;BRAF;MAP2K1;PPP2CB;PPP2CA;F3;MEF2C;ARC;PPP2R1B;SGK1;PIK3CA;RALA;NTRK2;FRS2;SOS1;RPS6KA2;AP2B1;ID1
prerank,Regulation Of APC/C Activators Between G1/S And Early Anaphase R-HSA-176408,0.16596164569523392,0.8315197215822889,0.8484848484848485,0.9727687776141385,1.0,16/77,17.02%,SKP1;PSMC2;PSMA6;PSMA3;PSMD6;PSMD5;CDC27;ANAPC1;PSMD10;ANAPC4;CDC26;PSMD14;CDC16;PSME3;CCNA2;PSMC1
prerank,Endosomal Sorting Complex Required For Transport (ESCRT) R-HSA-917729,0.20808508660792563,0.8314849682733471,0.7734375,0.9703490650759018,1.0,6/30,11.55%,VPS36;VPS37A;STAM2;STAM;VPS4B;VTA1
prerank,Fc Epsilon Receptor (FCERI) Signaling R-HSA-2454202,0.15786686129295957,0.829954716113912,0.8366013071895425,0.9712382183642687,1.0,15/121,7.91%,SKP1;MAP2K4;ITPR2;PSMC2;MAPK9;TAB2;PSMA6;MAPK1;LCP2;PSMA3;PSMD6;PSMD5;ITPR1;UBE2V1;MALT1
prerank,Cleavage Of Damaged Pyrimidine R-HSA-110329,0.21119410129906524,0.8298163136086391,0.7372549019607844,0.9690462783578906,1.0,5/29,7.64%,MBD4;H2BC15;H2BC12;H2BC21;TERF1
prerank,Response To Elevated Platelet Cytosolic Ca2+ R-HSA-76005,0.15932087690103391,0.8294390889964081,0.918918918918919,0.967267315089301,1.0,19/113,13.12%,VEGFC;KNG1;PHACTR2;FAM3C;F8;VWF;SRGN;ENDOD1;SERPINE1;LHFPL2;ORM1;TIMP3;IGF1;CALU;PCDH7;STXBP3;THBS1;PF4;VTI1B
prerank,LDL Clearance R-HSA-8964038,0.24209115070457143,0.8273861825380925,0.7142857142857143,0.9689239970797479,1.0,3/17,6.42%,APOB;CLTC;SOAT1
prerank,G1/S-Specific Transcription R-HSA-69205,0.20249225374175908,0.8253276724449268,0.7112676056338029,0.9706072479753324,1.0,8/29,20.29%,LIN9;CDC25A;TFDP1;PCNA;LIN52;LIN54;E2F6;FBXO5
prerank,Regulation Of Apoptosis R-HSA-169911,0.1841159920322467,0.8244951512263183,0.7842323651452282,0.9697599343534882,1.0,9/49,11.07%,PSMC2;PSMA6;OMA1;PSMA3;PSMD6;PSMD5;PKN2;ARHGAP10;PSMD10
prerank,RNA Polymerase II Pre-transcription Events R-HSA-674695,0.16462636874224698,0.8243718953017186,0.8470588235294118,0.9674949979991997,1.0,10/77,10.54%,IWS1;ELOC;TAF2;CTR9;CDK7;NCBP2;GTF2H1;TAF13;CCNT1;CDC73
prerank,Phosphorylation Of APC/C R-HSA-176412,0.23544474578870317,0.8222847106733487,0.7481751824817519,0.9692335977212043,1.0,5/20,15.43%,CDC27;ANAPC1;ANAPC4;CDC26;CDC16
prerank,Platelet Degranulation R-HSA-114608,0.15934126203534044,0.8204903769923493,0.8940397350993378,0.9705528844703711,1.0,18/109,13.12%,VEGFC;KNG1;PHACTR2;FAM3C;F8;VWF;SRGN;ENDOD1;SERPINE1;LHFPL2;ORM1;TIMP3;IGF1;CALU;PCDH7;THBS1;PF4;VTI1B
prerank,RNA Polymerase III Transcription Initiation R-HSA-76046,0.19691590646801171,0.8194397583640821,0.8212765957446808,0.9701632231840105,1.0,5/35,7.76%,POLR3F;GTF3C2;POLR3B;POLR3E;GTF3C3
prerank,ESR-mediated Signaling R-HSA-8939211,0.1433427502086685,0.8189178351549968,0.9029126213592233,0.968746818727491,1.0,28/170,13.68%,MBD4;ESR1;KCNH8;FKBP5;GPAM;EGFR;EPGN;MMP3;NR5A2;H2BC15;MAPK1;H2BC12;EBAG9;ESR2;H2BC21;H3C13;TGFA;STRN;ERBB4;PTK2;CCNT1;PPID;CHD1;NCOA3;H2AJ;PIK3CA;GNG10;MYB
prerank,Vpu Mediated Degradation Of CD4 R-HSA-180534,0.18378545732667373,0.8185040089563347,0.8054474708171206,0.9671116326829984,1.0,6/48,7.42%,SKP1;PSMC2;PSMA6;PSMA3;PSMD6;PSMD5
prerank,PI Metabolism R-HSA-1483255,0.16645995998145116,0.8112391777976012,0.8777777777777778,0.9784629075510802,1.0,14/75,13.80%,PIK3C2A;RUFY1;SYNJ1;SYNJ2;MTMR7;OCRL;FIG4;MTMR2;PIK3C3;RAB14;SBF2;SACM1L;PIK3CA;PLEKHA5
prerank,Interleukin-20 Family Signaling R-HSA-8854691,0.23168196345849806,0.8099689214316451,0.7342192691029901,0.9782919818051291,1.0,5/20,12.01%,STAT4;JAK1;STAT1;PTPN11;IL20RA
prerank,Formation Of RNA Pol II Elongation Complex R-HSA-112382,0.17261750143951615,0.8087965872846813,0.8461538461538461,0.977931846005729,1.0,8/57,10.54%,IWS1;ELOC;CTR9;CDK7;NCBP2;GTF2H1;CCNT1;CDC73
prerank,Oxygen-dependent Proline Hydroxylation Of Hypoxia-inducible Factor Alpha R-HSA-1234176,0.1694981651618321,0.8058401901181046,0.8565022421524664,0.9809423028470647,1.0,8/61,7.42%,ELOC;PSMC2;CUL2;PSMA6;PSMA3;HIF1A;PSMD6;PSMD5
prerank,Fcgamma Receptor (FCGR) Dependent Phagocytosis R-HSA-2029480,0.16328061104234126,0.8055351674333635,0.8579881656804734,0.979083850288884,1.0,19/80,17.75%,MYO1E;MYH2;ITPR2;PLPP4;MAPK1;FCGR2A;ACTR3;ITPR1;ARPC5;PTK2;PIK3CA;CDC42;MYO5A;NCKAP1;ABI1;WASF1;MYO10;ABI2;ACTR2
prerank,Biosynthesis Of N-glycan Precursor (Dolichol LLO) And Transfer To Protein R-HSA-446193,0.16574932206928383,0.8042442655719785,0.8947368421052632,0.9789469399553433,1.0,15/73,14.84%,UAP1;ALG8;CMAS;SLC17A5;GNE;ST6GALNAC2;SRD5A3;ALG13;PGM3;FPGT;SLC35A1;ST8SIA4;NANP;RENBP;ALG6
prerank,Defects In Vitamin And Cofactor Metabolism R-HSA-3296482,0.23459632144832954,0.8007155649171391,0.7540983606557377,0.9826951957253489,1.0,6/18,20.12%,MCCC2;MMADHC;HLCS;PCCA;PCCB;MMUT
prerank,Circadian Clock R-HSA-400253,0.16751216391382798,0.8003987397837942,0.8731707317073171,0.9808605300310833,1.0,10/67,10.12%,SKP1;MBD4;BHLHE41;LIN9;HIF1A;BMAL2;CHD9;SERPINE1;MEF2C;CLOCK
prerank,Transferrin Endocytosis And Recycling R-HSA-917977,0.2000198442160451,0.7991573598623649,0.7689655172413793,0.9806194477791117,1.0,6/31,12.83%,ATP6V0E1;ATP6V1E1;STEAP2;ATP6V1D;ATP6V1C1;HFE
prerank,Signaling By EGFR In Cancer R-HSA-1643713,0.21349073636845262,0.7972274800340357,0.7913385826771654,0.9816250003651096,1.0,6/24,16.27%,EGFR;EPGN;TGFA;PIGU;PIK3CA;SOS1
prerank,Deposition Of New CENPA-containing Nucleosomes At Centromere R-HSA-606279,0.18392313798203117,0.7955826308212424,0.8209606986899564,0.9822242683481159,1.0,9/42,14.54%,SMARCA5;H2BC15;H2BC12;CENPN;H2BC21;RSF1;CENPU;H2AJ;CENPP
prerank,FCERI Mediated NF-kB Activation R-HSA-2871837,0.16527171638907653,0.7912348739547074,0.8712871287128713,0.9871586406959878,1.0,16/73,17.02%,SKP1;PSMC2;TAB2;PSMA6;PSMA3;PSMD6;PSMD5;UBE2V1;MALT1;TAB3;PSMD10;PSMD14;TRAF6;FBXW11;PSME3;PSMC1
prerank,SCF-beta-TrCP Mediated Degradation Of Emi1 R-HSA-174113,0.17540050114428482,0.7904334565301232,0.8607594936708861,0.9861200132226804,1.0,6/51,7.42%,SKP1;PSMC2;PSMA6;PSMA3;PSMD6;PSMD5
prerank,Signaling By NTRK2 (TRKB) R-HSA-9006115,0.2144024615735319,0.7901214225840127,0.7852112676056338,0.9841992507846512,1.0,8/23,18.44%,TIAM1;PTPN11;PIGU;PIK3CA;NTRK2;FRS2;SOS1;GRIN2B
prerank,GSK3B And BTRC:CUL1-mediated-degradation Of NFE2L2 R-HSA-9762114,0.17510243815869636,0.7882999591251164,0.8938775510204081,0.984805499122726,1.0,6/50,7.42%,SKP1;PSMC2;PSMA6;PSMA3;PSMD6;PSMD5
prerank,RAF Activation R-HSA-5673000,0.19648877400328008,0.7877553777523316,0.7811320754716982,0.9833645112721349,1.0,7/31,15.78%,BRAF;MAP2K1;PPP2CB;PPP2CA;PPP2R1B;SHOC2;MRAS
prerank,FBXL7 Down-Regulates AURKA During Mitotic Entry And In Early Mitosis R-HSA-8854050,0.17418715367879814,0.786199930979937,0.8530612244897959,0.9835459542668743,1.0,6/51,7.42%,SKP1;PSMC2;PSMA6;PSMA3;PSMD6;PSMD5
prerank,Fatty acyl-CoA Biosynthesis R-HSA-75105,0.19000336479990268,0.7851631790486702,0.8625,0.9829465342222807,1.0,10/34,20.05%,HACD2;ELOVL4;ACSBG2;HACD1;HSD17B12;PPT1;HACD4;ACSL5;ACSL3;HACD3
prerank,Cell Surface Interactions At Vascular Wall R-HSA-202733,0.14705166226095115,0.7819445526809775,0.961038961038961,0.9858140970673984,1.0,27/116,20.84%,GYPE;PSG5;PSG2;TEK;THBD;PSG8;APOB;PSG3;CD177;GRB14;PTPN11;ITGA4;PF4;MMP1;PIK3CA;SIRPG;PSG7;PROCR;SOS1;GYPB;PSG11;ITGB3;CD84;PSG6;ANGPT2;PROS1;SLC16A8
prerank,Degradation Of GLI1 By Proteasome R-HSA-5610780,0.17098773879343593,0.7818056247447691,0.8828451882845189,0.9836922892672508,1.0,6/54,7.42%,SKP1;PSMC2;PSMA6;PSMA3;PSMD6;PSMD5
prerank,"TICAM1, RIP1-mediated IKK Complex Recruitment R-HSA-168927",0.22631162732112825,0.7811821010780925,0.7736486486486487,0.9822616819239545,1.0,5/18,19.88%,TLR3;UBE2V1;TRAF6;BIRC3;UBE2D3
prerank,Synthesis Of Substrates In N-glycan Biosythesis R-HSA-446219,0.16366344976327665,0.7773791157837108,0.8792270531400966,0.9858459128332184,1.0,12/59,13.82%,UAP1;CMAS;SLC17A5;GNE;ST6GALNAC2;SRD5A3;PGM3;FPGT;SLC35A1;ST8SIA4;NANP;RENBP
prerank,Insulin Receptor Recycling R-HSA-77387,0.20776983236784907,0.7763951192684064,0.7884615384615384,0.9849416747831208,1.0,4/25,11.36%,ATP6V0E1;ATP6V1E1;ATP6V1D;ATP6V1C1
prerank,ERCC6 (CSB) And EHMT2 (G9a) Positively Regulate rRNA Expression R-HSA-427389,0.18961472193699966,0.7756129488981331,0.8407407407407408,0.9837544806157758,1.0,5/32,8.51%,ERCC6;H2BC15;H2BC12;H2BC21;H3C13
prerank,Epigenetic Regulation Of Gene Expression R-HSA-212165,0.14872417691540224,0.7746717104598558,0.9337016574585635,0.9828963698155319,1.0,12/100,9.01%,MYO1E;TAF1B;ERCC6;SMARCA5;H2BC15;CDK7;H2BC12;POLR1B;H2BC21;H3C13;GTF2H1;SUZ12
prerank,CDK-mediated Phosphorylation And Removal Of Cdc6 R-HSA-69017,0.16064218481610398,0.7725611894613554,0.916256157635468,0.9839234616563252,1.0,16/69,17.02%,PSMC2;PSMA6;PSMA3;PSMD6;PSMD5;CDC27;ANAPC1;PSMD10;ANAPC4;CDC26;PSMD14;CDC16;PSME3;CCNA2;CCNE2;PSMC1
prerank,Regulation Of IGF Transport And Uptake By IGFBPs R-HSA-381426,0.14800006532737814,0.7716749354953675,0.9432624113475178,0.9828435673334754,1.0,18/102,13.54%,DNAJC3;KNG1;CDH2;TGOLN2;VCAN;APOB;IGFBP3;CP;SPARCL1;KLKB1;PAPPA;IGF1;CALU;MATN3;CHRDL1;APOL1;MMP1;FSTL1
prerank,Glucose Metabolism R-HSA-70326,0.15454228502292347,0.7695474045815253,0.9161676646706587,0.9837145487565656,1.0,22/80,20.01%,NUP133;NUP88;NUP58;NUP107;RANBP2;HOOK3;PPP2CB;PPP2CA;TPR;NDC1;PGK1;NUP54;PPP2R1B;NUP155;MAP4K5;NUP205;SLC25A13;PCNX4;GNPDA2;PFKP;NUP214;GOT2
prerank,Diseases Of Mitotic Cell Cycle R-HSA-9675126,0.18186947236967999,0.7683743462411055,0.8367346938775511,0.9830522348474273,1.0,12/38,18.56%,RB1;TFDP1;CDC27;ANAPC1;ANAPC4;CDC26;CCND2;CDC16;CCNE2;CCND1;SKP2;ATRX
prerank,RNA Polymerase I Transcription Termination R-HSA-73863,0.1959818322639089,0.7662866823153761,0.8576923076923076,0.9836446132977554,1.0,4/30,8.52%,TAF1B;CDK7;POLR1B;GTF2H1
prerank,TCR Signaling R-HSA-202403,0.15038627064912238,0.764447383455282,0.9428571428571428,0.9838468720821663,1.0,15/100,11.07%,SKP1;PTPRJ;PSMC2;TAB2;PSMA6;LCP2;PSMA3;PSMD6;PSMD5;UBE2V1;MALT1;PTPN22;PKN2;ENAH;PSMD10
prerank,PI3K Events In ERBB2 Signaling R-HSA-1963642,0.23511529278352944,0.7633904556233099,0.8085106382978723,0.9830478889015191,1.0,4/15,13.42%,EGFR;ERBB4;PIGU;PIK3CA
prerank,CLEC7A (Dectin-1) Signaling R-HSA-5607764,0.1486583738655875,0.760334839410293,0.9642857142857143,0.9850333866265399,1.0,11/93,7.91%,SKP1;ITPR2;PSMC2;TAB2;PSMA6;PSMA3;PSMD6;PSMD5;ITPR1;UBE2V1;MALT1
prerank,APC/C:Cdh1 Mediated Degradation Of Cdc20 And APC/C:Cdh1 Targets In Late Mitosis/Early G1 R-HSA-174178,0.15351338225918157,0.7583241602684921,0.9540816326530612,0.9855478743221426,1.0,15/70,17.02%,PSMC2;PSMA6;PSMA3;PSMD6;RB1;PSMD5;CDC27;ANAPC1;PSMD10;ANAPC4;CDC26;PSMD14;CDC16;PSME3;PSMC1
prerank,Formation Of Incision Complex In GG-NER R-HSA-5696395,0.1757574702801118,0.7578439234444886,0.8903508771929824,0.9839286540304194,1.0,6/42,9.16%,PIAS1;PARP2;CDK7;POLR1B;GTF2H1;SUMO1
prerank,RHO GTPases Activate WASPs And WAVEs R-HSA-5663213,0.1816474638188154,0.7577990719755484,0.8814229249011858,0.9817401743306019,1.0,10/34,17.75%,MAPK1;ACTR3;ARPC5;PTK2;CDC42;NCKAP1;ABI1;WASF1;ABI2;ACTR2
prerank,FLT3 Signaling In Disease R-HSA-9682385,0.1982130312068207,0.7575364581719073,0.8672199170124482,0.9798763340952819,1.0,7/26,16.27%,GOLGB1;PTPN11;ZMYM2;TRIP11;PIK3CA;NOX4;SOS1
prerank,Formation Of TC-NER Pre-Incision Complex R-HSA-6781823,0.168511654803938,0.7574025213417304,0.9090909090909091,0.9777922649697692,1.0,7/52,9.10%,AQR;ERCC6;COPS4;COPS2;CDK7;GTF2H1;USP7
prerank,Regulation Of HSF1-mediated Heat Shock Response R-HSA-3371453,0.15370724217866752,0.7549034829659967,0.930635838150289,0.9788722034268253,1.0,20/75,19.56%,NUP133;NUP88;MAPK1;NUP58;NUP107;BAG2;RANBP2;POLR1B;TPR;NDC1;NUP54;NUP155;DNAJB6;HSPH1;NUP205;SIRT1;HSPA4L;HIKESHI;HSPA14;NUP214
prerank,DNA Methylation R-HSA-5334118,0.211960013035579,0.7497311716176837,0.8295081967213115,0.9832776648074196,1.0,5/20,13.09%,H2BC15;H2BC12;H2BC21;H3C13;H2AJ
prerank,Aberrant Regulation Of Mitotic Cell Cycle Due To RB1 Defects R-HSA-9687139,0.18002521845463273,0.7474227327669952,0.85,0.984028507330534,1.0,11/36,18.53%,RB1;TFDP1;CDC27;ANAPC1;ANAPC4;CDC26;CCND2;CDC16;CCNE2;CCND1;SKP2
prerank,Degradation Of DVL R-HSA-4641258,0.16211613756319732,0.7456140499861484,0.9215686274509803,0.9839226706483948,1.0,9/52,13.59%,DACT1;PSMC2;PSMA6;PSMA3;PSMD6;PSMD5;PSMD10;KLHL12;PSMD14
prerank,Cellular Response To Hypoxia R-HSA-1234174,0.15361127842878558,0.7412299973883127,0.9617224880382775,0.9868902155456777,1.0,11/70,11.07%,ELOC;PSMC2;CUL2;PSMA6;PSMA3;HIF1A;PSMD6;PSMD5;CITED2;HIGD1A;PSMD10
prerank,Recruitment Of NuMA To Mitotic Centrosomes R-HSA-380320,0.14912736633882412,0.7409375181817964,0.9625668449197861,0.985013151327947,1.0,16/78,14.74%,MAPRE1;PAFAH1B1;CEP76;TUBB4A;HAUS1;CEP192;CEP63;HAUS6;DYNLL1;AKAP9;CCP110;PLK4;CEP152;CLASP1;YWHAG;PCM1
prerank,Condensation Of Prophase Chromosomes R-HSA-2299718,0.1850080340061119,0.7401904330918749,0.8715953307392996,0.9836168368692768,1.0,5/30,8.51%,H2BC15;H2BC12;RB1;H2BC21;H3C13
prerank,RUNX1 Regulates Transcription Of Genes Involved In Differentiation Of HSCs R-HSA-8939236,0.14866991577937527,0.7364609368198662,0.971830985915493,0.985538913551998,1.0,14/78,13.68%,PSMC2;H2BC15;PSMA6;CDK7;H2BC12;PSMA3;PSMD6;PSMD5;H2BC21;H3C13;PSMD10;H2AJ;PSMD14;MYB
prerank,RNA Polymerase II Transcribes snRNA Genes R-HSA-6807505,0.15222288277215845,0.7363736621627232,0.9580838323353293,0.9834049691305093,1.0,14/72,14.47%,ELL2;CDK7;NCBP2;INTS6;RPRD2;INTS13;TAF13;CCNT1;SNAPC3;ICE2;GTF2B;RPRD1B;CCNK;NABP1
prerank,GLI3 Is Processed To GLI3R By Proteasome R-HSA-5610785,0.1597694767994668,0.7360647672110784,0.934156378600823,0.981596237604173,1.0,6/55,7.42%,SKP1;PSMC2;PSMA6;PSMA3;PSMD6;PSMD5
prerank,Regulation Of Activated PAK-2p34 By Proteasome Mediated Degradation R-HSA-211733,0.16658635312259082,0.7355401172293456,0.92,0.9799705482192876,1.0,46/46,83.38%,PSMC2;PSMA6;PSMA3;PSMD6;PSMD5;PKN2;PSMD10;PSMD14;PSME3;PSMC1;PSMC6;PSME4;PSMD12;PSMA1;PSMD7;SEM1;PSMF1;PSMD2;PSMA2;PSMB7;PSMD13;PSMB5;PSME2;UBC;PSMD9;PSMB2;PSMA5;PSMC5;PSMD3;PSMC4;PSMA4;PSMB4;UBB;PSMB8;PSMD11;PSMB10;PSMA7;PSME1;PSMC3;PSMB9;RPS27A;UBA52;PSMB6;PSMD8;PSMD4;PSMB1
prerank,Antigen Activates B Cell Receptor Leading To Second Messenger Generation R-HSA-983695,0.1974995308181535,0.7345261707352841,0.8859934853420195,0.9787449525264652,1.0,7/23,21.85%,ITPR2;CD22;ITPR1;TRPC1;SOS1;CALM1;SH3KBP1
prerank,Ubiquitin Mediated Degradation Of Phosphorylated Cdc25A R-HSA-69601,0.16332530120481945,0.7326304198259572,0.930327868852459,0.9787443827088358,1.0,48/48,83.71%,PSMC2;PSMA6;PSMA3;CDC25A;PSMD6;PSMD5;PSMD10;PSMD14;CHEK1;PSME3;PSMC1;PSMC6;PSME4;PSMD12;PSMA1;PSMD7;SEM1;PSMF1;PSMD2;PSMA2;PSMB7;PSMD13;PSMB5;PSME2;UBC;PSMD9;PSMB2;PSMA5;PSMC5;PSMD3;PSMC4;PSMA4;PSMB4;UBB;PSMB8;PSMD11;PSMB10;PSMA7;PSME1;PSMC3;PSMB9;RPS27A;UBA52;PSMB6;PSMD8;PSMD4;PSMB1;CHEK2
prerank,Activation Of BAD And Translocation To Mitochondria R-HSA-111447,0.22301552844514266,0.7313430325989704,0.8301886792452831,0.9780832067926507,1.0,4/15,14.73%,REXO2;PPP3CC;YWHAQ;YWHAG
prerank,Inactivation Of APC/C Via Direct Inhibition Of APC/C Complex R-HSA-141430,0.20283345811310916,0.7310874418765956,0.8363636363636363,0.9762410691148706,1.0,5/21,15.43%,CDC27;ANAPC1;ANAPC4;CDC26;CDC16
prerank,Early Phase Of HIV Life Cycle R-HSA-162594,0.22654899880742793,0.7275240701920327,0.8504672897196262,0.9777864200625305,1.0,1/15,0.71%,XRCC4
prerank,Ras Activation Upon Ca2+ Influx Thru NMDA Receptor R-HSA-442982,0.20948026948989423,0.7202393426348854,0.870253164556962,0.9830682799435563,1.0,18/18,79.07%,DLG1;GRIN2B;CALM1;CAMK2D;ACTN2;CAMK2A;RASGRF1;CAMK2B;LRRC7;GRIN2D;MPP3;NRAS;MPP2;GPRIN1;RASGRF2;LLGL1;CAMK2G;HRAS
prerank,"Antigen Presentation: Folding, Assembly, Peptide Loading Of Class I MHC R-HSA-983170",0.18552825973126444,0.7194161361640751,0.8710801393728222,0.9816969063336495,1.0,4/27,8.65%,SEC24D;SAR1B;PIK3C3;SEC24B
prerank,NIK To Noncanonical NF-kB Signaling R-HSA-5676590,0.15899869520698112,0.7192399814212556,0.9356223175965666,0.9797512017907599,1.0,12/55,17.02%,SKP1;PSMC2;PSMA6;PSMA3;PSMD6;PSMD5;PSMD10;UBA3;PSMD14;FBXW11;PSME3;PSMC1
prerank,Autodegradation Of Cdh1 By Cdh1:APC/C R-HSA-174084,0.15177488485905535,0.7186114924639424,0.9615384615384616,0.9782986658715773,1.0,14/62,17.02%,PSMC2;PSMA6;PSMA3;PSMD6;PSMD5;CDC27;ANAPC1;PSMD10;ANAPC4;CDC26;PSMD14;CDC16;PSME3;PSMC1
prerank,RHOB GTPase Cycle R-HSA-9013026,0.14817654423858692,0.7185812339772345,0.9647058823529412,0.9762190093428676,1.0,17/69,19.48%,ACTC1;VAMP3;ARHGAP21;ARHGEF12;PKN2;PCDH7;ROCK1;MYO9A;ROCK2;ERBIN;DIAPH3;OPHN1;ARHGAP5;ARHGAP35;VANGL1;SLK;RACGAP1
prerank,"Unblocking Of NMDA Receptors, Glutamate Binding And Activation R-HSA-438066",0.19569623662524413,0.715533155988365,0.8927444794952681,0.9770866090470895,1.0,7/20,21.50%,GRIN2C;GRIN2A;GRIA3;DLG1;GRIN2B;CALM1;CAMK2D
prerank,RNA Polymerase I Transcription Initiation R-HSA-73762,0.16202609762443063,0.7140316969801573,0.9113924050632911,0.9765356532223279,1.0,5/45,8.52%,TAF1B;ERCC6;CDK7;POLR1B;GTF2H1
prerank,Cdc20:Phospho-APC/C Mediated Degradation Of Cyclin A R-HSA-174184,0.14842799899879836,0.7133414394627705,0.9792746113989638,0.9751153679614395,1.0,15/69,17.02%,PSMC2;PSMA6;PSMA3;PSMD6;PSMD5;CDC27;ANAPC1;PSMD10;ANAPC4;CDC26;PSMD14;CDC16;PSME3;CCNA2;PSMC1
prerank,APC/C:Cdc20 Mediated Degradation Of Securin R-HSA-174154,0.14862057912627027,0.7122178664444869,0.9754901960784313,0.9740364076665148,1.0,14/64,17.02%,PSMC2;PSMA6;PSMA3;PSMD6;PSMD5;CDC27;ANAPC1;PSMD10;ANAPC4;CDC26;PSMD14;CDC16;PSME3;PSMC1
prerank,Centrosome Maturation R-HSA-380287,0.143641851784653,0.7113663381557228,0.9783783783783784,0.9726784133008043,1.0,16/79,14.74%,MAPRE1;PAFAH1B1;CEP76;TUBB4A;HAUS1;CEP192;CEP63;HAUS6;DYNLL1;AKAP9;CCP110;PLK4;CEP152;CLASP1;YWHAG;PCM1
prerank,Listeria Monocytogenes Entry Into Host Cells R-HSA-8876384,0.21148796006874226,0.7109546816217266,0.8604651162790697,0.9710431812209862,1.0,4/18,10.03%,STAM2;RNMT;STAM;CBLL1
prerank,APC/C:Cdc20 Mediated Degradation Of Mitotic Proteins R-HSA-176409,0.1443209358072447,0.7096392434514448,0.9899497487437185,0.9701822313507844,1.0,15/72,17.02%,PSMC2;PSMA6;PSMA3;PSMD6;PSMD5;CDC27;ANAPC1;PSMD10;ANAPC4;CDC26;PSMD14;CDC16;PSME3;CCNA2;PSMC1
prerank,APC:Cdc20 Mediated Degradation Of Cell Cycle Proteins Before Cycle Checkpoint Satisfied R-HSA-179419,0.1468341880322949,0.7090968177576837,0.9794871794871794,0.9685551143534338,1.0,15/70,17.02%,PSMC2;PSMA6;PSMA3;PSMD6;PSMD5;CDC27;ANAPC1;PSMD10;ANAPC4;CDC26;PSMD14;CDC16;PSME3;CCNA2;PSMC1
prerank,Activation Of APC/C And APC/C:Cdc20 Mediated Degradation Of Mitotic Proteins R-HSA-176814,0.14330901653325628,0.7053921934442561,0.9899497487437185,0.9699531838321683,1.0,15/73,17.02%,PSMC2;PSMA6;PSMA3;PSMD6;PSMD5;CDC27;ANAPC1;PSMD10;ANAPC4;CDC26;PSMD14;CDC16;PSME3;CCNA2;PSMC1
prerank,RNA Polymerase III Transcription Initiation From Type 3 Promoter R-HSA-76071,0.1792883915478583,0.7049266182270828,0.9128630705394191,0.9683963117161758,1.0,3/27,7.34%,POLR3F;POLR3B;POLR3E
prerank,PINK1-PRKN Mediated Mitophagy R-HSA-5205685,0.19541778975741267,0.6981709376582064,0.8825503355704698,0.9720125502430271,1.0,22/22,80.48%,VDAC1;ATG5;MTERF3;MFN1;TOMM20;ATG12;MAP1LC3A;PINK1;MAP1LC3B;MFN2;TOMM5;TOMM7;TOMM40;UBC;PRKN;TOMM70;TOMM6;SQSTM1;UBB;RPS27A;UBA52;TOMM22
prerank,Aggrephagy R-HSA-9646399,0.18621428683609573,0.695238070981464,0.8850174216027874,0.9723474474535577,1.0,8/23,22.76%,ARL13B;DYNC1I1;UBE2V1;DYNLL1;DYNLL2;DYNC1LI1;DYNC1LI2;HSP90AA1
prerank,Transcriptional Regulation Of Granulopoiesis R-HSA-9616222,0.15986665452634383,0.6914838223124754,0.9477611940298507,0.9730597016819412,1.0,8/42,13.68%,H2BC15;H2BC12;H2BC21;TFDP1;H3C13;FLI1;H2AJ;MYB
prerank,RIP-mediated NFkB Activation Via ZBP1 R-HSA-1810476,0.20774691435555373,0.6828016858268248,0.9177631578947368,0.9773867015160496,1.0,2/15,8.78%,TLR3;NKIRAS1
prerank,Signaling By ERBB2 KD Mutants R-HSA-9664565,0.18453559882117104,0.6823582647502012,0.924901185770751,0.975619182409806,1.0,6/23,16.27%,EGFR;ERBB4;PIGU;ERBIN;PIK3CA;SOS1
prerank,Mitochondrial tRNA Aminoacylation R-HSA-379726,0.1820954928951598,0.6686859247676428,0.9692307692307692,0.9826400476156849,1.0,5/21,13.76%,RARS2;MARS2;NARS2;PPA2;YARS2
prerank,NGF-stimulated Transcription R-HSA-9031628,0.1617463757819372,0.6659258276012372,0.9580152671755725,0.9824868815450709,1.0,5/35,12.15%,ID3;KCNH8;F3;ARC;SGK1
prerank,Binding And Uptake Of Ligands By Scavenger Receptors R-HSA-2173782,0.16140658248953618,0.6534535079790612,0.967741935483871,0.9876228985317976,1.0,11/35,22.76%,MSR1;SCGB3A2;APOB;CD163;APOL1;HSPH1;CD36;COLEC11;SCARF1;DLC1;HSP90AA1
prerank,Removal Of Flap Intermediate From C-strand R-HSA-174437,0.20066113413898845,0.649515952674569,0.9467084639498433,0.9876654795529902,1.0,4/16,15.04%,POLR1B;TERF1;PCNA;WRN
prerank,Processive Synthesis On C-strand Of Telomere R-HSA-174414,0.1891722810394612,0.6404706682470713,0.9404388714733543,0.9902057823129252,1.0,18/18,81.10%,POLR1B;TERF1;PCNA;WRN;POT1;DNA2;TINF2;BLM;FEN1;POLR1A;LRIG1;RPA3;ACD;POLD3;POLD4;POLD2;TERF2;POLD1
prerank,Role Of Nef In HIV-1 Replication And Disease Pathogenesis R-HSA-164952,0.17113642038682134,0.6364448685307875,0.9559748427672956,0.990087278154505,1.0,7/24,22.88%,AP1G1;PKN2;PACS1;B2M;AP2B1;AP1S3;CD28
prerank,Formation Of Cornified Envelope R-HSA-6809371,0.1335245245566213,0.6299108349574406,0.9954128440366973,0.9908923901510812,1.0,6/59,11.02%,LIPJ;PKP4;LCE1B;LCE1E;LCE1A;CAPNS1
prerank,"Tristetraprolin (TTP, ZFP36) Binds And Destabilizes mRNA R-HSA-450513",0.19105503150349107,0.6291317399472348,0.9415807560137457,0.9891139561414628,1.0,3/16,13.03%,EXOSC3;XRN1;EXOSC9
prerank,Signaling By Cytosolic FGFR1 Fusion Mutants R-HSA-1839117,0.18305182618738255,0.6225573470399159,0.9437086092715232,0.9898241941404661,1.0,17/17,81.71%,STAT1;ZMYM2;PIK3CA;TRIM24;FGFR1OP2;LRRFIP1;PIK3R1;CEP43;CNTRL;STAT5A;GAB2;STAT3;MYO18A;CPSF6;CUX1;STAT5B;GRB2
prerank,Processive Synthesis On Lagging Strand R-HSA-69183,0.18914497425780674,0.6088942192852329,0.946843853820598,0.9926301902204181,1.0,15/15,81.10%,POLR1B;PCNA;POLA1;PRIM1;DNA2;PRIM2;FEN1;POLR1A;POLA2;LRIG1;RPA3;POLD3;POLD4;POLD2;POLD1
prerank,Sphingolipid De Novo Biosynthesis R-HSA-1660661,0.14000033067488596,0.6053058831340723,0.9877049180327869,0.9916491040860789,1.0,6/43,13.14%,PRKD1;PRKD3;PLPP1;SGMS1;CERS6;SAMD8
prerank,RHOBTB2 GTPase Cycle R-HSA-9013418,0.1544080201652151,0.5630067591532968,0.9803921568627451,1.0,1.0,7/23,20.32%,CCT6A;MYO6;TWF1;SRRM1;TMOD3;STK38;MSI2
prerank,APC/C:Cdc20 Mediated Degradation Of Cyclin B R-HSA-174048,0.14413046772886695,0.5430711558967252,0.9846743295019157,1.0,1.0,5/24,15.43%,CDC27;ANAPC1;ANAPC4;CDC26;CDC16
prerank,Diseases Associated With N-glycosylation Of Proteins R-HSA-3781860,0.15131068915468848,0.5349438902985505,0.9870967741935484,1.0,1.0,4/19,17.63%,ALG8;ALG13;ALG6;ALG9
prerank,Nef-mediated Downmodulation Of Cell Surface Receptors By Recruitment To Clathrin Adapters R-HSA-164938,0.14985517330334433,0.5089270539822472,1.0,1.0,1.0,6/18,22.88%,AP1G1;PACS1;B2M;AP2B1;AP1S3;CD28
prerank,Assembly And Cell Surface Presentation Of NMDA Receptors R-HSA-9609736,0.12913720065848136,0.4843439956442335,0.9930555555555556,1.0,1.0,2/24,6.60%,GRIN2C;GRIN2A
prerank,ABC Transporters In Lipid Homeostasis R-HSA-1369062,0.13838899047252431,0.46751071527239546,0.9966216216216216,0.9988835534213686,1.0,16/16,86.17%,PEX3;ABCA9;ABCA6;ABCA12;ABCA10;ABCG5;ABCG1;PEX19;ABCA7;ABCG4;ABCD3;ABCA5;ABCA2;ABCD2;ABCD1;ABCA3
prerank,Chemokine Receptors Bind Chemokines R-HSA-380108,-0.1062569240402678,-0.37491102821614686,1.0,0.9998425566913406,1.0,37/37,89.40%,CXCR6;CX3CL1;CCL22;CXCL16;CXCR5;ACKR3;CXCL10;ACKR4;CCL20;CCR1;CCR7;CCR9;CX3CR1;CNOT6;CCL28;CCL27;CCL13;CXCL12;CXCL2;CCL7;ACKR2;PPBP;XCL1;CCL19;CCR5;CCL11;CCL2;CXCL1;CXCL3;CXCL6;CXCR4;CXCL5;CXCR1;CCRL2;CXCL8;PF4;CXCR2
prerank,APC-Cdc20 Mediated Degradation Of Nek2A R-HSA-179409,-0.12705866642289185,-0.4084461774174426,1.0,1.0,1.0,15/26,52.69%,ANAPC7;ANAPC11;UBA52;RPS27A;BUB3;UBB;UBE2S;UBC;ANAPC5;ANAPC16;UBE2C;ANAPC2;ANAPC15;CDC20;UBE2D1
prerank,Regulation Of Pyruvate Dehydrogenase (PDH) Complex R-HSA-204174,-0.16808026494411174,-0.47568260926457756,0.9956584659913169,1.0,1.0,7/15,42.68%,PDK3;GSTZ1;PDHA1;PDK2;PPARD;RXRA;PDHB
prerank,Activation Of G Protein Gated Potassium Channels R-HSA-1296041,-0.14728806668597771,-0.4792522425281524,0.9972972972972973,1.0,1.0,5/26,22.33%,GNG13;GNB3;GNB2;UBD;GNB5
prerank,"Adrenaline,noradrenaline Inhibits Insulin Secretion R-HSA-400042",-0.1475951571487743,-0.4965429930239591,0.997289972899729,1.0,1.0,5/27,22.33%,GNG13;GNB3;ADCY6;GNB2;GNB5
prerank,DNA Strand Elongation R-HSA-69190,-0.14957410498714646,-0.507587131557221,0.993234100135318,1.0,1.0,1/31,0.60%,SLC19A1
prerank,Cell-extracellular Matrix Interactions R-HSA-446353,-0.1811496063965265,-0.5229992340858146,0.9842632331902719,1.0,1.0,3/16,17.98%,ARHGEF6;FBLIM1;ACTN1
prerank,mTORC1-mediated Signaling R-HSA-166208,-0.1680564811200435,-0.5341499835476557,0.9747191011235955,1.0,1.0,6/24,24.55%,EIF4EBP1;EIF4B;LAMTOR5;RPS6;MLST8;LAMTOR4
prerank,Synthesis Of Glycosylphosphatidylinositol (GPI) R-HSA-162710,-0.1843293753037442,-0.5355864980817665,0.9732540861812778,1.0,1.0,12/17,51.86%,PIGC;PIGQ;PIGL;PIGZ;PIGG;PIGX;PIGO;PIGA;PIGV;PIGH;PIGM;DPM2
prerank,Signaling By PDGFR In Disease R-HSA-9671555,-0.17804315318310515,-0.5367183134401773,0.9804195804195804,1.0,1.0,9/18,42.84%,PIK3R2;GRB2;HRAS;KDR;PIK3CB;FIP1L1;STAT3;WDR48;PDGFRA
prerank,TAK1-dependent IKK And NF-kappa-B Activation R-HSA-445989,-0.1489282565934364,-0.5425212174142213,0.9923664122137404,1.0,1.0,20/44,41.07%,NOD1;RELA;IKBKB;S100B;HMGB1;UBA52;RPS27A;NKIRAS2;IRAK2;UBB;IRAK1;LRRC14;NOD2;ALPK1;TAB1;TP53;NFKB2;UBC;SAA2;NFKBIB
prerank,Global Genome Nucleotide Excision Repair (GG-NER) R-HSA-5696399,-0.1317462533156172,-0.5454789957464554,0.9987775061124694,1.0,1.0,34/82,44.09%,SLC19A1;PARP1;ACTR5;ERCC1;YY1;CUL4A;INO80E;POLD1;GPS1;COPS7A;MCRS1;ERCC3;POLD2;UBA52;RPS27A;DDB2;RAD23A;POLD4;UBB;INO80B;TFPT;POLD3;COPS6;PIAS3;CHD1L;SUMO2;GTF2H4;RFC2;RPA3;UBC;RBX1;LRIG1;INO80C;COPS5
prerank,HDMs Demethylate Histones R-HSA-3214842,-0.17235774299288087,-0.5593209174059908,0.9693593314763231,1.0,1.0,9/24,38.10%,KDM6B;KDM6A;PHF8;KDM4B;KDM2A;KDM4A;PHF2;KDM5A;KDM4C
prerank,Interconversion Of Nucleotide Di- And Triphosphates R-HSA-499943,-0.16789861923436164,-0.5614940984157182,0.9757738896366084,1.0,1.0,10/28,35.83%,AK7;TXN2;NME3;DCTPP1;AK1;AK6;GUK1;DCTD;NME4;DTYMK
prerank,"Incretin Synthesis, Secretion, And Inactivation R-HSA-400508",-0.1984407913382108,-0.5621771424680704,0.9779735682819384,1.0,1.0,2/15,10.71%,GNG13;GNB3
prerank,RNA Pol II CTD Phosphorylation And Interaction With CE R-HSA-77075,-0.17186956062789904,-0.5706093871091908,0.9824797843665768,1.0,1.0,13/27,43.10%,POLR2E;GTF2F1;POLR2I;ERCC3;POLR2D;POLR2A;POLR2G;POLR2H;SUPT5H;GTF2H4;POLR2F;POLR2K;POLR2L
prerank,Laminin Interactions R-HSA-3000157,-0.18543763990323836,-0.5804613648647738,0.9651162790697675,1.0,1.0,1/22,0.35%,COL18A1
prerank,Biosynthesis Of Specialized Proresolving Mediators (SPMs) R-HSA-9018678,-0.20705406035975238,-0.583496325130497,0.9474474474474475,1.0,1.0,7/15,36.46%,GSTM4;CYP3A4;GPX4;PTGR1;LTC4S;CYP1A1;ALOX5
prerank,Mitochondrial Fatty Acid Beta-Oxidation R-HSA-77289,-0.16864654890296898,-0.5868251265897597,0.9839357429718876,1.0,1.0,10/34,28.67%,ECI1;ACSF2;ACOT7;ACBD7;MECR;DBI;MCAT;ACADS;ACADVL;ECHS1
prerank,Downstream TCR Signaling R-HSA-202424,-0.14366487743650658,-0.589618185869598,0.9936788874841972,1.0,1.0,40/80,44.90%,HLA-DPA1;PRKCQ;PIK3R2;RELA;HLA-DRB5;IKBKB;PSMB1;PSMD4;PSMD8;PSMB6;UBA52;RPS27A;PSMB9;PSMC3;PSME1;PSMA7;PSMB10;PSMD11;PSMB8;CDC34;PIK3CB;UBB;PSMB4;PSMA4;BCL10;PSMC4;PSMD3;PSMC5;CARD11;PSMA5;HLA-DRA;PSMB2;PSMD9;HLA-DRB1;UBC;PSME2;PSMB5;INPP5D;PSMD13;CD4
prerank,Potential Therapeutics For SARS R-HSA-9679191,-0.14353997933401308,-0.5941983417569379,0.9902912621359223,1.0,1.0,23/85,34.53%,CRBN;VEGFA;HSP90AB1;IMPDH2;PTGES3;RBBP4;HMG20B;BRD4;SUDS3;COMT;GRB2;MTA1;JAK3;FXYD6-FXYD2;SIGMAR1;TLR9;FURIN;STAT2;TYK2;FKBP4;GATAD2A;AP2S1;VAV1
prerank,Cross-presentation Of Soluble Exogenous Antigens (Endosomes) R-HSA-1236978,-0.1591898628120012,-0.5970408389185287,0.9734748010610079,1.0,1.0,23/43,44.06%,MRC2;PSMB1;PSMD4;PSMD8;PSMB6;PSMB9;PSMC3;PSME1;PSMA7;PSMB10;PSMD11;PSMB8;PSMB4;PSMA4;PSMC4;PSMD3;PSMC5;PSMA5;PSMB2;PSMD9;PSME2;PSMB5;PSMD13
prerank,Cellular Response To Heat Stress R-HSA-3371556,-0.14303948732451932,-0.5998409545570821,0.9916963226571768,1.0,1.0,25/93,30.77%,HSPA2;TNFRSF21;CREBBP;NUP42;HSP90AB1;HDAC6;BAG5;PTGES3;HSF1;HSPA1B;HSPA1A;SEH1L;RPS19BP1;DEDD2;SERPINH1;MLST8;GSK3B;POM121;CAMK2G;NUP62;HSBP1;BAG1;CCAR2;UBB;DNAJB1
prerank,TP53 Regulates Transcription Of DNA Repair Genes R-HSA-6796648,-0.15477546954855778,-0.6023505860315617,0.9763092269326683,1.0,1.0,23/59,38.19%,ELL;NELFB;POLR2E;ELOB;NELFA;GTF2F1;POLR2I;ERCC3;POLR2D;SSRP1;POLR2A;NELFCD;POLR2G;DDB2;MDC1;CTDP1;NELFE;CDK9;POLR2H;SUPT5H;GTF2H4;POLR2F;TP53
prerank,Transcription-Coupled Nucleotide Excision Repair (TC-NER) R-HSA-6781827,-0.146500138513885,-0.6043226835746792,0.9854191980558931,1.0,1.0,19/77,25.45%,SLC19A1;ELL;PRPF19;ERCC1;POLR2E;PPIE;CUL4A;POLD1;POLR2I;GPS1;COPS7A;XAB2;ERCC3;POLR2D;POLD2;UBA52;POLR2A;RPS27A;POLR2G
prerank,Antimicrobial Peptides R-HSA-6803157,-0.1735046492584456,-0.6047706133594599,0.9589235127478754,1.0,1.0,9/34,31.94%,ELANE;TSPAN32;SLC11A1;CLU;TRIM21;DEFB4A;LEAP2;PGLYRP3;TLR2
prerank,TRP Channels R-HSA-3295583,-0.19294841543855706,-0.6053352130575759,0.9568965517241379,1.0,1.0,14/21,50.41%,TRPC6;TRPC5;TRPV2;TRPC4AP;TRPM3;MCOLN2;TRPM1;TRPC3;TRPV3;TRPV4;TRPM4;MCOLN1;TRPV1;TRPM8
prerank,Signaling By ERBB2 TMD/JMD Mutants R-HSA-9665686,-0.20079192644149163,-0.6065330767277217,0.950207468879668,1.0,1.0,11/20,43.20%,NRG2;GRB2;EGF;HRAS;EREG;PLCG1;CDC37;NRG4;ERBB3;SHC1;ERBB2
prerank,Processing Of Intronless Pre-mRNAs R-HSA-77595,-0.19880486454663787,-0.6107964532814598,0.9593267882187938,1.0,1.0,9/20,35.28%,CPSF1;NUDT21;SYMPK;CPSF7;CPSF4;CPSF6;FIP1L1;PABPN1;CSTF2
prerank,Transcription Of HIV Genome R-HSA-167172,-0.15436415274788365,-0.6110607441449082,0.9899623588456713,1.0,1.0,17/66,25.45%,ELL;NELFB;TAF3;POLR2E;ELOB;TAF4;NELFA;TAF6;GTF2F1;POLR2I;ERCC3;POLR2D;SSRP1;POLR2A;NELFCD;TAF7;POLR2G
prerank,Syndecan Interactions R-HSA-3000170,-0.2042598139438012,-0.6119502841475306,0.9365303244005642,1.0,1.0,11/19,48.25%,SDC4;ACTN1;TGFB1;TRAPPC4;FGF13;VTN;SDC3;SDC1;ITGB1;ITGB4;ITGAV
prerank,Activation Of NF-kappaB In B Cells R-HSA-1169091,-0.15441363070781233,-0.6141670596953449,0.9668789808917198,1.0,1.0,31/62,41.44%,RELA;IKBKB;PRKCB;PSMB1;PSMD4;PSMD8;PSMB6;UBA52;RPS27A;PSMB9;PSMC3;PSME1;PSMA7;NFKBIE;PSMB10;PSMD11;PSMB8;UBB;PSMB4;PSMA4;BCL10;PSMC4;PSMD3;PSMC5;CARD11;PSMA5;PSMB2;PSMD9;UBC;NFKBIB;PSME2
prerank,Cytosolic tRNA Aminoacylation R-HSA-379716,-0.1877592650890887,-0.6171274866699763,0.9537166900420757,1.0,1.0,11/24,37.37%,MARS1;TARS1;YARS1;SARS1;AARS1;QARS1;FARSA;WARS1;LARS1;AIMP2;CARS1
prerank,SHC1 Events In ERBB2 Signaling R-HSA-1250196,-0.2036384987382045,-0.6189182959518646,0.9456521739130435,1.0,1.0,11/20,43.20%,NRG2;PRKCE;GRB2;EGF;HRAS;EREG;NRG4;PRKCD;ERBB3;SHC1;ERBB2
prerank,TNF Signaling R-HSA-75893,-0.1713831320984021,-0.6234670782042769,0.9667994687915007,1.0,1.0,18/42,37.92%,RACK1;SHARPIN;IKBKB;SMPD2;TRAF1;RNF31;RBCK1;UBA52;RPS27A;SPPL2B;UBB;TNFRSF1A;TAB1;TNF;FADD;TRADD;SMPD3;USP4
prerank,Transport Of Mature mRNA Derived From An Intron-Containing Transcript R-HSA-159236,-0.15701938438071736,-0.6247496059631532,0.9788293897882939,1.0,1.0,24/69,32.52%,NUP42;U2AF2;RNPS1;SRSF5;SRSF3;SRSF9;CHTOP;EIF4A3;SEH1L;SRSF1;THOC6;SRSF6;SRSF11;POM121;NUP62;U2AF1;SRSF4;DDX39B;THOC5;DDX39A;U2AF1L4;NUP85;CASC3;UPF3B
prerank,Dual Incision In TC-NER R-HSA-6782135,-0.15786791745226353,-0.625859506826693,0.969270166453265,1.0,1.0,28/65,41.86%,SLC19A1;PRPF19;ERCC1;POLR2E;PPIE;CUL4A;POLD1;POLR2I;XAB2;ERCC3;POLR2D;POLD2;UBA52;POLR2A;RPS27A;POLR2G;POLD4;UBB;POLD3;POLR2H;GTF2H4;POLR2F;UVSSA;RFC2;RPA3;UBC;POLR2K;RBX1
prerank,tRNA Aminoacylation R-HSA-379724,-0.17070338636617532,-0.627070907911742,0.9598445595854922,1.0,1.0,23/42,44.07%,MARS1;VARS2;SARS2;TARS1;CARS2;YARS1;SARS1;AARS1;QARS1;FARSA;WARS1;LARS2;LARS1;EARS2;PARS2;FARS2;AIMP2;CARS1;AARS2;TARS2;NARS1;HARS1;WARS2
prerank,TP53 Regulates Transcription Of Additional Cell Cycle Genes With Uncertain Roles In P53 Pathway R-HSA-6804115,-0.20861586443556598,-0.6275523657718736,0.9224137931034483,1.0,1.0,8/19,32.70%,NPM1;PLK3;PLK2;CNOT3;CNOT9;CNOT8;PLAGL1;CNOT10
prerank,BBSome-mediated Cargo-Targeting To Cilium R-HSA-5620922,-0.20242855046626443,-0.6293189840335712,0.948509485094851,1.0,1.0,2/22,7.47%,SMOX;BBS5
prerank,Neutrophil Degranulation R-HSA-6798695,-0.12835010742978814,-0.6295744515674481,0.9989743589743589,1.0,1.0,157/417,40.86%,GSN;TSPAN14;SYNGR1;ITM2C;RAB3A;CTSC;GAA;ELANE;NBEAL2;TNFRSF1B;C5AR1;ADAM8;SNAP25;RAP2B;TMC6;COMMD3;MAN2B1;TBC1D10C;HSP90AB1;RAB24;RHOF;CALML5;EEF2;IMPDH2;SLC11A1;CTSZ;PLAU;ATP8A1;HLA-A;CTSD;ACTR1B;CYSTM1;GALNS;UNC13D;HSPA1B;PTGES2;COMMD9;GCA;PTPRC;PPIE;ORMDL3;PTPN6;GSTP1;DDOST;PSMB1;HMOX2;CNN2;HSPA1A;FTL;SURF4;SERPINA1;PLEKHO2;HMGB1;DDX3X;AOC1;CST3;LILRA6;SNAP23;GUSB;AIFM2;GRN;GHDC;ACAA1;PSEN1;NDUFA2;ALDOC;CD44;STK10;NIT2;PRDX5;ARSA;TIMP2;KPNB1;RNASET2;GOLGA7;SLC2A3;CSNK2B;XRCC6;YPEL5;DPP7;CLEC12A;PYCARD;PSMC3;PLAC8;PTAFR;STK11IP;TXNDC5;CPNE1;IQGAP2;ATAD3B;NHLRC3;NAPRT;ARHGAP45;PSMD11;TOLLIP;SDCBP;PDAP1;APRT;RAB3D;PDXK;DGAT1;IDH1;PYGB;HRNR;TLR2;VNN1;VAMP8;APEH;GSDMD;SLC27A2;TYROBP;TMBIM1;TCIRG1;ILF2;NFAM1;PLAUR;CANT1;LAMTOR1;PTX3;PRKCSH;RHOG;PKM;CAPN1;CD63;HVCN1;AGPAT2;PKP1;FGR;ANPEP;ADGRE3;TMEM63A;FTH1;ALOX5;IST1;PRKCD;ITGAL;LAMP1;PFKL;QSOX1;PSMD3;EEF1A1;SLCO4C1;LYZ;CRISPLD2;PSMA5;SLPI;VCP;MGAM;CSTB;HGSNAT;IGF2R;LAMTOR2;ITGAX;LGALS3;KCNAB2;EGFL7;LPCAT1
prerank,Transport Of Mature Transcript To Cytoplasm R-HSA-72202,-0.15415290071194165,-0.6297933577313498,0.9718826405867971,1.0,1.0,28/78,33.57%,NUP42;U2AF2;RNPS1;SRSF5;SRSF3;SRSF9;CHTOP;EIF4A3;SEH1L;SRSF1;CPSF1;THOC6;SRSF6;SRSF11;SYMPK;POM121;NUP62;U2AF1;SRSF4;DDX39B;THOC5;DDX39A;U2AF1L4;CPSF4;NUP85;CASC3;UPF3B;FIP1L1
prerank,Ovarian Tumor Domain Proteases R-HSA-5689896,-0.17928678594983227,-0.6319913411030434,0.9545454545454546,1.0,1.0,17/37,40.67%,NOD1;PROC;TRIM4;RNF135;UBA52;OTUB1;RPS27A;MAVS;OTUB2;TNIP1;UBB;NOD2;TP53;TNIP2;YOD1;VCP;UBC
prerank,Opioid Signaling R-HSA-111885,-0.15308488002115717,-0.6324157218152837,0.980440097799511,1.0,1.0,31/82,36.73%,ADCY1;CAMK4;PRKAR2B;PRKAR1A;PDE4D;GNG13;GNB3;PPP3CA;GNA11;PRKX;GNA14;ADCY6;GNB2;KPNA2;POMC;GNB5;GNAL;CAMK2G;PRKAR2A;PPP1CA;ADCY8;PDE4A;ITPR3;GRK2;CAMKK1;GNGT2;PLCB3;PPP2R5D;PPP2R1A;PRKCD;GNA15
prerank,"Transport Of Vitamins, Nucleosides, And Related Molecules R-HSA-425397",-0.182248245745784,-0.6328422257578795,0.9477211796246648,1.0,1.0,14/34,35.96%,SLC29A2;SLCO4A1;NLRP3;SLC28A2;SLC25A6;SLC29A4;SLC16A2;ARL2;SLC35C1;SLC27A1;SLC35B2;SLC27A4;SLCO3A1;SLC29A3
prerank,Sphingolipid Metabolism R-HSA-428157,-0.15253418468459204,-0.6336365581488999,0.9805825242718447,1.0,1.0,19/79,24.56%,SPNS2;PLPP2;DEGS2;CPTP;ARSD;CERS4;CERS1;ORMDL3;SMPD2;CERK;ARSL;CSNK1G2;ARSJ;SUMF2;ARSA;PRKD2;GBA2;ARSI;CERS2
prerank,Peptide Ligand-Binding Receptors R-HSA-375276,-0.14877294164152838,-0.6351971346710443,0.9848661233993015,1.0,1.0,29/108,32.76%,F2RL3;NTSR1;GPR37;GRPR;CXCR6;C5AR1;NPFF;EDNRA;HEBP1;SST;NLRP3;MC1R;GAL;AVPR1A;BDKRB1;CX3CL1;CCL22;TAC1;POMC;BDKRB2;F2RL2;CXCL16;BRS3;F2RL1;CXCR5;NPB;F2R;APLN;GPER1
prerank,Triglyceride Catabolism R-HSA-163560,-0.22324302155745396,-0.6370619252041725,0.9200581395348837,1.0,1.0,5/15,28.62%,PNPLA4;FABP3;MGLL;PPP1CA;LIPE
prerank,Gap-filling DNA Repair Synthesis And Ligation In TC-NER R-HSA-6782210,-0.1606082391199244,-0.6382548807899985,0.9636135508155583,1.0,1.0,29/64,43.10%,SLC19A1;PRPF19;POLR2E;PPIE;CUL4A;POLD1;POLR2I;XAB2;ERCC3;POLR2D;POLD2;UBA52;POLR2A;RPS27A;POLR2G;POLD4;UBB;POLD3;POLR2H;GTF2H4;POLR2F;UVSSA;RFC2;RPA3;UBC;POLR2K;RBX1;LRIG1;POLR2L
prerank,Degradation Of GLI2 By Proteasome R-HSA-5610783,-0.1646420342617609,-0.6389254735746056,0.9683377308707124,1.0,1.0,30/55,44.06%,CSNK1A1;PSMB1;PSMD4;PSMD8;GSK3B;PSMB6;UBA52;RPS27A;PSMB9;PSMC3;PSME1;PSMA7;PSMB10;PSMD11;PSMB8;UBB;PSMB4;GLI2;PSMA4;PSMC4;PSMD3;PSMC5;PSMA5;PSMB2;PSMD9;UBC;PSME2;RBX1;PSMB5;PSMD13
prerank,Glucagon-like Peptide-1 (GLP1) Regulates Insulin Secretion R-HSA-381676,-0.18056713731718316,-0.6395263208936868,0.9528795811518325,1.0,1.0,13/37,34.01%,PRKAR2B;PRKAR1A;KCNS3;GNG13;GNB3;ADCY6;GNB2;GNB5;PRKAR2A;ADCY8;RAPGEF3;ITPR3;GNGT2
prerank,HIV Transcription Initiation R-HSA-167161,-0.1744327522684988,-0.6432964477782074,0.9544863459037711,1.0,1.0,11/44,25.45%,TAF3;POLR2E;TAF4;TAF6;GTF2F1;POLR2I;ERCC3;POLR2D;POLR2A;TAF7;POLR2G
prerank,SCF(Skp2)-mediated Degradation Of P27/P21 R-HSA-187577,-0.16409682329407266,-0.6442487348161797,0.9652509652509652,1.0,1.0,29/58,41.44%,CDKN1B;PSMB1;PTK6;PSMD4;CDK4;PSMD8;CKS1B;CDK2;PSMB6;UBA52;RPS27A;PSMB9;PSMC3;PSME1;PSMA7;PSMB10;PSMD11;PSMB8;UBB;PSMB4;PSMA4;PSMC4;PSMD3;PSMC5;PSMA5;PSMB2;PSMD9;UBC;PSME2
prerank,Cleavage Of Damaged Purine R-HSA-110331,-0.20341492474110098,-0.6445439402509443,0.9192886456908345,1.0,1.0,8/24,27.90%,H2AC7;MPG;OGG1;H2BC13;TERF2;H2AX;MUTYH;H2AZ2
prerank,Vif-mediated Degradation Of APOBEC3G R-HSA-180585,-0.16800354411973717,-0.6446666039097769,0.961892247043364,1.0,1.0,29/50,44.06%,ELOB;PSMB1;PSMD4;PSMD8;PSMB6;UBA52;RPS27A;PSMB9;PSMC3;PSME1;PSMA7;PSMB10;PSMD11;PSMB8;UBB;PSMB4;PSMA4;PSMC4;PSMD3;PSMC5;PSMA5;PSMB2;PSMD9;UBC;PSME2;RBX1;APOBEC3G;PSMB5;PSMD13
prerank,Senescence-Associated Secretory Phenotype (SASP) R-HSA-2559582,-0.16308984327387444,-0.6468997195904944,0.9698067632850241,1.0,1.0,33/68,45.32%,H2AC7;CDKN1B;CDKN2C;CDKN2A;EHMT1;ANAPC7;RELA;ANAPC11;H2BC13;CDK4;CDK2;EHMT2;UBA52;RPS27A;H2AX;CEBPB;H3-3B;H2AZ2;UBB;MAPK7;UBE2S;H2BC11;CDKN2D;H2AZ1;STAT3;UBC;ANAPC5;ANAPC16;CDK6;H2BC5;FZR1;RPS6KA1;UBE2C
prerank,Dectin-1 Mediated Noncanonical NF-kB Signaling R-HSA-5607761,-0.16603103291682075,-0.6486208845001425,0.953307392996109,1.0,1.0,32/57,44.33%,MAP3K14;RELA;PSMB1;PSMD4;PSMD8;CCL22;PSMB6;UBA52;RPS27A;PSMB9;PSMC3;PSME1;PSMA7;PSMB10;PSMD11;PSMB8;UBE2M;UBB;PSMB4;PSMA4;PSMC4;PSMD3;NFKB2;PSMC5;PSMA5;PSMB2;PSMD9;UBC;PSME2;PSMB5;PSMD13;RELB
prerank,Signal Amplification R-HSA-392518,-0.1873639393334981,-0.6489612445056455,0.9293628808864266,1.0,1.0,17/32,48.84%,GNG13;GNB3;GNA11;GNA14;GNB2;GNB5;AAMP;GNGT2;P2RY12;GNA15;GNAI2;GNGT1;GNG2;TBXA2R;SRC;GNG7;GNG4
prerank,DARPP-32 Events R-HSA-180024,-0.20636451807316847,-0.6499284571583367,0.914616497829233,1.0,1.0,4/23,11.58%,PRKAR2B;PRKAR1A;PDE4D;PPP3CA
prerank,Mitophagy R-HSA-5205647,-0.19503751498697985,-0.6518099217403127,0.9404255319148936,1.0,1.0,12/28,40.67%,ULK1;TOMM22;CSNK2B;UBA52;RPS27A;PGAM5;UBB;SQSTM1;TOMM6;TOMM70;PRKN;UBC
prerank,TP53 Regulates Transcription Of Genes Involved In G2 Cell Cycle Arrest R-HSA-6804114,-0.21907116809997937,-0.6533831372462355,0.9100145137880987,1.0,1.0,2/18,6.29%,ZNF385A;E2F4
prerank,Nuclear Signaling By ERBB4 R-HSA-1251985,-0.1957904243327706,-0.6536539105587144,0.9436813186813187,1.0,1.0,9/31,25.24%,APOE;PSEN2;NRG2;WWOX;MXD4;S100B;PSEN1;STMN1;EREG
prerank,RHOG GTPase Cycle R-HSA-9013408,-0.16133629924771622,-0.6537404514292602,0.9619631901840491,1.0,1.0,24/72,34.77%,LBR;KALRN;VAV2;PLEKHG3;ARHGAP39;MCF2;MAP3K11;SHMT2;DOCK3;ARFGAP3;PREX1;NDUFS3;EMD;ELMO2;STX5;IQGAP2;EPHA2;ARHGDIA;MPP7;YKT6;LAMTOR1;VAV1;PRKCSH;RHOG
prerank,Hh Mutants Are Degraded By ERAD R-HSA-5362768,-0.1701930360552335,-0.6541573615480961,0.9523809523809523,1.0,1.0,29/51,44.06%,PSMB1;PSMD4;PSMD8;PSMB6;SYVN1;UBA52;RPS27A;PSMB9;PSMC3;PSME1;PSMA7;PSMB10;PSMD11;PSMB8;UBB;PSMB4;PSMA4;PSMC4;OS9;PSMD3;PSMC5;PSMA5;VCP;PSMB2;PSMD9;UBC;PSME2;PSMB5;PSMD13
prerank,Gap-filling DNA Repair Synthesis And Ligation In GG-NER R-HSA-5696397,-0.20334501375636557,-0.6560542594100874,0.9255172413793104,1.0,1.0,13/25,45.45%,SLC19A1;POLD1;POLD2;UBA52;RPS27A;POLD4;UBB;POLD3;RFC2;RPA3;UBC;LRIG1;LRIG3
prerank,Metalloprotease DUBs R-HSA-5689901,-0.20519268730421536,-0.657167808692798,0.9205479452054794,1.0,1.0,8/26,30.51%,H2AC7;H2AC25;NLRP3;UBA52;RPS27A;UIMC1;BABAM1;UBB
prerank,HSP90 Chaperone Cycle For Steroid Hormone Receptors (SHR) In Presence Of Ligand R-HSA-3371497,-0.18532639836267245,-0.6582231454520843,0.9206762028608583,1.0,1.0,6/37,17.29%,HSPA2;HSP90AB1;PTGES3;HSPA1B;DCTN2;HSPA1A
prerank,TNFs Bind Their Physiological Receptors R-HSA-5669034,-0.21152494849475173,-0.6588049863776025,0.9197786998616874,1.0,1.0,5/22,18.01%,TNFRSF1B;TNFSF13;TNFSF4;TNFRSF25;TNFRSF6B
prerank,G Alpha (I) Signaling Events R-HSA-418594,-0.14134321369630348,-0.6599111370635222,0.9911991199119912,1.0,1.0,76/223,36.73%,GNAZ;ADCY1;TAS2R5;S1PR3;TAS2R30;GPSM1;GPR37;RGS12;CAMK4;LPAR3;CXCR6;TAS2R10;OXER1;PRKAR2B;C5AR1;PRKAR1A;RGS17;PDE4D;RGS14;TAS2R20;GNG13;GNB3;HEBP1;PCP2;PPP3CA;LPAR1;SST;GNA11;PRKX;GAL;GNA14;S1PR2;BDKRB1;ADCY6;CX3CL1;HTR1D;GNB2;UBD;KPNA2;POMC;TAS1R1;GNB5;GNAL;CAMK2G;TAS2R4;BDKRB2;GPSM3;LPAR2;CXCL16;GRM4;PRKAR2A;RGS3;PPP1CA;ADCY8;PDE4A;TAS2R46;HCAR2;CXCR5;ITPR3;GRK2;CAMKK1;NPB;APLN;GPER1;GPSM2;TAS2R42;GNGT2;PLCB3;P2RY12;ACKR3;PPP2R5D;CORT;PPP2R1A;PRKCD;RGS22;GNA15
prerank,Complement Cascade R-HSA-166658,-0.18830297002890042,-0.6611856915747985,0.917989417989418,1.0,1.0,10/36,28.48%,ELANE;C5AR1;CD81;CPNE2;CLU;C1R;HNRNPC;PSMA7;CPNE1;CFHR3
prerank,Translesion Synthesis By POLH R-HSA-110320,-0.2178260418846742,-0.6642827664301346,0.90625,1.0,1.0,11/19,40.67%,SLC19A1;UBA52;RPS27A;NPLOC4;UBB;UFD1;VCP;RCHY1;RFC2;RPA3;UBC
prerank,Signaling By B Cell Receptor (BCR) R-HSA-983705,-0.1561141678417914,-0.6644571032995461,0.9684466019417476,1.0,1.0,47/97,44.20%,NFATC2;LYN;PPP3CA;NFATC3;RELA;ORAI2;IKBKB;PRKCB;PTPN6;PSMB1;GRB2;PSMD4;PSMD8;HRAS;PSMB6;UBA52;RPS27A;PSMB9;PSMC3;PSME1;STIM1;PSMA7;NFKBIE;CLSTN1;PSMB10;PSMD11;PSMB8;UBB;PSMB4;ITPR3;PSMA4;BCL10;PSMC4;VAV1;PSMD3;PSMC5;CARD11;PSMA5;PSMB2;PSMD9;UBC;NFKBIB;PSME2;PPIA;PSMB5;PSMD13;NFATC1
prerank,DAP12 Interactions R-HSA-2172127,-0.19278791594199926,-0.665301263945576,0.9112903225806451,1.0,1.0,9/32,33.20%,VAV2;PIK3R2;GRB2;HRAS;SPNS1;HLA-E;PIK3CB;PLCG1;TYROBP
prerank,TNFR1-induced NFkappaB Signaling Pathway R-HSA-5357956,-0.20470655636489746,-0.6659000266760031,0.9176954732510288,1.0,1.0,11/24,37.92%,RACK1;SHARPIN;IKBKB;TRAF1;RNF31;RBCK1;TNFRSF1A;TAB1;TNF;TRADD;USP4
prerank,Semaphorin Interactions R-HSA-373755,-0.17045857513860768,-0.6684320853794725,0.9516728624535316,1.0,1.0,26/62,39.81%,SEMA4D;PLXNA4;HSP90AB1;DPYSL3;DPYSL4;PTPRC;NRP1;MYH14;CDK5R1;GSK3B;VPS72;PLXNB1;DPYSL2;SEMA4A;PLXNA1;PLXNA3;SEMA5A;RHOC;ARHGEF11;SEMA6A;TYROBP;RRAS;PLXND1;PIP5K1C;PKN1;ARHGEF7
prerank,Stabilization Of P53 R-HSA-69541,-0.17370461059928852,-0.6690474997025349,0.9397116644823067,1.0,1.0,28/53,41.44%,CDKN2A;CHEK2;PSMB1;PSMD4;PSMD8;PSMB6;UBA52;RPS27A;PSMB9;PSMC3;PSME1;PSMA7;PSMB10;PSMD11;PSMB8;UBB;PSMB4;PSMA4;CARD16;PSMC4;PSMD3;TP53;PSMC5;PSMA5;PSMB2;PSMD9;UBC;PSME2
prerank,RHO GTPases Activate NADPH Oxidases R-HSA-5668599,-0.213721467095262,-0.6705233953190336,0.8976157082748948,1.0,1.0,4/21,15.89%,PRKCZ;MAPK11;NOXA1;PRKCB
prerank,FLT3 Signaling R-HSA-9607240,-0.1929667479537265,-0.673028578993083,0.9251968503937008,1.0,1.0,18/35,40.83%,CDKN1B;AKT2;BCL2L11;GRB2;HRAS;STAT5B;UBA52;RPS27A;AKT1;GRB10;SH2B3;UBB;CSK;SOCS6;FLT3LG;FOXO3;UBC;GAB2
prerank,Role Of GTSE1 In G2/M Progression After G2 Checkpoint R-HSA-8852276,-0.17269841861709345,-0.6746642356987851,0.9389312977099237,1.0,1.0,27/56,41.44%,FKBPL;HSP90AB1;PSMB1;PSMD4;PSMD8;PSMB6;UBA52;RPS27A;PSMB9;PSMC3;PSME1;PSMA7;PSMB10;PSMD11;PSMB8;UBB;PSMB4;PSMA4;PSMC4;PSMD3;TP53;PSMC5;PSMA5;PSMB2;PSMD9;UBC;PSME2
prerank,TNFR2 Non-Canonical NF-kB Pathway R-HSA-5668541,-0.16022842365468226,-0.6757270969105783,0.9576271186440678,1.0,1.0,42/89,41.44%,MAP3K14;TNFRSF1B;CD40LG;TNFSF13;TNFSF4;PSMB1;TNFRSF25;LTBR;TNFRSF6B;PSMD4;PSMD8;PSMB6;UBA52;RPS27A;PSMB9;PSMC3;PSME1;PSMA7;PSMB10;PSMD11;CD40;PSMB8;UBE2M;UBB;PSMB4;TNFSF12;PSMA4;TNFRSF1A;LTB;PSMC4;TNF;EDARADD;TNFRSF14;PSMD3;NFKB2;PSMC5;PSMA5;PSMB2;PSMD9;EDA;UBC;PSME2
prerank,Nucleotide Excision Repair R-HSA-5696398,-0.1565222325412756,-0.6784097825470329,0.9707602339181286,1.0,1.0,47/108,43.32%,SLC19A1;PARP1;ELL;ACTR5;PRPF19;ERCC1;YY1;POLR2E;PPIE;CUL4A;INO80E;POLD1;POLR2I;GPS1;COPS7A;XAB2;MCRS1;ERCC3;POLR2D;POLD2;UBA52;POLR2A;RPS27A;POLR2G;DDB2;RAD23A;POLD4;UBB;INO80B;TFPT;POLD3;COPS6;POLR2H;PIAS3;CHD1L;SUMO2;GTF2H4;POLR2F;UVSSA;RFC2;RPA3;UBC;POLR2K;RBX1;LRIG1;POLR2L;INO80C
prerank,Hh Mutants Abrogate Ligand Secretion R-HSA-5387390,-0.1763874149538097,-0.6808658600515783,0.9239842726081258,1.0,1.0,30/52,44.06%,PSMB1;PSMD4;PSMD8;PSMB6;SYVN1;UBA52;RPS27A;PSMB9;PSMC3;PSME1;PSMA7;PSMB10;PSMD11;PSMB8;UBB;PSMB4;PSMA4;PSMC4;OS9;PSMD3;PSMC5;PSMA5;VCP;PSMB2;PSMD9;HHAT;UBC;PSME2;PSMB5;PSMD13
prerank,Branched-chain Amino Acid Catabolism R-HSA-70895,-0.22048772517137852,-0.6814853751129667,0.8822695035460993,1.0,1.0,8/21,32.83%,HSD17B10;BCKDHA;IVD;BCAT2;ACAD8;ECHS1;ACADSB;BCKDK
prerank,PCP/CE Pathway R-HSA-4086400,-0.16496723118432818,-0.6823646099036493,0.953714981729598,1.0,1.0,38/82,42.33%,WNT5A;VANGL2;WNT11;FZD2;ARRB2;DVL2;PRKCB;PSMB1;PARD6A;PSMD4;PSMD8;SCRIB;PSMB6;UBA52;RPS27A;PSMB9;PSMC3;PSME1;PSMA7;PSMB10;PSMD11;PSMB8;UBB;PSMB4;CLTB;PSMA4;PSMC4;AP2S1;PSMD3;PSMC5;WNT5B;PSMA5;PSMB2;PSMD9;UBC;PSME2;SMURF1;AP2A2
prerank,Calnexin/calreticulin Cycle R-HSA-901042,-0.20569315644423627,-0.6826460007574401,0.9094650205761317,1.0,1.0,12/26,40.67%,AMFR;SYVN1;UBA52;RPS27A;UBB;MAN1B1;PRKCSH;EDEM2;OS9;RNF5;CALR;UBC
prerank,ER Quality Control Compartment (ERQC) R-HSA-901032,-0.218208430051628,-0.6836589416991047,0.8992907801418439,1.0,1.0,10/21,40.67%,AMFR;SYVN1;UBA52;RPS27A;UBB;MAN1B1;EDEM2;OS9;RNF5;UBC
prerank,RET Signaling R-HSA-8853659,-0.19459342895414888,-0.6839862512937017,0.9045092838196287,1.0,1.0,14/35,34.36%,SHANK3;PSPN;PIK3R2;ARTN;GRB2;GRB7;GRB10;CLSTN1;PIK3CB;PLCG1;PIK3R3;RET;PDLIM7;MAPK7
prerank,Signaling By ERBB4 R-HSA-1236394,-0.18216291271781834,-0.6841725617516766,0.920410783055199,1.0,1.0,16/52,26.47%,APOE;PSEN2;GABRG3;NRG2;WWOX;MXD4;S100B;GRB2;EGF;HRAS;PSEN1;UBA52;RPS27A;STMN1;EREG;LLGL1
prerank,Sensory Processing Of Sound By Inner Hair Cells Of Cochlea R-HSA-9662360,-0.18008790253056367,-0.686720174488843,0.9242618741976893,1.0,1.0,17/58,32.30%,RAB3A;CIB2;CDH23;SNAP25;MYO15A;ESPN;STX1A;TWF2;ESPNL;XIRP2;EZR;RIPOR2;SYN1;SYP;EPS8L2;CAPZB;CLIC5
prerank,Factors Involved In Megakaryocyte Development And Platelet Production R-HSA-983231,-0.15903715890365158,-0.6887978067616359,0.9620253164556962,1.0,1.0,30/112,32.17%,KIF21B;EHD3;KIF5A;KIF26A;KIF26B;ZFPM1;PRKAR2B;PRKAR1A;DOCK9;KIFC2;DOCK3;ABL1;HMG20B;CABLES2;SH2B1;EHD1;MAFG;KIF22;CDK2;DOCK6;KLC4;H3-3B;IRF1;PRKAR2A;SH2B3;MICAL1;EHD2;MAFK;KIFC1;CAPZB
prerank,Lagging Strand Synthesis R-HSA-69186,-0.22511467669529656,-0.6909986222834775,0.8892045454545454,1.0,1.0,8/20,42.98%,SLC19A1;POLD1;POLD2;POLD4;POLD3;RFC2;RPA3;LRIG1
prerank,VEGFA-VEGFR2 Pathway R-HSA-4420097,-0.1673136466129614,-0.6952835267608074,0.9428571428571428,1.0,1.0,28/88,32.02%,VAV2;AXL;VEGFA;PRKCZ;MAPK11;PIK3R2;BCAR1;AKT2;TRIB3;SHC2;PRKCB;PRR5;CYFIP2;MLST8;HRAS;MAPKAPK3;MAPK12;WASF3;AKT1;SYNGAP1;KDR;ELMO2;PIK3CB;PLCG1;CTNNB1;HSPB1;ITPR3;BAIAP2
prerank,Regulation Of Necroptotic Cell Death R-HSA-5675482,-0.21044672700316908,-0.6970537389618493,0.8916666666666667,1.0,1.0,12/28,36.62%,OGT;STUB1;PELI1;UBA52;RPS27A;FLOT2;FASN;SDCBP;UBB;CDC37;FADD;TRADD
prerank,Metabolism Of Cofactors R-HSA-8978934,-0.23497525496973493,-0.6976026109446883,0.8669467787114846,1.0,1.0,8/18,36.07%,GCHFR;COQ7;AKT1;COQ9;COQ6;IDH1;COQ5;COQ2
prerank,Regulation Of Insulin Secretion R-HSA-422356,-0.1780361143473972,-0.6984912267279285,0.934260429835651,1.0,1.0,14/64,22.33%,PRKAR2B;PRKAR1A;SNAP25;KCNS3;GNG13;GNB3;STX1A;SYT5;GNA11;GNA14;ADCY6;GNB2;SLC2A1;GNB5
prerank,N-glycan Trimming In ER And Calnexin/Calreticulin Cycle R-HSA-532668,-0.19672259524590385,-0.7007451461236031,0.9113756613756614,1.0,1.0,16/35,40.67%,ENGASE;MOGS;AMFR;UBXN1;SYVN1;UBA52;RPS27A;UBB;MAN1B1;PRKCSH;EDEM2;OS9;RNF5;CALR;VCP;UBC
prerank,Interleukin-37 Signaling R-HSA-9008059,-0.22735059330923488,-0.7009438198171319,0.8616262482168331,1.0,1.0,12/21,40.78%,IL18BP;PTPN5;SMAD3;PTPN7;PTPN6;SIGIRR;CASP1;IL18R1;PTPN9;PTPN23;STAT3;PTPN20
prerank,ADP Signaling Thru P2Y Purinoceptor 1 R-HSA-418592,-0.21380453871322164,-0.702036392417494,0.8783216783216783,1.0,1.0,6/25,22.33%,GNG13;GNB3;GNA11;GNA14;GNB2;GNB5
prerank,Post NMDA Receptor Activation Events R-HSA-438064,-0.1796952981027797,-0.7022645011161035,0.9307692307692308,1.0,1.0,17/59,29.72%,ADCY1;CAMK4;PRKAR2B;PRKAR1A;PRKAB1;GRIA1;MAPT;PRKX;HRAS;CAMK1;KPNA2;CAMK2G;PRKAA2;LLGL1;PRKAR2A;ADCY8;GRIA2
prerank,Translesion Synthesis By POLK R-HSA-5655862,-0.24066754489840414,-0.7029083395960217,0.8761194029850746,1.0,1.0,9/17,40.67%,SLC19A1;UBA52;RPS27A;UBB;MAD2L2;REV1;RFC2;RPA3;UBC
prerank,Constitutive Signaling By Ligand-Responsive EGFR Cancer Variants R-HSA-1236382,-0.23860188390999604,-0.7030575741451475,0.8657342657342657,1.0,1.0,8/18,32.29%,GRB2;EGF;HRAS;UBA52;RPS27A;UBB;PLCG1;CDC37
prerank,Budding And Maturation Of HIV Virion R-HSA-162588,-0.21277131023466736,-0.7042125549239594,0.8896366083445492,1.0,1.0,17/28,43.75%,CHMP5;VPS28;VPS37B;VPS37C;UBA52;RPS27A;UBB;VPS37D;CHMP2A;RNF103-CHMP3;NEDD4L;CHMP7;MVB12A;VPS4A;UBC;CHMP6;PPIA
prerank,G1/S DNA Damage Checkpoints R-HSA-69615,-0.1786027859102238,-0.7074675253724992,0.9236641221374046,1.0,1.0,32/64,41.44%,CDKN1B;ZNF385A;CDKN2A;CHEK2;PSMB1;PSMD4;PSMD8;CDK2;PSMB6;UBA52;RPS27A;PSMB9;PSMC3;PSME1;PSMA7;PSMB10;PSMD11;PSMB8;UBB;PSMB4;PSMA4;PCBP4;CARD16;PSMC4;PSMD3;TP53;PSMC5;PSMA5;PSMB2;PSMD9;UBC;PSME2
prerank,MTOR Signaling R-HSA-165159,-0.19550982814195922,-0.7077535615243495,0.8997395833333334,1.0,1.0,12/41,25.09%,EIF4EBP1;PRKAB1;TSC2;AKT2;EIF4B;LAMTOR5;STK11;RPS6;MLST8;LAMTOR4;PRKAA2;AKT1
prerank,Apoptotic Factor-Mediated Response R-HSA-111471,-0.23195553609913128,-0.7098217257936008,0.8617771509167842,1.0,1.0,3/20,12.63%,SEPTIN4;CDKN2A;CASP9
prerank,Late SARS-CoV-2 Infection Events R-HSA-9772573,-0.1864533175625509,-0.710332972560844,0.9152759948652118,1.0,1.0,22/55,35.24%,ST6GAL1;MOGS;CSNK1A1;DDOST;ZDHHC8;ST3GAL2;GSK3B;ST6GALNAC4;GOLGA7;UBA52;GSK3A;RPS27A;ST3GAL3;PARP6;UBB;PRMT1;MAN1B1;PARP10;RPN2;PRKCSH;PARP16;EDEM2
prerank,RHOA GTPase Cycle R-HSA-8980692,-0.16063471615356414,-0.7119339133345151,0.9642058165548099,1.0,1.0,29/141,20.49%,LBR;KALRN;RHPN2;VAV2;PLEKHG3;OBSCN;ARHGAP39;DEF6;MCF2;ARHGAP6;PIK3R2;PLEKHG5;STARD13;PLEKHG4;ATP6AP1;ARHGEF28;ARHGAP42;ARHGEF17;ARAP1;ARHGAP8;FAM13A;HMOX2;ARHGEF19;ARHGEF40;FARP1;EMC3;PREX1;SNAP23;PLEKHG6
prerank,Organelle Biogenesis And Maintenance R-HSA-1852241,-0.14937125780653124,-0.7122930459633683,0.9821989528795811,1.0,1.0,70/265,28.33%,SMOX;B9D1;B9D2;POLG2;CAMK4;CSNK1E;NPHP4;PRKAR2B;CEP41;SIRT3;CREBBP;PRKAB1;CNGA4;PPARGC1A;HDAC3;BBS5;MAPK11;HDAC6;EXOC4;ATP5MG;DYNC2I1;TMEM216;NINL;IFT27;PKD1;TBL1XR1;SMARCD3;CEP250;PTGES2;DYNC2I2;HAUS4;CHCHD6;TCTN1;IFT52;NRF1;ATP5MC3;DCTN2;TUBA1A;TMEM11;MTX1;MARK4;TWNK;ATP5F1D;MKS1;INPP5E;ACSS2;TFAM;SSNA1;TBL1X;DNAJC11;SIRT5;PRKD2;IFT140;EXOC2;MAPK12;POLRMT;TCTN3;PPARGC1B;PRKAA2;CEP131;TTBK2;IFT172;CRTC2;ARL3;TFB1M;FBF1;DCTN3;CSNK1D;ODF2;CRTC1
prerank,Post-translational Modification: Synthesis Of GPI-anchored Proteins R-HSA-163125,-0.17698061897445583,-0.7125374104002722,0.9213075060532687,1.0,1.0,29/71,37.72%,CNTN4;LSAMP;TECTA;PIGC;GPAA1;PIGT;PIGS;LYPD3;LY6K;LY6D;NRN1;RTN4RL2;MDGA1;THY1;CD109;PIGQ;PIGL;PIGZ;ART4;RAET1G;LY6E;DPM3;VNN1;LY6G6C;PLAUR;NTM;PSCA;PIGG;PIGX
prerank,tRNA Modification In Nucleus And Cytosol R-HSA-6782315,-0.19517904086680224,-0.7137875728160191,0.873641304347826,1.0,1.0,20/41,43.47%,THG1L;TRMU;ADAT3;CTU2;TRMT61A;TRMT44;DUS2;PUS3;OSGEP;CTU1;CDKAL1;LAGE3;URM1;QTRT1;ADAT1;ADAT2;QTRT2;TP53RK;TYW1;TRMT112
prerank,Intra-Golgi Traffic R-HSA-6811438,-0.19722558495326772,-0.713866079074547,0.8875968992248062,1.0,1.0,14/40,34.24%,RAB36;GOLGA8B;NAPSA;CYTH2;COG3;COG7;COG2;CUX1;CYTH1;GOSR1;STX5;YKT6;BET1L;GOSR2
prerank,Activation Of Kainate Receptors Upon Glutamate Binding R-HSA-451326,-0.21546292788041999,-0.7142097793884643,0.8698060941828255,1.0,1.0,13/27,48.84%,GRIK1;GNG13;GNB3;GNB2;GNB5;LLGL1;GNGT2;PLCB3;GNGT1;GRIK4;GNG2;GNG7;GNG4
prerank,"Base-Excision Repair, AP Site Formation R-HSA-73929",-0.21085031209829863,-0.71512723896074,0.8636363636363636,1.0,1.0,16/31,39.66%,H2AC7;NTHL1;MPG;OGG1;TDG;H2BC13;TERF2;H2AX;MUTYH;H2AZ2;NEIL1;ACD;UNG;H2BC11;NEIL2;H2AZ1
prerank,Cooperation Of PDCL (PhLP1) And TRiC/CCT In G-protein Beta Folding R-HSA-6814122,-0.20137294664694236,-0.716593443465373,0.8943196829590488,1.0,1.0,10/36,25.76%,GNG13;GNB3;GNA11;CCT7;GNA14;CCT6B;GNB2;GNB5;CSNK2B;PDCL
prerank,Signaling By ERBB2 R-HSA-1227986,-0.19354152798085061,-0.7166419250155158,0.9072426937738246,1.0,1.0,18/47,32.88%,NRG2;PRKCE;AKT2;PTK6;GRB2;EGF;STUB1;GRB7;HRAS;UBA52;RPS27A;AKT1;EREG;RNF41;UBB;PLCG1;CDC37;NRG4
prerank,MAPK1/MAPK3 Signaling R-HSA-5684996,-0.15169023171800394,-0.7168436229406128,0.9796137339055794,1.0,1.0,93/248,36.47%,RALGDS;IL5;IRS1;IL17RD;PRKCQ;KL;ARRB2;FGFR1;DUSP10;RASA4;CNKSR1;PDGFB;IL3RA;KLB;DUSP4;RASGEF1A;PSPN;RCE1;PIK3R2;MAP3K11;NRG2;RGL2;ARTN;DUSP7;SPTBN2;WDR83;PTPN7;NCAM1;SHC2;KIT;PSMB1;MAP2K2;PDGFRB;GRB2;PSMD4;EGF;PSMD8;RASGRP4;HRAS;SPNS1;PDGFA;DAB2IP;PSMB6;DUSP16;MAPK12;GOLGA7;JAK3;FGFR3;CAMK2G;UBA52;RPS27A;ARRB1;ARL2;EREG;PSMB9;PSMC3;LLGL1;FRS3;PSME1;PSMA7;SYNGAP1;SPTBN5;PSMB10;PSMD11;PSMB8;PIK3CB;UBB;FGF13;PTPRA;CSK;PSMB4;KITLG;PSMA4;TYK2;NRG4;RGL3;SPTB;PPP2R5A;USP17L2;ABHD17C;PSMC4;RET;SPRED1;RASA2;PEBP1;PPP5C;PPP2R5D;ARAF;PHB1;FGFR2;PPP2R5B;PPP2R1A;FLT3LG
prerank,Class A/1 (Rhodopsin-like Receptors) R-HSA-373076,-0.15552297455528374,-0.7176509796988297,0.966702470461869,1.0,1.0,36/191,21.69%,ADORA2B;S1PR3;GPR143;F2RL3;NTSR1;GPR37;GPR132;GNRH1;GRPR;LPAR3;CXCR6;OXER1;C5AR1;GPR35;PTGER4;GNRHR;NPFF;EDNRA;HEBP1;LPAR1;DHX34;SST;NLRP3;ADRB2;MC1R;GAL;AVPR1A;PTGIR;S1PR2;BDKRB1;CX3CL1;CCL22;HTR1D;CMKLR1;TAC1;POMC
prerank,Ca-dependent Events R-HSA-111996,-0.20956912753635026,-0.7187072810809495,0.8674863387978142,1.0,1.0,4/33,5.46%,ADCY1;CAMK4;PRKAR2B;PRKAR1A
prerank,Immunoregulatory Interactions Between A Lymphoid And A non-Lymphoid Cell R-HSA-198933,-0.17768251172508898,-0.7187146685268355,0.9119420989143546,1.0,1.0,36/72,46.34%,MICA;SH2D1A;HLA-F;KLRG1;CD40LG;HLA-A;CD81;CD99;JAML;NPDC1;ULBP1;HCST;LILRA6;KLRB1;IFITM1;ICAM3;CD1D;HLA-E;ICAM2;CD40;TYROBP;PIANP;CLEC2D;ITGAL;ITGB7;CLEC1B;TREM1;SIGLEC1;LAIR1;FZR1;HLA-G;ULBP3;NECTIN2;HLA-C;ITGB1;NCR3LG1
prerank,Regulation Of TNFR1 Signaling R-HSA-5357905,-0.2088784585406009,-0.7197007014410697,0.892328398384926,1.0,1.0,15/33,37.92%,RACK1;SHARPIN;IKBKB;TRAF1;RNF31;RBCK1;UBA52;RPS27A;SPPL2B;UBB;TNFRSF1A;TNF;FADD;TRADD;USP4
prerank,Regulation Of PTEN Stability And Activity R-HSA-8948751,-0.18227820073160045,-0.7212671315854895,0.9102402022756005,1.0,1.0,31/64,41.44%,AKT2;PSMB1;TRIM27;PSMD4;PSMD8;STUB1;PSMB6;CSNK2B;UBA52;RPS27A;AKT1;PSMB9;PSMC3;PSME1;PSMA7;PSMB10;PSMD11;PREX2;PSMB8;UBB;PSMB4;PSMA4;PSMC4;RNF146;PSMD3;PSMC5;PSMA5;PSMB2;PSMD9;UBC;PSME2
prerank,Downregulation Of ERBB2 Signaling R-HSA-8863795,-0.22046500131662788,-0.7217599075130307,0.871523178807947,1.0,1.0,12/27,32.88%,NRG2;AKT2;EGF;STUB1;UBA52;RPS27A;AKT1;EREG;RNF41;UBB;CDC37;NRG4
prerank,Degradation Of AXIN R-HSA-4641257,-0.18905807595723917,-0.7226567009887098,0.9009247027741083,1.0,1.0,29/51,44.06%,AXIN2;PSMB1;PSMD4;PSMD8;PSMB6;UBA52;RPS27A;PSMB9;PSMC3;PSME1;PSMA7;PSMB10;PSMD11;PSMB8;UBB;PSMB4;PSMA4;PSMC4;RNF146;AXIN1;PSMD3;PSMC5;PSMA5;PSMB2;PSMD9;UBC;PSME2;PSMB5;PSMD13
prerank,Downstream Signaling Events Of B Cell Receptor (BCR) R-HSA-1168372,-0.17855008261399427,-0.7235374874808207,0.9104859335038363,1.0,1.0,39/75,44.20%,NFATC2;PPP3CA;NFATC3;RELA;IKBKB;PRKCB;PSMB1;PSMD4;PSMD8;HRAS;PSMB6;UBA52;RPS27A;PSMB9;PSMC3;PSME1;PSMA7;NFKBIE;PSMB10;PSMD11;PSMB8;UBB;PSMB4;PSMA4;BCL10;PSMC4;PSMD3;PSMC5;CARD11;PSMA5;PSMB2;PSMD9;UBC;NFKBIB;PSME2;PPIA;PSMB5;PSMD13;NFATC1
prerank,Diseases Of Programmed Cell Death R-HSA-9645723,-0.18483004744056408,-0.7238522254539161,0.9006211180124224,1.0,1.0,28/58,44.54%,H2AC7;DNMT3A;CDC25B;CDKN2A;BCL2L11;RBBP4;H2BC13;CDK5R1;PRDX2;LMNA;H2AX;ERC2;PRDX1;H3-3B;H2AZ2;GOLGA2;CAPN1;FADD;TRADD;TP53;H2BC11;FOXO3;H2AZ1;LMNB1;H2BC5;CDK5;CDC25C;YWHAE
prerank,Autodegradation Of E3 Ubiquitin Ligase COP1 R-HSA-349425,-0.19218709058211822,-0.7258900656525565,0.8921438082556591,1.0,1.0,28/48,44.06%,PSMB1;PSMD4;PSMD8;PSMB6;UBA52;RPS27A;PSMB9;PSMC3;PSME1;PSMA7;PSMB10;PSMD11;PSMB8;UBB;PSMB4;PSMA4;CARD16;PSMC4;PSMD3;TP53;PSMC5;PSMA5;PSMB2;PSMD9;UBC;PSME2;PSMB5;PSMD13
prerank,RND2 GTPase Cycle R-HSA-9696270,-0.19933700419125,-0.7260537388900312,0.8865710560625815,1.0,1.0,12/41,29.42%,VANGL2;LRRC1;PIK3R2;RBMX;RND2;UBXN11;SCRIB;FRS3;NISCH;EPHA2;WDR6;KCTD13
prerank,Triglyceride Metabolism R-HSA-8979227,-0.22557470491001513,-0.7276189584100006,0.8290013679890561,1.0,1.0,9/25,30.07%,PNPLA4;LPIN1;FABP3;GK;MGLL;LPIN3;PPP1CA;LIPE;DGAT1
prerank,Butyrate Response Factor 1 Binds And Destabilizes mRNA R-HSA-450385,-0.25457903396521614,-0.7297678659473065,0.8128654970760234,1.0,1.0,6/16,27.66%,ZFP36L1;EXOSC5;DCP2;EXOSC7;AKT1;EXOSC1
prerank,Integrin Cell Surface Interactions R-HSA-216083,-0.18886569228954753,-0.7317984963698853,0.9083129584352079,1.0,1.0,30/57,49.34%,COL18A1;COL23A1;JAM3;AGRN;COL9A2;BSG;CD44;CXXC1;ICAM3;ITGA9;KDR;ICAM2;COL9A3;VTN;ITGB8;ITGA11;ITGA3;ITGAL;ITGA8;ITGB7;ITGAX;ITGA5;ITGA7;COL16A1;FZR1;ITGB1;COL4A2;ITGAV;LUM;CD47
prerank,Regulation Of RUNX3 Expression And Activity R-HSA-8941858,-0.19043987462721523,-0.7339737279388265,0.8891820580474934,1.0,1.0,30/53,44.06%,RUNX3;CDKN2A;PSMB1;PSMD4;PSMD8;PSMB6;UBA52;RPS27A;PSMB9;PSMC3;PSME1;PSMA7;PSMB10;PSMD11;TGFB1;PSMB8;UBB;PSMB4;PSMA4;PSMC4;PSMD3;PSMC5;PSMA5;PSMB2;PSMD9;UBC;PSME2;SMURF1;PSMB5;PSMD13
prerank,DDX58/IFIH1-mediated Induction Of Interferon-Alpha/Beta R-HSA-168928,-0.1877519790202821,-0.7361198881297465,0.8939580764488286,1.0,1.0,18/68,27.23%,MAP3K1;CREBBP;HSP90AB1;PCBP2;ISG15;IRF7;TRIM4;RELA;IRF3;IKBKB;S100B;RNF135;HMGB1;UBA52;RPS27A;NKIRAS2;MAVS;TKFC
prerank,Metabolism Of Porphyrins R-HSA-189445,-0.22846368648501594,-0.736156940820941,0.8472222222222222,1.0,1.0,6/24,20.05%,BLVRB;HMBS;HMOX2;ABCC1;PPOX;GUSB
prerank,Signaling By FGFR2 R-HSA-5654738,-0.18607924095023068,-0.7374255387907882,0.8774038461538461,1.0,1.0,20/63,26.72%,FGFBP3;HNRNPH1;RBFOX2;FGFBP2;TIA1;PTBP1;HNRNPF;POLR2E;GRB2;GTF2F1;HRAS;POLR2I;SPRY2;MKNK1;POLR2D;UBA52;POLR2A;RPS27A;POLR2G;FRS3
prerank,Ubiquitin-dependent Degradation Of Cyclin D R-HSA-75815,-0.19503499764423407,-0.7375839744026759,0.8816489361702128,1.0,1.0,28/48,44.06%,PSMB1;PSMD4;CDK4;PSMD8;GSK3B;PSMB6;UBA52;RPS27A;PSMB9;PSMC3;PSME1;PSMA7;PSMB10;PSMD11;PSMB8;UBB;PSMB4;PSMA4;PSMC4;PSMD3;PSMC5;PSMA5;PSMB2;PSMD9;UBC;PSME2;PSMB5;PSMD13
prerank,Other Semaphorin Interactions R-HSA-416700,-0.24892710420167172,-0.7388067446748349,0.8207282913165266,1.0,1.0,8/19,33.20%,SEMA4D;PLXNA4;PTPRC;SEMA4A;PLXNA1;SEMA5A;SEMA6A;TYROBP
prerank,RAF/MAP Kinase Cascade R-HSA-5673001,-0.15691689666722708,-0.7396349282179681,0.9708108108108108,1.0,1.0,92/242,36.47%,RALGDS;IL5;IRS1;IL17RD;PRKCQ;KL;ARRB2;FGFR1;DUSP10;RASA4;CNKSR1;PDGFB;IL3RA;KLB;DUSP4;RASGEF1A;PSPN;RCE1;PIK3R2;MAP3K11;NRG2;RGL2;ARTN;DUSP7;SPTBN2;WDR83;PTPN7;NCAM1;SHC2;KIT;PSMB1;MAP2K2;PDGFRB;GRB2;PSMD4;EGF;PSMD8;RASGRP4;HRAS;SPNS1;PDGFA;DAB2IP;PSMB6;DUSP16;MAPK12;GOLGA7;JAK3;FGFR3;CAMK2G;UBA52;RPS27A;ARRB1;ARL2;EREG;PSMB9;PSMC3;LLGL1;FRS3;PSME1;PSMA7;SYNGAP1;SPTBN5;PSMB10;PSMD11;PSMB8;PIK3CB;UBB;FGF13;PTPRA;CSK;PSMB4;KITLG;PSMA4;NRG4;RGL3;SPTB;PPP2R5A;USP17L2;ABHD17C;PSMC4;RET;SPRED1;RASA2;PEBP1;PPP5C;PPP2R5D;ARAF;PHB1;FGFR2;PPP2R5B;PPP2R1A;FLT3LG
prerank,Termination Of Translesion DNA Synthesis R-HSA-5656169,-0.21765851895739952,-0.7408550695494114,0.8435374149659864,1.0,1.0,15/32,40.92%,SLC19A1;USP43;ISG15;POLD1;POLD2;UBA52;RPS27A;POLD4;UBB;POLD3;REV1;RFC2;RPA3;UBC;UBA7
prerank,Protein Localization R-HSA-9609507,-0.1649742543329845,-0.741287634080404,0.9322033898305084,1.0,1.0,71/158,40.67%,TYSND1;DHRS4;CHCHD2;DECR2;ACOT8;CHCHD7;PEX10;BCS1L;PRNP;UBE2J2;CAMLG;STX1A;TIMM44;HSCB;PXMP2;MTX1;ABCD1;SLC25A6;ACO2;SGTA;TOMM22;GSTK1;HAO2;ACAA1;SEC61B;PAM16;HSPD1;TIMM13;TIMM50;UBA52;RPS27A;ECH1;EMD;HMGCL;CHCHD4;FIS1;TIMM17B;GFER;TIMM10;CHCHD5;STX5;BAG6;ABCD2;ATP5MC1;PMPCA;GRPEL2;UBB;IDH1;IDH3G;PAOX;NDUFB8;TAFAZZIN;SLC27A2;COA4;PECR;PEX5;COQ2;PEX6;PEX16;TOMM6;ZFAND6;SERP1;EHHADH;GET1;ACOX2;ACOT2;TOMM70;CRAT;TIMM8B;COX19;UBC
prerank,Translesion Synthesis By Y Family DNA Polymerases Bypasses Lesions On DNA Template R-HSA-110313,-0.2069410430802894,-0.7455753799587991,0.854521625163827,1.0,1.0,20/39,40.92%,SLC19A1;USP43;ISG15;POLD1;POLD2;UBA52;RPS27A;NPLOC4;POLD4;UBB;MAD2L2;POLD3;UFD1;REV1;VCP;RCHY1;RFC2;RPA3;UBC;UBA7
prerank,Dual Incision In GG-NER R-HSA-5696400,-0.20691799773237607,-0.7461615566051976,0.8468708388814914,1.0,1.0,19/41,41.86%,SLC19A1;PARP1;ERCC1;CUL4A;POLD1;ERCC3;POLD2;UBA52;RPS27A;DDB2;POLD4;UBB;POLD3;CHD1L;GTF2H4;RFC2;RPA3;UBC;RBX1
prerank,Telomere C-strand (Lagging Strand) Synthesis R-HSA-174417,-0.2187165410893021,-0.7473176619361113,0.8375838926174497,1.0,1.0,14/32,42.98%,SLC19A1;CHTF18;POLD1;TERF2;POLD2;POLD4;STN1;CHTF8;POLD3;ACD;CTC1;RFC2;RPA3;LRIG1
prerank,PIP3 Activates AKT Signaling R-HSA-1257604,-0.1585381966500333,-0.7492635831017045,0.9594882729211087,1.0,1.0,106/243,40.83%,PPARG;IRS1;TNRC6C;CDKN1B;KL;RING1;MECOM;HDAC7;FGFR1;CBX2;PDGFB;KLB;HDAC3;CBX4;PHC2;AGO4;PIK3R2;NRG2;TSC2;AKT2;CASP9;RBBP4;PHC1;TRIB3;LAMTOR5;KIT;PSMB1;PDGFRB;PRR5;EGR1;TRIM27;GRB2;PSMD4;EGF;PSMD8;CBX6;ATN1;STUB1;MLST8;AGO2;GSK3B;MAF1;PDGFA;PSMB6;MTA1;CSNK2B;FGFR3;UBA52;GSK3A;RPS27A;LAMTOR4;AKT1;EREG;PSMB9;PSMC3;PSME1;PSMA7;CLSTN1;PSMB10;PSMD11;PREX2;PSMB8;PIK3CB;UBB;FGF13;IRAK1;PSMB4;AGO1;MOV10;KITLG;PSMA4;FOXO4;PIK3R3;NRG4;IER3;PPP2R5A;PSMC4;MYD88;GATAD2A;PHLPP2;LAMTOR1;RNF146;VAV1;HDAC5;AGO3;RHOG;PPP2R5D;FGFR2;PPP2R5B;PPP2R1A;FLT3LG;TNRC6A;PIP5K1C;PSMD3;TP53;BAD;FOXO3;PSMC5;AKT1S1;PSMA5;PSMB2;PSMD9;LAMTOR2;ERBB3;UBC;GAB2
prerank,SARS-CoV-1 Infection R-HSA-9678108,-0.1996023456634898,-0.7519908420872586,0.8610747051114024,1.0,1.0,22/50,40.67%,ST6GAL1;MOGS;VHL;CTSL;ST3GAL2;BECN1;GSK3B;ST6GALNAC4;UBA52;GSK3A;RPS27A;ST3GAL3;PARP6;UBB;PARP10;PRKCSH;PARP16;CHMP2A;RNF103-CHMP3;CHMP7;VCP;UBC
prerank,Activation Of GABAB Receptors R-HSA-991365,-0.21059848210487264,-0.7551633017942045,0.8232984293193717,1.0,1.0,16/38,44.15%,ADCY1;GNG13;GNB3;ADCY6;GNB2;UBD;GNB5;GNAL;ADCY8;GNGT2;KCNJ5;KCNJ10;GNAI2;GNGT1;GNG2;ADCY7
prerank,Regulation Of RAS By GAPs R-HSA-5658442,-0.19179732744200093,-0.7553494259222193,0.875,1.0,1.0,36/61,46.13%,RASA4;PSMB1;PSMD4;PSMD8;HRAS;DAB2IP;PSMB6;UBA52;RPS27A;PSMB9;PSMC3;PSME1;PSMA7;SYNGAP1;PSMB10;PSMD11;PSMB8;UBB;PSMB4;PSMA4;PSMC4;SPRED1;RASA2;PSMD3;RASA3;PSMC5;PSMA5;PSMB2;PSMD9;UBC;PSME2;RBX1;PSMB5;PSMD13;KBTBD7;PSMB7
prerank,Signaling By VEGF R-HSA-194138,-0.17985828554944458,-0.7563405257079586,0.886150234741784,1.0,1.0,33/96,32.02%,VAV2;AXL;VEGFA;VEGFB;PRKCZ;MAPK11;PIK3R2;BCAR1;AKT2;TRIB3;NRP1;SHC2;PRKCB;PRR5;FLT1;CYFIP2;MLST8;HRAS;MAPKAPK3;PGF;MAPK12;WASF3;AKT1;AAMP;SYNGAP1;KDR;ELMO2;PIK3CB;PLCG1;CTNNB1;HSPB1;ITPR3;BAIAP2
prerank,FCERI Mediated MAPK Activation R-HSA-2871796,-0.22699935668590793,-0.7579107060842227,0.8108484005563282,1.0,1.0,4/27,7.60%,MAP3K1;VAV2;MAPK10;LYN
prerank,Phospholipid Metabolism R-HSA-1483257,-0.1631834433695268,-0.7579428491266774,0.9416299559471366,1.0,1.0,80/189,41.64%,PIK3C2B;PLD6;PLA2G4B;CHKA;PLD4;LPIN1;PLB1;TPTE2;PLD3;LIPI;PCYT1B;GPAT3;PGS1;PIP4P1;MTMR1;PIK3R2;ETNK2;PTDSS2;PIK3CG;ARF3;INPP5K;PLEKHA4;AGPAT4;MIGA2;PNPLA6;PLA2G6;INPP5F;CHEK2;CHKB;PLD2;AGPAT5;INPP5E;LIPH;PCYT2;MGLL;INPP5J;MFSD2A;ACP6;SBF1;CSNK2B;PTPMT1;LPIN3;STARD10;PISD;VAC14;PTDSS1;CLSTN1;CPNE1;OSBPL5;INPP4A;AGPAT1;DGAT1;PLA2G10;PIK3CB;MTMR3;PIK3R3;TAFAZZIN;LPCAT4;ENPP6;PRKCSH;PLA2G4F;PEMT;AGPAT2;INPPL1;MTMR14;HADHA;SLC44A4;PIP5K1C;GPAT2;MTMR6;PLEKHA6;LPIN2;GDPD1;PLEKHA3;CDS2;PI4KB;LPCAT1;PLA2G12A;MBOAT7;PLA2G2F
prerank,Transcriptional Regulation By RUNX2 R-HSA-8878166,-0.1750597514496581,-0.7579503792325563,0.9052511415525114,1.0,1.0,55/112,41.86%,TWIST1;ZNF521;SMAD4;HDAC4;HEY2;PPARGC1A;HDAC3;WWTR1;HEY1;HDAC6;AKT2;ABL1;PSMB1;PSMD4;CDK4;PSMD8;STUB1;GSK3B;BGLAP;PSMB6;PPARGC1B;UBA52;RPS27A;AKT1;PSMB9;PSMC3;RBM14-RBM4;PSME1;PSMA7;PSMB10;PSMD11;SP7;PSMB8;UBB;PSMB4;GLI2;GATD3;PSMA4;PSMC4;MSX2;PSMD3;DLX5;PSMC5;HIVEP3;PSMA5;PSMB2;PSMD9;BMP2;LGALS3;UBC;ESRRA;ITGA5;PSME2;SMURF1;RBX1
prerank,Nuclear Envelope (NE) Reassembly R-HSA-2995410,-0.18884222233061482,-0.7582625362876109,0.88,1.0,1.0,38/72,45.03%,LBR;TUBA3D;TUBA3E;LEMD2;TUBA8;TUBB2B;TUBA1A;SEH1L;TUBB2A;TUBA4B;LMNA;KPNB1;PPP2R2A;POM121;EMD;NUP62;TUBB3;SIRT2;RAN;NUP85;TUBA4A;CHMP2A;RNF103-CHMP3;PPP2R1A;IST1;CHMP7;RCC1;VPS4A;SEC13;LMNB1;NUP188;CHMP6;RANGAP1;NUP43;TUBB;BANF1;TUBB4B;TUBA1B
prerank,Post-translational Protein Phosphorylation R-HSA-8957275,-0.18242616684814336,-0.7593205869926443,0.8705035971223022,1.0,1.0,27/89,28.75%,VWA1;RCN1;IGFBP5;FAM20C;APOE;SERPINC1;PROC;BMP4;PCSK9;GAS6;MEN1;PPP3CA;TMEM132A;SERPINA1;P4HB;CST3;TF;SERPINA10;CXXC1;TIMP1;LGALS1;GOLM1;ANO8;IGFBP4;SCG3;SHISA5;GPC3
prerank,Transmission Across Chemical Synapses R-HSA-112315,-0.16588993505783053,-0.7608577324164367,0.934878587196468,1.0,1.0,46/204,24.02%,CACNA2D3;CACNG4;ADCY1;RAB3A;SLC6A1;TSPOAP1;CAMK4;GRIA4;GABRA5;PRKAR2B;PRKAR1A;SLC6A13;GRIP2;SNAP25;PRKAB1;GABRA3;GRIK1;GRIN3B;GABRG3;GLUL;SYN2;GRIA1;GNG13;PPM1E;GNB3;MAPT;CHRNA3;STX1A;LIN7A;PRKX;PRKCB;COMT;CHRNB2;ADCY6;SLC1A2;GABRR2;GNB2;HRAS;CAMK1;UBD;KPNA2;GNB5;GNAL;PPM1F;CAMK2G;PPFIA3
prerank,Nucleotide Catabolism R-HSA-8956319,-0.22614208345255982,-0.7613193562709963,0.8176943699731903,1.0,1.0,11/29,29.92%,NT5M;DNPH1;UPP1;ITPA;NT5C;NT5C1B-RDH14;NUDT5;ENTPD1;UPP2;ENTPD4;DPYD
prerank,rRNA Modification In Nucleus And Cytosol R-HSA-6790901,-0.20036702326616102,-0.7620434118971532,0.8522292993630574,1.0,1.0,24/59,35.60%,RPS2;DDX49;FBL;RRP7A;NOP2;TSR3;NHP2;BUD23;TBL3;RPS9;RPS6;DHX37;SNU13;RPS14;RCL1;WDR46;UTP11;RRP36;EMG1;UTP14A;PWP2;NOC4L;NAT10;RRP9
prerank,Cytosolic Sensors Of Pathogen-Associated DNA R-HSA-1834949,-0.19714383462208074,-0.7621781754624622,0.8662576687116564,1.0,1.0,34/60,44.91%,CREBBP;DTX4;NLRC3;IRF7;TREX1;RELA;IRF3;TRIM56;POLR2E;IKBKB;TRIM21;CRCP;POLR3K;XRCC6;UBA52;RPS27A;NKIRAS2;UBB;CTNNB1;POLR3H;MYD88;POLR2H;POLR2F;POLR3GL;NFKB2;AIM2;UBC;NFKBIB;POLR2K;TICAM1;POLR2L;CGAS;DDX41;POLR3A
prerank,Netrin-1 Signaling R-HSA-373752,-0.20492962505162218,-0.7642829784695968,0.85,1.0,1.0,11/44,23.59%,PRKCQ;NTN4;TRPC6;MAPK11;UNC5B;ABLIM1;NTN1;TRPC5;DSCAM;EZR;MAPK12
prerank,Regulation Of Ornithine Decarboxylase (ODC) R-HSA-350562,-0.20251080207185568,-0.7659434175535142,0.8430079155672823,1.0,1.0,27/47,44.06%,AZIN1;OAZ1;PSMB1;OAZ3;PSMD4;PSMD8;OAZ2;PSMB6;PSMB9;PSMC3;PSME1;PSMA7;PSMB10;PSMD11;PSMB8;PSMB4;PSMA4;PSMC4;NQO1;PSMD3;PSMC5;PSMA5;PSMB2;PSMD9;PSME2;PSMB5;PSMD13
prerank,Regulation Of Complement Cascade R-HSA-977606,-0.22707074852846812,-0.7698151673665197,0.8097826086956522,1.0,1.0,10/31,28.48%,ELANE;C5AR1;CD81;CPNE2;CLU;C1R;HNRNPC;PSMA7;CPNE1;CFHR3
prerank,ADP Signaling Thru P2Y Purinoceptor 12 R-HSA-392170,-0.24530600842908806,-0.7705179351616643,0.7847025495750708,1.0,1.0,11/21,48.84%,GNG13;GNB3;GNB2;GNB5;GNGT2;P2RY12;GNAI2;GNGT1;GNG2;GNG7;GNG4
prerank,Signaling To ERKs R-HSA-187687,-0.22840991365780444,-0.7712080362301402,0.7956104252400549,1.0,1.0,9/32,23.59%,RALGDS;BCL11B;MAPK11;SHC2;MAP2K2;GRB2;HRAS;MAPKAPK3;MAPK12
prerank,Costimulation By CD28 Family R-HSA-388841,-0.20069260260460667,-0.7727137062316606,0.8250950570342205,1.0,1.0,25/57,40.24%,ICOSLG;MAP3K14;HLA-DPA1;LYN;PIK3R2;AKT2;HLA-DRB5;TRIB3;PTPN6;PRR5;GRB2;MLST8;AKT1;CSK;PIK3R3;PPP2R5A;VAV1;PPP2R5D;PPP2R5B;PPP2R1A;TNFRSF14;HLA-DRA;PKN1;ARHGEF7;HLA-DRB1
prerank,G Beta:Gamma Signaling Thru BTK R-HSA-8964315,-0.2621039721087145,-0.7736996532381172,0.7668097281831188,1.0,1.0,9/17,48.84%,GNG13;GNB3;GNB2;GNB5;GNGT2;GNGT1;GNG2;GNG7;GNG4
prerank,TBC/RABGAPs R-HSA-8854214,-0.2150956796384691,-0.7751725929934397,0.79890560875513,1.0,1.0,12/41,25.17%,RAB6B;ULK1;TBC1D10C;GGA1;ARF6;TSC2;GABARAPL2;TBC1D25;TBC1D16;TBC1D14;SYTL1;RABGAP1
prerank,Glycosphingolipid Metabolism R-HSA-1660662,-0.21894040163306164,-0.7755206005027554,0.7886944818304172,1.0,1.0,11/36,26.52%,CPTP;ARSD;SMPD2;CERK;ARSL;ARSJ;SUMF2;ARSA;GBA2;ARSI;HEXA
prerank,Metabolism Of Nucleotides R-HSA-15869,-0.18649404494991761,-0.7774211905832575,0.863855421686747,1.0,1.0,28/87,32.44%,PFAS;DHODH;AK7;IMPDH2;AMPD2;NT5M;DNPH1;TXN2;NME3;UPP1;UCKL1;ITPA;DCTPP1;NT5C;NT5C1B-RDH14;NUDT5;ENTPD1;AK1;UPP2;ENTPD4;AK6;APRT;COASY;DPYD;UCK1;GUK1;DCTD;NME4
prerank,"Glutamate Binding, Activation Of AMPA Receptors And Synaptic Plasticity R-HSA-399721",-0.2401646070026623,-0.7797968222385623,0.7695530726256983,1.0,1.0,4/26,8.90%,CACNG4;GRIA4;GRIP2;GRIA1
prerank,DNA Damage Bypass R-HSA-73893,-0.20691434277264267,-0.7799902494259187,0.8212927756653993,1.0,1.0,24/48,41.86%,SLC19A1;USP43;ISG15;CUL4A;POLD1;POLD2;UBA52;RPS27A;NPLOC4;POLD4;UBB;MAD2L2;POLD3;UFD1;REV1;VCP;RCHY1;RFC2;RPA3;UBC;WDR48;UBA7;USP1;RBX1
prerank,Intracellular Signaling By Second Messengers R-HSA-9006925,-0.16407358892891033,-0.7814208154107621,0.9361022364217252,1.0,1.0,116/279,39.09%,ADCY1;PPARG;IRS1;TNRC6C;CDKN1B;KL;RING1;MECOM;CAMK4;HDAC7;FGFR1;PRKAR2B;PRKAR1A;CBX2;PDGFB;KLB;HDAC3;CBX4;PHC2;AGO4;PIK3R2;NRG2;PRKCE;TSC2;AKT2;CASP9;RBBP4;PHC1;TRIB3;LAMTOR5;PRKX;KIT;PSMB1;PDGFRB;PRR5;EGR1;TRIM27;GRB2;PSMD4;EGF;PSMD8;ADCY6;CBX6;ATN1;STUB1;MLST8;AGO2;GSK3B;MAF1;PDGFA;KPNA2;PSMB6;MTA1;CSNK2B;FGFR3;CAMK2G;UBA52;GSK3A;RPS27A;LAMTOR4;AKT1;EREG;PSMB9;PSMC3;PSME1;PSMA7;CLSTN1;PRKAR2A;PSMB10;PSMD11;ADCY8;PREX2;PSMB8;PIK3CB;UBB;FGF13;IRAK1;PSMB4;AGO1;PLCG1;ITPR3;GRK2;MOV10;KITLG;PSMA4;CAMKK1;FOXO4;PIK3R3;NRG4;IER3;PPP2R5A;PSMC4;MYD88;GATAD2A;PHLPP2;LAMTOR1;RNF146;VAV1;HDAC5;AGO3;RHOG;PPP2R5D;FGFR2;PPP2R5B;PPP2R1A;FLT3LG;PRKCD;TNRC6A;PIP5K1C;PSMD3;TP53;BAD;FOXO3;PSMC5;AKT1S1;PSMA5
prerank,Cristae Formation R-HSA-8949613,-0.23259404265565276,-0.7820099308979517,0.7824897400820794,1.0,1.0,7/29,21.32%,ATP5MG;CHCHD6;ATP5MC3;TMEM11;MTX1;ATP5F1D;DNAJC11
prerank,MAPK Family Signaling Cascades R-HSA-5683057,-0.16351308962925187,-0.782396151476483,0.940677966101695,1.0,1.0,122/288,39.98%,KALRN;RALGDS;IL5;IGF2BP1;IRS1;TNRC6C;IL17RD;PRKCQ;KL;ARRB2;FGFR1;DUSP10;RASA4;CNKSR1;PDGFB;IL3RA;KLB;DUSP4;RASGEF1A;PSPN;AGO4;RCE1;ETV4;PIK3R2;MAP3K11;NRG2;RGL2;ARTN;DUSP7;SPTBN2;WDR83;PTPN7;NCAM1;SHC2;KIT;PSMB1;MAP2K2;PDGFRB;GRB2;PSMD4;EGF;PSMD8;AGO2;RASGRP4;HRAS;SPNS1;PDGFA;RAG2;DAB2IP;PSMB6;DUSP16;MAPK12;GOLGA7;JAK3;FGFR3;CAMK2G;UBA52;RPS27A;ARRB1;ARL2;EREG;PSMB9;PSMC3;LLGL1;FRS3;PSME1;PSMA7;SYNGAP1;SPTBN5;PSMB10;PSMD11;CDC42EP2;PSMB8;PIK3CB;UBB;FGF13;DNAJB1;PTPRA;CSK;PSMB4;AGO1;CCND3;HSPB1;MOV10;KITLG;PSMA4;TYK2;NRG4;RGL3;SPTB;PPP2R5A;USP17L2;ABHD17C;PSMC4;RET;SPRED1;RASA2;PEBP1;PPP5C;AGO3;PPP2R5D;ARAF;PHB1;CDC42EP5;FGFR2;PPP2R5B;PPP2R1A;FLT3LG;TNRC6A;KSR1;PSMD3;FOXO3;RASA3;PSMC5;RAG1;PSMA5;PKN1;DUSP8;PSMB2;ARHGEF7;PSMD9;LAMTOR2
prerank,Cellular Hexose Transport R-HSA-189200,-0.2708186816592186,-0.7837526509834459,0.7597765363128491,1.0,1.0,11/16,50.90%,SLC5A9;SLC2A1;SLC2A3;SLC50A1;SLC2A8;SLC5A2;SLC2A6;SLC2A14;SLC2A11;SLC45A3;SLC2A12
prerank,Base Excision Repair R-HSA-73884,-0.20416896855231076,-0.7852401643420454,0.8250950570342205,1.0,1.0,27/59,40.50%,SLC19A1;H2AC7;PARP1;POLG2;NTHL1;MPG;OGG1;TDG;H2BC13;POLD1;TERF2;POLD2;H2AX;MUTYH;POLD4;H2AZ2;NEIL1;POLD3;ACD;UNG;PNKP;ADPRS;H2BC11;NEIL2;H2AZ1;RFC2;RPA3
prerank,RND1 GTPase Cycle R-HSA-9696273,-0.21554062013440545,-0.7858204244760434,0.788787483702738,1.0,1.0,12/39,28.67%,VANGL2;HOMER2;PIK3R2;PLEKHG5;RBMX;UBXN11;GRB7;FLOT2;PLXNA1;FRS3;EPHA2;WDR6
prerank,Transcription Of E2F Targets Under Negative Control By DREAM Complex R-HSA-1362277,-0.25662009350240994,-0.7877343064923594,0.7562043795620438,1.0,1.0,4/19,14.62%,E2F4;LIN37;RBBP4;E2F5
prerank,Hedgehog Ligand Biogenesis R-HSA-5358346,-0.20151335273764487,-0.7888585114201851,0.8267716535433071,1.0,1.0,30/56,41.44%,SCUBE2;PSMB1;P4HB;PSMD4;PSMD8;PSMB6;SYVN1;UBA52;RPS27A;PSMB9;PSMC3;PSME1;PSMA7;PSMB10;PSMD11;PSMB8;UBB;PSMB4;PSMA4;PSMC4;OS9;PSMD3;PSMC5;PSMA5;VCP;PSMB2;PSMD9;HHAT;UBC;PSME2
prerank,Antigen processing-Cross Presentation R-HSA-1236975,-0.18864513362761076,-0.7890160556920625,0.8542413381123058,1.0,1.0,53/90,48.25%,TLR6;CTSL;HLA-F;HLA-A;MRC2;IKBKB;PSMB1;HMGB1;PSMD4;PSMD8;SNAP23;NDUFA2;SEC61B;PSMB6;UBA52;RPS27A;PSMB9;PSMC3;PSME1;PSMA7;PSMB10;TIRAP;PSMD11;STX4;TAPBP;HLA-E;PSMB8;UBB;PSMB4;TLR2;PSMA4;VAMP8;PSMC4;MYD88;PSMD3;PSMC5;CALR;PSMA5;PSMB2;PSMD9;UBC;PSME2;CYBA;PSMB5;PSMD13;HLA-G;S100A9;HLA-C;PSMB7;SEC14L2;CTSV;SEC61G;ITGAV
prerank,Visual Phototransduction R-HSA-2187338,-0.19539611631752107,-0.7890481378772607,0.8345679012345679,1.0,1.0,9/74,8.14%,GPC2;PRKCQ;PLB1;PDE6B;HSD17B1;APOE;RBP1;CAMKMT;RDH5
prerank,Reproduction R-HSA-1474165,-0.19117529985331386,-0.7901178862568492,0.831942789034565,1.0,1.0,7/84,4.31%,HSPA2;TEX12;REC8;OVGP1;H2AC7;CD9;SUN1
prerank,Interleukin-10 Signaling R-HSA-6783783,-0.21842187937924284,-0.7904848045727257,0.7816411682892906,1.0,1.0,13/37,35.26%,IL10;TNFRSF1B;IL1R2;CSF3;CCL22;IL10RA;IL1RN;TIMP1;PTAFR;TYK2;TNFRSF1A;TNF;IL10RB
prerank,PCNA-Dependent Long Patch Base Excision Repair R-HSA-5651801,-0.25442816198146784,-0.7908550090675326,0.7702127659574468,1.0,1.0,2/21,3.84%,SLC19A1;POLG2
prerank,Mitochondrial Translation R-HSA-5368287,-0.19210151144643922,-0.7923779964425396,0.8452380952380952,1.0,1.0,34/85,35.26%,MRPS25;MRPS27;GADD45GIP1;MRPL52;MRPS6;MRPS26;MRPS34;MRPL20;MRPS18B;MRPL46;MRPL57;ERAL1;MRPL55;MRPS11;MRPS2;MRPL38;MRPS16;MRPL53;TUFM;MRPL14;MRPL4;DLGAP3;MRRF;MRPL23;MRPL10;MRPL11;MRPS5;MRPL34;MRPS17;AURKAIP1;MRPL54;MRPS35;MRPS24;MRPL44
prerank,Estrogen-dependent Gene Expression R-HSA-9018519,-0.18710295567147373,-0.7947152844561582,0.8471720818291215,1.0,1.0,46/103,40.82%,TNRC6C;H2AC7;CREBBP;HSP90AB1;USF2;ZNF217;AGO4;YY1;PTGES3;CTSD;POLR2E;JUND;RAD21;H2BC13;GTF2F1;AGO2;POLR2I;KPNA2;KDM4B;POLR2D;POLR2A;H2AX;SMC1A;POLR2G;H3-3B;TLE3;H2AZ2;USF1;PRMT1;AGO1;CARM1;MOV10;FKBP4;AGO3;BCL2;CDK9;POLR2H;KAT5;TNRC6A;AXIN1;POLR2F;H2BC11;H2AZ1;GATA3;PMEPA1;MYC
prerank,ER-Phagosome Pathway R-HSA-1236974,-0.19438391109173153,-0.7951516540521113,0.8313106796116505,1.0,1.0,47/79,46.86%,TLR6;HLA-F;HLA-A;IKBKB;PSMB1;HMGB1;PSMD4;PSMD8;SNAP23;NDUFA2;SEC61B;PSMB6;UBA52;RPS27A;PSMB9;PSMC3;PSME1;PSMA7;PSMB10;TIRAP;PSMD11;STX4;TAPBP;HLA-E;PSMB8;UBB;PSMB4;TLR2;PSMA4;VAMP8;PSMC4;MYD88;PSMD3;PSMC5;CALR;PSMA5;PSMB2;PSMD9;UBC;PSME2;PSMB5;PSMD13;HLA-G;S100A9;HLA-C;PSMB7;SEC14L2
prerank,Signaling By FGFR2 IIIa TM R-HSA-8851708,-0.2645245312247972,-0.7969965151193537,0.7524339360222532,1.0,1.0,12/19,43.10%,POLR2E;GTF2F1;POLR2I;POLR2D;POLR2A;POLR2G;FGF13;POLR2H;FGFR2;POLR2F;POLR2K;POLR2L
prerank,G Beta:Gamma Signaling Thru CDC42 R-HSA-8964616,-0.25993030436062514,-0.7971230404461005,0.7517831669044223,1.0,1.0,5/20,22.33%,GNG13;GNB3;ARHGEF6;GNB2;GNB5
prerank,Miscellaneous Transport And Binding Events R-HSA-5223345,-0.24808456760700057,-0.79818023296481,0.7661064425770309,1.0,1.0,3/23,8.49%,ADD2;LRRC8B;CTNS
prerank,G Alpha (12/13) Signaling Events R-HSA-416482,-0.19868137080346174,-0.798946771422313,0.8210023866348448,1.0,1.0,26/74,34.53%,ARHGEF33;KALRN;VAV2;OBSCN;MCF2;GNG13;PLEKHG5;GNB3;ARHGEF6;ARHGEF17;ARHGEF19;ARHGEF40;PREX1;GNB2;GNB5;ARHGEF2;PLXNB1;ARHGEF10L;ARHGEF1;ARHGEF18;RHOC;ARHGEF11;PLEKHG2;ARHGEF4;GNGT2;VAV1
prerank,Signaling By Type 1 Insulin-like Growth Factor 1 Receptor (IGF1R) R-HSA-2404192,-0.22164828613214851,-0.7995518605625332,0.7816537467700259,1.0,1.0,10/41,18.30%,PDE3B;IRS1;KL;FGFR1;KLB;PIK3R2;AKT2;TRIB3;IGF1R;GRB2
prerank,"Platelet Activation, Signaling And Aggregation R-HSA-76002",-0.16891541114178443,-0.8000169025187411,0.9079089924160346,1.0,1.0,87/227,36.73%,GP1BA;ITIH4;VAV2;PRKCQ;F2RL3;CD9;ARRB2;DAGLA;TRPC6;VEGFA;VEGFB;DGKD;PDGFB;F13A1;LYN;PRKCZ;DGKQ;SERPINF2;PIK3R2;GNG13;GAS6;GNB3;PRKCE;PIK3CG;BCAR1;MAGED2;SCCPDH;CLU;GNA11;DGKB;DGKE;PRKCB;PTPN6;GNA14;SERPINA1;ACTN1;GRB2;TEX264;EGF;FERMT3;GNB2;SPNS1;PDGFA;MGLL;ECM1;VPS72;GTPBP2;TF;GNB5;CLEC3B;TIMP1;ARRB1;AKT1;CD109;AAMP;F2RL2;PTPN1;LGALS3BP;TGFB2;SCG3;TGFB1;STX4;RAPGEF3;ABHD6;PIK3CB;THPO;CSK;ISLR;CHID1;ITPR3;TAGLN2;F2R;PIK3R3;ABCC4;TUBA4A;GNGT2;P2RY12;VAV1;RHOG;ACTN4;FLNA;CD63;DGKZ;PRKCD;TRPC3;RAPGEF4;GNA15
prerank,Interleukin Receptor SHC Signaling R-HSA-912526,-0.25224710684998236,-0.8017154617930189,0.7634112792297112,1.0,1.0,13/23,43.94%,IL5;IL3RA;PIK3R2;PTPN6;GRB2;JAK3;CLSTN1;PIK3CB;PIK3R3;INPPL1;GAB2;SHC1;INPP5D
prerank,p53-Dependent G1 DNA Damage Response R-HSA-69563,-0.20313961064440658,-0.8024001681529797,0.8169014084507042,1.0,1.0,32/62,41.44%,CDKN1B;ZNF385A;CDKN2A;CHEK2;PSMB1;PSMD4;PSMD8;CDK2;PSMB6;UBA52;RPS27A;PSMB9;PSMC3;PSME1;PSMA7;PSMB10;PSMD11;PSMB8;UBB;PSMB4;PSMA4;PCBP4;CARD16;PSMC4;PSMD3;TP53;PSMC5;PSMA5;PSMB2;PSMD9;UBC;PSME2
prerank,Lysosome Vesicle Biogenesis R-HSA-432720,-0.23451559472199607,-0.8062609839835162,0.7376171352074966,1.0,1.0,16/32,35.33%,AP4M1;DNAJC6;CTSZ;HGS;AP1S2;ARRB1;DNASE2;AP1M2;BLOC1S1;AP4B1;TXNDC5;CLTB;AP1G2;VAMP8;CLVS1;CHMP2A
prerank,ECM Proteoglycans R-HSA-3000178,-0.21432277863549756,-0.8065753142267007,0.7740693196405648,1.0,1.0,22/48,42.14%,PTPRS;MUSK;AGRN;NCAM1;COL9A2;MATN1;DCN;BGN;LAMA5;ITGA9;TGFB2;TGFB1;COL9A3;VTN;BCAN;DAG1;LAMB1;ITGA8;ITGAX;LAMA1;LMNB2;ITGA7
prerank,RORA Activates Gene Expression R-HSA-1368082,-0.2713711071057591,-0.8075320198474963,0.7266081871345029,1.0,1.0,4/18,13.15%,SREBF1;CREBBP;TBL1XR1;SMARCD3
prerank,GPVI-mediated Activation Cascade R-HSA-114604,-0.23907657301117435,-0.8080649241687718,0.7548209366391184,1.0,1.0,6/28,16.24%,VAV2;LYN;PRKCZ;PIK3R2;PIK3CG;PTPN6
prerank,PRC2 Methylates Histones And DNA R-HSA-212300,-0.23808553093463186,-0.808652038206575,0.7503467406380028,1.0,1.0,10/30,27.90%,H2AC7;DNMT3A;RBBP4;H2BC13;MTF2;H2AX;PHF19;PHF1;H3-3B;H2AZ2
prerank,Early SARS-CoV-2 Infection Events R-HSA-9772572,-0.2309345939494873,-0.809143639931983,0.7577807848443843,1.0,1.0,8/34,20.09%,GPC2;VHL;CTSL;SDC4;AGRN;NRP1;GPC1;BECN1
prerank,Amino Acids Regulate mTORC1 R-HSA-9639288,-0.21432120544948588,-0.8105547060299434,0.8050397877984085,1.0,1.0,20/53,28.82%,WDR24;KPTN;CASTOR1;NPRL3;ATP6V0E2;ATP6V1B1;LAMTOR5;SEH1L;NPRL2;WDR59;SESN2;MLST8;LAMTOR4;ATP6V0D1;ATP6V1F;ATP6V1G1;SZT2;ITFG2;MIOS;ATP6V0B
prerank,Integration Of Energy Metabolism R-HSA-163685,-0.19508220017986588,-0.8108937001294646,0.8023952095808383,1.0,1.0,35/87,38.74%,ADCY1;PRKAR2B;PRKAR1A;SNAP25;PFKFB1;KCNS3;GNG13;GNB3;STX1A;SYT5;TKT;GNA11;STK11;GNA14;ADCY6;GNB2;SLC2A1;GNB5;PRKAA2;FASN;ADIPOR2;PRKAR2A;ADCY8;RAPGEF3;AGPAT1;ITPR3;GNGT2;PLCB3;ACACB;PPP2R5D;PPP2R1A;RAPGEF4;GNA15;TALDO1;CACNB3
prerank,Endogenous Sterols R-HSA-211976,-0.2513586709671547,-0.8109893728612435,0.7307152875175316,1.0,1.0,8/23,25.86%,CYP39A1;AHRR;CYP51A1;CYP27A1;CYP46A1;POMC;FDX2;FDXR
prerank,Mitochondrial Translation Initiation R-HSA-5368286,-0.19835851200820875,-0.8114636014827676,0.8042704626334519,1.0,1.0,32/79,35.26%,MRPS25;MRPS27;GADD45GIP1;MRPL52;MRPS6;MRPS26;MRPS34;MRPL20;MRPS18B;MRPL46;MRPL57;ERAL1;MRPL55;MRPS11;MRPS2;MRPL38;MRPS16;MRPL53;MRPL14;MRPL4;DLGAP3;MRPL23;MRPL10;MRPL11;MRPS5;MRPL34;MRPS17;AURKAIP1;MRPL54;MRPS35;MRPS24;MRPL44
prerank,RAB Geranylgeranylation R-HSA-8873719,-0.21196301643219131,-0.811552941836674,0.788787483702738,1.0,1.0,12/57,18.46%,RAB3A;RAB6B;RAB26;RAB36;RAB24;RAB34;RAB17;RAB12;PTP4A2;RAB38;RAB40C;RAB15
prerank,Regulation Of TP53 Activity R-HSA-5633007,-0.18379769099057938,-0.8163109964263325,0.8539325842696629,1.0,1.0,38/149,25.18%,MAP2K6;L3MBTL1;BRD1;BANP;ZNF385A;PRKAB1;CDKN2A;RAD9A;EHMT1;MAPK11;PIP4P1;ARTN;AKT2;PLK3;RBBP4;TP73;TAF3;TAF4;RAD9B;TTC5;MEAF6;STK11;CHEK2;TOP3A;TAF6;PRR5;CDK5R1;MLST8;PRMT5;CDK2;EHMT2;SSRP1;CSNK2B;UBA52;RPS27A;PRKAA2;AKT1;TAF7
prerank,Detoxification Of Reactive Oxygen Species R-HSA-3299685,-0.245050713220419,-0.8171617719236919,0.7269021739130435,1.0,1.0,9/28,26.21%,NUDT2;GPX1;TXN2;GSTP1;PRDX2;P4HB;CCS;PRDX5;PRDX1
prerank,KSRP (KHSRP) Binds And Destabilizes mRNA R-HSA-450604,-0.2823147565183953,-0.8205166425664824,0.723781388478582,1.0,1.0,7/17,27.66%,MAPK11;EXOSC5;KHSRP;DCP2;EXOSC7;AKT1;EXOSC1
prerank,AUF1 (hnRNP D0) Binds And Destabilizes mRNA R-HSA-450408,-0.21389615913603116,-0.820833730546197,0.7539473684210526,1.0,1.0,30/51,44.06%,PSMB1;HSPA1A;PSMD4;PSMD8;PSMB6;UBA52;RPS27A;PSMB9;PSMC3;PSME1;PSMA7;PSMB10;PSMD11;PABPC1;PSMB8;UBB;PSMB4;HSPB1;PSMA4;PSMC4;HNRNPD;PSMD3;PSMC5;PSMA5;PSMB2;PSMD9;UBC;PSME2;PSMB5;PSMD13
prerank,Pyroptosis R-HSA-5620971,-0.25309237900746484,-0.8215618385460319,0.7273972602739726,1.0,1.0,13/25,47.65%,ELANE;CASP5;HMGB1;CASP1;IRF1;GSDMD;CHMP2A;RNF103-CHMP3;CHMP7;TP53;CHMP6;BAK1;BAX
prerank,TRAF6 Mediated IRF7 Activation R-HSA-933541,-0.28986885221163206,-0.8218063804844412,0.7064748201438849,1.0,1.0,5/16,18.33%,CREBBP;IRF7;TRIM4;IRF3;RNF135
prerank,Chromosome Maintenance R-HSA-73886,-0.1923407317529767,-0.821896042036525,0.7806603773584906,1.0,1.0,50/104,44.97%,SLC19A1;H2AC7;CENPH;CHTF18;NPM1;ANKRD28;RBBP4;POLR2E;NHP2;RUVBL2;PPP6R3;H2BC13;POLD1;POLR2I;TERF2;CDK2;POLR2D;POLD2;CENPL;POLR2A;H2AX;POLR2G;WRAP53;H3-3B;POLD4;H2AZ2;STN1;DAXX;CHTF8;CENPO;POLD3;ACD;CENPX;POLR2H;PIF1;ITGB3BP;CTC1;POLR2F;H2BC11;H2AZ1;RFC2;RPA3;POLR2K;CENPM;LRIG1;POLR2L;CENPT;H2BC5;CENPK;CENPW
prerank,RAC1 GTPase Cycle R-HSA-9013149,-0.18069574551105866,-0.8229347826950263,0.8499452354874042,1.0,1.0,63/171,35.05%,LBR;KALRN;ARHGAP25;VAV2;PLEKHG3;WAS;ARHGAP39;DEF6;MCF2;DOCK9;ARHGAP17;FMNL1;PIK3R2;JAG1;PLEKHG1;PLEKHG4;ARHGEF6;WIPF1;ARHGAP42;DOCK3;ARAP1;FAM13A;NOXA1;ARHGEF19;PLD2;PARD6A;FARP1;SPATA13;EGR2;CYFIP2;CDC42EP4;PREX1;SNAP23;PLEKHG6;ARHGAP15;DOCK6;ARHGAP12;EMD;WASF3;SLC1A5;BUB1B-PAK6;NISCH;IQGAP2;EPHA2;ARHGAP45;PREX2;NOXO1;ARHGEF18;ARHGDIA;ARHGEF11;SH3BP1;WIPF3;MPP7;BAIAP2;PLEKHG2;ARHGEF4;PIK3R3;YKT6;LAMTOR1;VAV1;ARAP3;PRKCSH;GIT1
prerank,CD28 Co-Stimulation R-HSA-389356,-0.24026156860271544,-0.8234705529812941,0.7206477732793523,1.0,1.0,8/33,20.18%,MAP3K14;LYN;PIK3R2;AKT2;TRIB3;PRR5;GRB2;MLST8
prerank,Pre-NOTCH Expression And Processing R-HSA-1912422,-0.20815247507362628,-0.8253293258893662,0.7630272952853598,1.0,1.0,29/64,39.66%,TNRC6C;H2AC7;LFNG;CREBBP;NOTCH1;AGO4;NOTCH3;MAML1;KAT2A;H2BC13;RFNG;AGO2;H2AX;ST3GAL3;SNW1;H3-3B;H2AZ2;ELF3;FURIN;POFUT1;AGO1;MOV10;AGO3;TNRC6A;TP53;H2BC11;E2F3;SIRT6;H2AZ1
prerank,Interleukin-4 And Interleukin-13 Signaling R-HSA-6785807,-0.19886387588517918,-0.8259331113243633,0.7753623188405797,1.0,1.0,10/93,7.39%,SOCS1;SOCS3;TWIST1;IL23A;IL10;TNFRSF1B;VEGFA;NANOG;F13A1;SOX2
prerank,Signaling By Retinoic Acid R-HSA-5362517,-0.2344530452826733,-0.8271951861973077,0.7368421052631579,1.0,1.0,11/36,25.54%,DHRS4;RDH5;ADH7;PDK3;CRABP2;CYP26B1;PDHA1;RARG;ALDH1A3;ADH1C;ADH1A
prerank,Digestion And Absorption R-HSA-8963743,-0.279420771768158,-0.8275747707943172,0.7095808383233533,1.0,1.0,6/18,28.09%,AMY2B;AMY1A;TREH;AMY1C;AMY1B;AMY2A
prerank,Neurotransmitter Receptors And Postsynaptic Signal Transmission R-HSA-112314,-0.18621607807982454,-0.8282952280239643,0.825938566552901,1.0,1.0,35/149,24.62%,CACNG4;ADCY1;CAMK4;GRIA4;GABRA5;PRKAR2B;PRKAR1A;GRIP2;PRKAB1;GABRA3;GRIK1;GRIN3B;GABRG3;GRIA1;GNG13;PPM1E;GNB3;MAPT;CHRNA3;LIN7A;PRKX;PRKCB;CHRNB2;ADCY6;GABRR2;GNB2;HRAS;CAMK1;UBD;KPNA2;GNB5;GNAL;PPM1F;CAMK2G;PRKAA2
prerank,Glyoxylate Metabolism And Glycine Degradation R-HSA-389661,-0.251179048218489,-0.8283891485702691,0.7175989085948158,1.0,1.0,6/26,19.90%,AMT;GRHPR;BCKDHA;PXMP2;PDHA1;LIPT2
prerank,IGF1R Signaling Cascade R-HSA-2428924,-0.22939926861610188,-0.8285718845864606,0.7258883248730964,1.0,1.0,11/40,20.94%,PDE3B;IRS1;KL;FGFR1;KLB;PIK3R2;AKT2;TRIB3;IGF1R;GRB2;HRAS
prerank,IRS-mediated Signaling R-HSA-112399,-0.23426360778935568,-0.8305118080344253,0.7057291666666666,1.0,1.0,10/36,20.94%,PDE3B;IRS1;KL;FGFR1;KLB;PIK3R2;AKT2;TRIB3;GRB2;HRAS
prerank,Inhibition Of DNA Recombination At Telomere R-HSA-9670095,-0.23899822661651476,-0.8311523073328759,0.7244623655913979,1.0,1.0,20/35,44.02%,H2AC7;POLR2E;H2BC13;POLR2I;TERF2;POLR2D;POLR2A;H2AX;POLR2G;H3-3B;H2AZ2;DAXX;ACD;POLR2H;POLR2F;H2BC11;H2AZ1;POLR2K;POLR2L;H2BC5
prerank,Apoptosis R-HSA-109581,-0.18175049253146486,-0.83124701205488,0.8151447661469933,1.0,1.0,81/170,44.75%,H1-3;GSN;GAS2;PMAIP1;H1-0;PRKCQ;BMF;SEPTIN4;CASP6;CDKN2A;PROC;UNC5B;PLEC;BBC3;DFFB;AKT2;BCL2L11;BID;MAPT;CASP9;TP73;PSMB1;HMGB1;PSMD4;PSMD8;NDUFA2;LMNA;CARD8;KPNB1;PSMB6;UBA52;RPS27A;MED12;AKT1;HMGB2;PSMB9;NMT1;FASN;PSMC3;PSME1;BCAP31;PSMA7;SATB1;PSMB10;PSMD11;PSMB8;UBB;PSMB4;CTNNB1;VIM;PSMA4;H1-4;GSDMD;PSMC4;BCL2;PKP1;FADD;PRKCD;TRADD;PSMD3;TP53;BAD;PSMC5;PSMA5;ACIN1;PSMB2;PSMD9;STAT3;UBC;DIABLO;PSME2;LMNB1;TICAM1;DCC;H1-1;PSMB5;PSMD13;FZR1;TP53BP2;YWHAE;DAPK1
prerank,Amyloid Fiber Formation R-HSA-977225,-0.21626143859028016,-0.8316075035955783,0.7690322580645161,1.0,1.0,14/56,24.35%,GSN;TSPAN14;H2AC7;SORL1;APOE;SNCAIP;GGA1;H2BC13;TSPAN15;CST3;TSPAN5;UBA52;RPS27A;H2AX
prerank,Glycerophospholipid Biosynthesis R-HSA-1483206,-0.1903411357353588,-0.8332399796199585,0.7893491124260354,1.0,1.0,36/115,30.37%,PLD6;PLA2G4B;CHKA;PLD4;LPIN1;PLB1;PLD3;LIPI;PCYT1B;GPAT3;PGS1;ETNK2;PTDSS2;AGPAT4;MIGA2;PLA2G6;CHEK2;CHKB;PLD2;AGPAT5;LIPH;PCYT2;MGLL;MFSD2A;ACP6;CSNK2B;PTPMT1;LPIN3;STARD10;PISD;PTDSS1;CPNE1;OSBPL5;AGPAT1;DGAT1;PLA2G10
prerank,Transcriptional Regulation By TP53 R-HSA-3700989,-0.1741215077069259,-0.8346218385474071,0.8858921161825726,1.0,1.0,89/341,26.22%,MAP2K6;L3MBTL1;TNRC6C;PMAIP1;ARID3A;CDKN1B;BRD1;ELL;BANP;ZNF385A;CREBBP;PRKAB1;DDIT4;E2F4;CASP6;CDKN2A;RAD9A;SCO1;EHMT1;MAPK11;AGO4;PIP4P1;NELFB;STEAP3;BBC3;NPM1;ARTN;TSC2;AKT2;BID;COX5B;PLK3;RBBP4;TP73;TAF3;POLR2E;ELOB;TAF4;RAD9B;TXN2;TTC5;LAMTOR5;COX6A1;MEAF6;STK11;CHEK2;NELFA;TOP3A;TAF6;COX4I1;PRR5;COX14;CDK5R1;PRDX2;ZNF420;PLK2;SESN2;GTF2F1;MLST8;AIFM2;PRMT5;AGO2;POLR2I;CNOT3;COX6C;PRDX5;CDK2;CNOT9;EHMT2;ERCC3;POLR2D;SSRP1;CSNK2B;COX7C;UBA52;POLR2A;RPS27A;CNOT8;LAMTOR4;PRKAA2;NELFCD;AKT1;COX8A;TAF7;POLR2G;CASP1;FASN;PRDX1;COX7A2L
prerank,Role Of Phospholipids In Phagocytosis R-HSA-2029485,-0.2703813320895278,-0.8350754222994499,0.6963276836158192,1.0,1.0,6/21,16.98%,PLD4;PLD3;PIK3R2;PRKCE;PLA2G6;PLD2
prerank,TP53 Regulates Transcription Of Cell Cycle Genes R-HSA-6791312,-0.22425438955712534,-0.8372099644467915,0.7318007662835249,1.0,1.0,16/47,32.78%,ARID3A;CDKN1B;ZNF385A;E2F4;NPM1;PLK3;PLK2;CNOT3;CDK2;CNOT9;CNOT8;PLAGL1;PRMT1;CARM1;CNOT10;PCBP4
prerank,Hedgehog Off State R-HSA-5610787,-0.19740155191608041,-0.8385306771271365,0.7633495145631068,1.0,1.0,45/93,41.91%,ADCY1;SMOX;PRKAR2B;PRKAR1A;CSNK1A1;GPR161;IFT52;PSMB1;PTCH1;PSMD4;PSMD8;MKS1;ADCY6;GSK3B;IFT140;GLI1;PSMB6;UBA52;RPS27A;PSMB9;PSMC3;IFT172;PSME1;PSMA7;PRKAR2A;PSMB10;PSMD11;ADCY8;PSMB8;UBB;PSMB4;GLI2;PSMA4;PSMC4;FUZ;PSMD3;PSMC5;PSMA5;PSMB2;PSMD9;UBC;PSME2;PRKAR1B;RBX1;IFT122
prerank,Association Of TriC/CCT With Target Proteins During Biosynthesis R-HSA-390471,-0.23257075907557961,-0.8393841670031364,0.7040816326530612,1.0,1.0,16/38,31.21%,FBXW10;KIF13A;HDAC3;FBXW4;XRN2;FBXW9;FBXW2;CCT7;GAPDHS;KIFC3;CCT6B;WRAP53;FBXW5;USP11;CCT4;SKIC2
prerank,Cell Recruitment (Pro-Inflammatory Response) R-HSA-9664424,-0.26898550562322115,-0.8405312453654075,0.6918918918918919,1.0,1.0,7/22,25.77%,HSP90AB1;RELA;TXN2;NLRP3;ENTPD1;CASP1;PYCARD
prerank,IRS-related Events Triggered By IGF1R R-HSA-2428928,-0.23561715956079593,-0.8416455385415706,0.7146562905317769,1.0,1.0,11/39,20.94%,PDE3B;IRS1;KL;FGFR1;KLB;PIK3R2;AKT2;TRIB3;IGF1R;GRB2;HRAS
prerank,Asymmetric Localization Of PCP Proteins R-HSA-4608870,-0.21563577099412445,-0.8429059293004161,0.7394094993581515,1.0,1.0,31/58,41.69%,WNT5A;VANGL2;FZD2;DVL2;PSMB1;PARD6A;PSMD4;PSMD8;SCRIB;PSMB6;UBA52;RPS27A;PSMB9;PSMC3;PSME1;PSMA7;PSMB10;PSMD11;PSMB8;UBB;PSMB4;PSMA4;PSMC4;PSMD3;PSMC5;PSMA5;PSMB2;PSMD9;UBC;PSME2;SMURF1
prerank,Negative Regulation Of NMDA Receptor-Mediated Neuronal Transmission R-HSA-9617324,-0.26965247104516166,-0.8433987912844897,0.7,1.0,1.0,6/20,26.47%,CAMK4;PPM1E;CAMK1;PPM1F;CAMK2G;LLGL1
prerank,G Beta:Gamma Signaling Thru PLC Beta R-HSA-418217,-0.2760000461000746,-0.8434796694764551,0.6849507735583685,1.0,1.0,10/19,48.84%,GNG13;GNB3;GNB2;GNB5;GNGT2;PLCB3;GNGT1;GNG2;GNG7;GNG4
prerank,Presynaptic Function Of Kainate Receptors R-HSA-500657,-0.2760000461000746,-0.8434796694764551,0.6849507735583685,1.0,1.0,10/19,48.84%,GNG13;GNB3;GNB2;GNB5;GNGT2;PLCB3;GNGT1;GNG2;GNG7;GNG4
prerank,Signaling By Receptor Tyrosine Kinases R-HSA-9006934,-0.17075339885993987,-0.844091650497258,0.8863868986693961,1.0,1.0,156/459,32.98%,SOCS1;COL6A1;RALGDS;PDE3B;IRS1;VAV2;FGFBP3;COL6A3;KL;COL4A5;FGFR1;AXL;MYCN;PTPRU;APOE;VEGFA;PSEN2;HNRNPH1;PLAT;VEGFB;MAP2K5;RBFOX2;RPS6KA5;PDGFB;KLB;SH3GL3;HDAC3;DUSP4;LYN;FGFBP2;BCL11B;PRKCZ;TIA1;MAPK11;GABRG3;THBS4;FLRT3;CMA1;COL6A2;PTPRS;PTBP1;PIK3R2;NTF3;HNRNPF;NELFB;NRG2;PRKCE;ATP6V0E2;ATP6AP1;ARF6;BCAR1;DUSP7;AKT2;TEC;DOCK3;POLR2E;JUND;ATP6V1B1;TRIB3;NRP1;SHC2;COL9A2;PRKCB;KIT;PTPN6;WWOX;MXD4;PTK6;HGS;MAP2K2;PDGFRB;PRR5;S100B;EGR1;CDK5R1;IGF1R;GRB2;FLT1;EGF;NAB2;EGR2;CYFIP2;STUB1;GTF2F1;GRB7;MLST8;HRAS;PDGFA;POLR2I;MAPKAPK3;STAT5B;PSEN1;THBS3;TF;STK4;LAMA5;PGF;SPRY2;DNAL4;MKNK1;CXXC1;POLR2D;MAPK12;JAK3;FGFR3;UBA52;POLR2A;RPS27A;WASF3;STMN1;ATP6V0D1;AKT1;EREG;SRF;POLR2G;FGFRL1;ATP6V1F;AAMP;ATP6V1G1;GRB10;SH3GL1;LLGL1;SPINT1;FRS3;RANBP10;TLR9;PTPN1;SYNGAP1;RNF41;KDR;ELMO2;DNM1;FURIN;RAPGEF1;ATP6V0B;THBS2;SH2B3;PIK3CB;UBB;RNASEH2A;GFAP;FGF13;CSK;PLCG1;CTNNB1;HSPB1;ITPR3;BAIAP2;KITLG;CDC37;COL9A3;CRKL;SOCS6;PIK3R3;NRG4;NTF4
prerank,Signaling By CSF3 (G-CSF) R-HSA-9674555,-0.25479073045699463,-0.8449970432832531,0.7022160664819944,1.0,1.0,9/29,24.23%,SOCS1;SOCS3;LYN;ELOB;CSF3;GRB2;STAT5B;UBA52;RPS27A
prerank,Sialic Acid Metabolism R-HSA-4085001,-0.24759708749607662,-0.845524428219629,0.6905405405405406,1.0,1.0,9/30,26.10%,ST6GAL1;ST8SIA6;ST8SIA2;ST8SIA1;ST3GAL5;ST3GAL2;ST6GALNAC4;ST3GAL3;NPL
prerank,Citric Acid (TCA) Cycle And Respiratory Electron Transport R-HSA-1428517,-0.18871250866522896,-0.8472757281843553,0.7606741573033707,1.0,1.0,81/160,43.34%,UCP1;UCP2;SCO1;ATP5MG;COX5B;PDK3;GSTZ1;UQCRC1;ATP5MC3;L2HGDH;COX6A1;TRAP1;COX4I1;COX14;ADHFE1;ATP5F1D;PDHA1;ACO2;NDUFS2;BSG;COX6C;IDH3B;NDUFA2;NDUFB9;NDUFA13;NDUFA11;NDUFV1;NDUFB11;NDUFB7;HAGH;NDUFA3;COX7C;UQCR10;NDUFS3;UQCRB;COX8A;COX7A2L;NDUFB4;NDUFS8;COX7B;ATP5MC1;NDUFB1;ECSIT;PCDHGA5;NDUFA7;NDUFV3;IDH3G;SLC16A3;NDUFA8;NDUFS7;NDUFB8;COX6B1;NDUFB10;NDUFB6;UQCR11;NDUFS6;MDH2;SDHB;NDUFC1;ATP5MC2;LDLR;IDH2;PDK2;SDHD;TIMMDC1;PPARD;NDUFA10;RXRA;NDUFA1;DLST;COX19;ATP5PF;UQCRQ;ACAD9;ETFB;COX20;SDHA;PDHB;UQCRH;COA1;SLC25A27
prerank,Metabolism Of Water-Soluble Vitamins And Cofactors R-HSA-196849,-0.19810899679193722,-0.8492116268715668,0.7793263646922184,1.0,1.0,44/110,34.96%,SLC19A1;DHFR2;SHMT1;MTHFD2;PPCDC;FLAD1;PANK4;NMNAT3;PROC;SLC25A19;MMAB;LDLRAP1;MOCS1;SLC22A13;SHMT2;FPGS;NADK;SLC46A1;MTHFR;NNMT;ABCC1;QPRT;SLC2A1;CUBN;ABCD4;MMACHC;SLC2A3;SLC52A2;FASN;NAPRT;NFS1;PARP6;COASY;PDXK;GPHN;CD320;PPCS;VNN1;THTPA;PARP10;SLC19A2;NADSYN1;ACACB;PARP16
prerank,RIPK1-mediated Regulated Necrosis R-HSA-5213460,-0.2518320846382234,-0.8492225438219917,0.6979310344827586,1.0,1.0,13/30,36.62%,GNL3;OGT;STUB1;PELI1;UBA52;RPS27A;FLOT2;FASN;SDCBP;UBB;CDC37;FADD;TRADD
prerank,Regulation Of TP53 Activity Thru Methylation R-HSA-6804760,-0.28296477563024736,-0.849240889189003,0.6940509915014165,1.0,1.0,8/19,24.23%,L3MBTL1;EHMT1;TTC5;CHEK2;PRMT5;EHMT2;UBA52;RPS27A
prerank,Formation Of HIV Elongation Complex In Absence Of HIV Tat R-HSA-167152,-0.22973078413847386,-0.8502076883692937,0.720626631853786,1.0,1.0,20/44,37.23%,ELL;NELFB;POLR2E;ELOB;NELFA;GTF2F1;POLR2I;ERCC3;POLR2D;SSRP1;POLR2A;NELFCD;POLR2G;CTDP1;NELFE;CDK9;POLR2H;SUPT5H;GTF2H4;POLR2F
prerank,Arachidonic Acid Metabolism R-HSA-2142753,-0.22833797916287393,-0.8502794339965489,0.6959370904325033,1.0,1.0,23/47,36.46%,PON2;TBXAS1;PRXL2B;GGT5;PTGES3;GPX1;PTGES2;PTGES;CYP4F3;ABCC1;FAAH2;GPX4;PTGDS;PTGR1;CYP2J2;ALOXE3;CYP4F11;CYP4B1;CBR1;LTC4S;CYP1A1;PON1;ALOX5
prerank,G-protein Beta:Gamma Signaling R-HSA-397795,-0.25240281647746027,-0.8505183671257532,0.6967654986522911,1.0,1.0,8/29,25.09%,GNG13;GNB3;ARHGEF6;PIK3CG;AKT2;GNB2;GNB5;AKT1
prerank,DNA Damage/Telomere Stress Induced Senescence R-HSA-2559586,-0.2302269164341576,-0.8506478347888817,0.729064039408867,1.0,1.0,21/48,39.66%,H1-3;H2AC7;H1-0;CDKN1B;HMGA1;ARTN;UBN1;H2BC13;HIRA;TERF2;CDK2;H2AX;EP400;H2AZ2;CABIN1;H1-4;ACD;KAT5;TP53;H2BC11;H2AZ1
prerank,Signaling By NOTCH4 R-HSA-9013694,-0.20648169067733244,-0.8523057519138891,0.7388059701492538,1.0,1.0,42/78,41.86%,PSEN2;CREBBP;NOTCH1;HEY2;HEY1;JAG1;MAML1;SMAD3;PSMB1;KAT2A;PSMD4;PSMD8;PSEN1;PSMB6;UBA52;RPS27A;SNW1;AKT1;PSMB9;PSMC3;PSME1;PSMA7;PSMB10;PSMD11;DLL4;PSMB8;UBB;PSMB4;GATD3;PSMA4;ACTA2;PSMC4;APH1A;PSMD3;PSMC5;PSMA5;PSMB2;PSMD9;TACC3;UBC;PSME2;RBX1
prerank,Canonical Retinoid Cycle In Rods (Twilight Vision) R-HSA-2453902,-0.29022276366781735,-0.8534393057463213,0.6714490674318508,1.0,1.0,3/17,8.14%,HSD17B1;RBP1;RDH5
prerank,Diseases Of Metabolism R-HSA-5668914,-0.1831301529078344,-0.8537112454944672,0.8037486218302095,1.0,1.0,73/219,30.61%,GPC2;ADAMTS10;CYP2R1;LFNG;MOGS;CYP24A1;GAA;POMT2;THSD7A;IDUA;CSPG4;NOTCH1;PROC;TBXAS1;GALK1;CHST14;MMAB;SLC37A4;CHSY1;DCXR;NHLRC1;PRNP;GALNS;PRELP;NOTCH3;ADAMTS3;ABCA3;SDC4;AGRN;OPLAH;POMGNT1;CYP27A1;GPC1;ADAMTS15;ADAMTS9;CYP26B1;CHST6;B4GALT7;GUSB;DCN;GALT;BGN;POMC;POMT1;CUBN;ABCD4;ALDOB;SPON2;MMACHC;SGSH;NAGLU;UBA52;RPS27A;ST3GAL3;FDX2;FDXR;CSPG5;G6PC3;HEXA;AHCY;SEMA5A;GPC3;THBS2;GALE;ALG12;ALG3;APRT;ADAMTS17;B4GAT1;CD320;DPM3;UBB;IDH1
prerank,Interleukin-6 Family Signaling R-HSA-6783589,-0.2723912110771351,-0.8539124551373243,0.6803519061583577,1.0,1.0,2/22,0.48%,SOCS3;IL31RA
prerank,Interleukin-7 Signaling R-HSA-1266695,-0.2716262081184147,-0.8559795442094584,0.665283540802213,1.0,1.0,5/23,9.96%,SOCS1;IRS1;TSLP;CISH;PIK3R2
prerank,Sensory Processing Of Sound By Outer Hair Cells Of Cochlea R-HSA-9662361,-0.23283044945131454,-0.8577066347336089,0.7016229712858927,1.0,1.0,12/47,23.52%,GSN;CHRNA10;CIB2;CDH23;KCNN2;MYO15A;ESPN;TWF2;ESPNL;XIRP2;EZR;RIPOR2
prerank,Pre-NOTCH Processing In Golgi R-HSA-1912420,-0.29544782340641806,-0.8600758855776076,0.6903039073806078,1.0,1.0,6/17,28.56%,LFNG;NOTCH1;NOTCH3;RFNG;ST3GAL3;FURIN
prerank,HDACs Deacetylate Histones R-HSA-3214815,-0.23296873368499632,-0.861577822104078,0.6981865284974094,1.0,1.0,12/46,25.59%,H2AC7;H2AC25;HDAC3;NCOR2;TBL1XR1;RBBP4;HMG20B;SUDS3;H2BC13;TBL1X;MTA1;HDAC8
prerank,Infection With Mycobacterium Tuberculosis R-HSA-9635486,-0.2744745235058925,-0.86224991167654,0.6523605150214592,1.0,1.0,11/23,31.94%,ENO1;CORO1A;HGS;TRIM27;KPNB1;DUSP16;UBA52;GSK3A;RPS27A;UBB;TLR2
prerank,Activated TAK1 Mediates P38 MAPK Activation R-HSA-450302,-0.29245699153174126,-0.8626839483879493,0.6754002911208151,1.0,1.0,8/18,35.10%,MAP2K6;NOD1;MAPK11;MAPKAPK3;IRAK2;IRAK1;NOD2;TAB1
prerank,PKMTs Methylate Histone Lysines R-HSA-3214841,-0.23830116747545121,-0.8637124986709326,0.6788036410923277,1.0,1.0,12/43,24.53%,MECOM;SETD6;EHMT1;RELA;SETD1B;RBBP4;RBBP5;SETDB1;KMT2D;KMT2B;EHMT2;SETD1A
prerank,EPH-Ephrin Signaling R-HSA-2682334,-0.21023716984722512,-0.865029457648727,0.7301587301587301,1.0,1.0,25/86,29.22%,KALRN;EFNB1;VAV2;EPHB3;EFNB2;PSEN2;LYN;EPHB2;EPHB4;ARHGEF28;EPHB6;EFNA3;MYH14;EFNA1;EFNA4;HRAS;VPS72;PSEN1;ARPC3;SYNGAP1;EPHA1;EPHA2;DNM1;ARPC1A;SDCBP
prerank,p75NTR Signals Via NF-kB R-HSA-193639,-0.2966052776946345,-0.8676555515808234,0.6421636615811374,1.0,1.0,9/16,40.67%,RELA;IKBKB;UBA52;RPS27A;UBB;IRAK1;MYD88;SQSTM1;UBC
prerank,PI3K Cascade R-HSA-109704,-0.25250727887662505,-0.8681945476543099,0.648721399730821,1.0,1.0,9/33,18.30%,PDE3B;IRS1;KL;FGFR1;KLB;PIK3R2;AKT2;TRIB3;GRB2
prerank,Leishmania Infection R-HSA-9658195,-0.18997344298474692,-0.8685618398970697,0.7421109902067464,1.0,1.0,54/186,32.09%,WNT5A;GNAZ;ADCY1;ADORA2B;VAV2;CPAMD8;IL10;PRKAR2B;PRKAR1A;PTGER4;WAS;HSP90AB1;LYN;GNG13;DVL2;GNB3;GGT5;ADM2;WIPF1;RELA;ABL1;TXN2;NLRP3;ADRB2;MC1R;NOXA1;PRKX;PTGIR;GRB2;PLK2;CYFIP2;ADCY6;PTHLH;GNB2;CRH;POMC;GNB5;C1QTNF1;ENTPD1;ARPC3;WASF3;CASP1;PYCARD;ELMO2;PRKAR2A;ARPC1A;FURIN;ADCY8;NOXO1;PLCG1;WIPF3;ITPR3;BAIAP2;PTH1R
prerank,Regulation Of RUNX1 Expression And Activity R-HSA-8934593,-0.303442741811418,-0.8695319555248531,0.6369137670196672,1.0,1.0,10/16,43.83%,TNRC6C;AGO4;AGO2;AGO1;CCND3;MOV10;AGO3;TNRC6A;PML;CDK6
prerank,TCF Dependent Signaling In Response To WNT R-HSA-201681,-0.1893481631858705,-0.8695862018583879,0.7519818799546999,1.0,1.0,80/173,40.82%,WNT5A;RUNX3;H2AC7;TCF7L1;FZD2;CSNK1E;AXIN2;CTBP1;AMER1;CREBBP;LRP5;DKK2;SOX2;PROC;ZNRF3;CSNK1A1;KREMEN1;DVL2;MEN1;AKT2;SOX6;RBBP5;PSMB1;FRAT1;H2BC13;BCL9;PSMD4;CSNK1G2;PSMD8;KMT2D;GSK3B;BCL9L;PSMB6;WNT9A;CSNK2B;UBA52;RPS27A;H2AX;TLE2;AKT1;PSMB9;PSMC3;PSME1;H3-3B;TLE3;PSMA7;H2AZ2;PSMB10;PSMD11;WIF1;PSMB8;UBB;PSMB4;CTNNB1;PSMA4;PPP2R5A;PSMC4;RNF43;RNF146;KAT5;PPP2R5D;RSPO4;PPP2R5B;PPP2R1A;FRAT2;AXIN1;SOX4;PSMD3;H2BC11;CXXC4;LGR5;PSMC5;PSMA5;PSMB2;H2AZ1;TLE4;PSMD9;LEF1;UBC;MYC
prerank,Translesion Synthesis By REV1 R-HSA-110312,-0.30136711435506847,-0.8697497592832899,0.6474074074074074,1.0,1.0,9/16,40.67%,SLC19A1;UBA52;RPS27A;UBB;MAD2L2;REV1;RFC2;RPA3;UBC
prerank,Membrane Binding And Targetting Of GAG Proteins R-HSA-174490,-0.30594636646726836,-0.8707475003340489,0.6415362731152204,1.0,1.0,9/15,40.67%,VPS28;VPS37B;VPS37C;UBA52;RPS27A;UBB;VPS37D;MVB12A;UBC
prerank,Mitochondrial Translation Termination R-HSA-5419276,-0.2132442120965329,-0.8717683248155832,0.6864608076009501,1.0,1.0,33/79,35.26%,MRPS25;MRPS27;GADD45GIP1;MRPL52;MRPS6;MRPS26;MRPS34;MRPL20;MRPS18B;MRPL46;MRPL57;ERAL1;MRPL55;MRPS11;MRPS2;MRPL38;MRPS16;MRPL53;MRPL14;MRPL4;DLGAP3;MRRF;MRPL23;MRPL10;MRPL11;MRPS5;MRPL34;MRPS17;AURKAIP1;MRPL54;MRPS35;MRPS24;MRPL44
prerank,Keratan Sulfate/Keratin Metabolism R-HSA-1638074,-0.2539855683050065,-0.8725372625661999,0.6497326203208557,1.0,1.0,10/30,32.61%,B3GNT7;PRELP;CHST6;ST3GAL2;ST3GAL3;HEXA;B4GALT2;B4GALT3;B4GAT1;B3GNT4
prerank,Hyaluronan Metabolism R-HSA-2142845,-0.30899906537533856,-0.8728547139208777,0.6493506493506493,1.0,1.0,8/15,35.75%,HYAL3;GUSB;CD44;HYAL2;HEXA;STAB2;ABCC5;SLC9A1
prerank,TGF-beta Receptor Signaling Activates SMADs R-HSA-2173789,-0.2375812497602602,-0.8730036353370697,0.6696542893725992,1.0,1.0,29/44,48.37%,SMAD4;LTBP4;TGFBR1;SMAD3;STUB1;PPP1R15A;UBA52;RPS27A;PPP1CA;TGFB2;TGFB1;FURIN;UBE2M;UBB;NEDD8;LTBP3;ITGB8;NEDD4L;ITGA8;UBC;PMEPA1;SMURF1;LTBP1;MTMR4;ITGB1;BAMBI;PPP1CB;ITGAV;PPP1CC
prerank,GPCR Downstream Signaling R-HSA-388396,-0.17801316289837882,-0.8738720062370534,0.8406988694758479,1.0,1.0,94/439,21.97%,PDE7B;ARHGEF33;GNAZ;ADCY1;KALRN;GRK5;PDE3B;TAS2R5;ADORA2B;VAV2;S1PR3;GPR143;PRKCQ;OBSCN;TAS2R30;F2RL3;NTSR1;GPSM1;GPR37;RGS12;GPR132;CPAMD8;GNRH1;GRPR;CAMK4;LPAR3;ARRB2;CXCR6;TAS2R10;DAGLA;OXER1;TRPC6;PRKAR2B;C5AR1;PRKAR1A;PTGER4;RGS17;DGKD;GRM5;MCF2;GNRHR;PDE4D;DGKQ;NPFF;RGS14;EDNRA;PIK3R2;TAS2R20;GNG13;PLEKHG5;GNB3;ARHGEF6;HEBP1;PRKCE;PCP2;PPP3CA;PIK3CG;LPAR1;AKT2;ADM2;DHX34;ARHGEF17;SST;NLRP3;ADRB2;GNA11;MC1R;DGKB;PRKX;DGKE;PRKCB;GAL;ARHGEF19;AVPR1A;GNA14;PTGIR;ARHGEF40;GRB2;S1PR2;BDKRB1;ADCY6;CX3CL1;PREX1;HTR1D;PTHLH;GNB2;HRAS;TAC1;MGLL;UBD;CRH;KPNA2;POMC;TAS1R1
prerank,DAG And IP3 Signaling R-HSA-1489509,-0.24928614868744156,-0.8738967887197409,0.6515775034293553,1.0,1.0,15/37,32.22%,ADCY1;CAMK4;PRKAR2B;PRKAR1A;PRKCE;PRKX;ADCY6;KPNA2;CAMK2G;PRKAR2A;ADCY8;PLCG1;ITPR3;GRK2;CAMKK1
prerank,Negative Regulation Of MAPK Pathway R-HSA-5675221,-0.24653007137271585,-0.8743136016752151,0.655440414507772,1.0,1.0,22/39,42.07%,DUSP10;DUSP4;DUSP7;PTPN7;MAP2K2;HRAS;DUSP16;MAPK12;UBA52;RPS27A;UBB;PPP2R5A;PEBP1;PPP5C;PPP2R5D;ARAF;PPP2R5B;PPP2R1A;KSR1;DUSP8;UBC;DUSP6
prerank,MicroRNA (miRNA) Biogenesis R-HSA-203927,-0.27466378006776526,-0.874396014880222,0.6491228070175439,1.0,1.0,16/24,43.10%,AGO4;TARBP2;POLR2E;AGO2;POLR2I;POLR2D;POLR2A;POLR2G;RAN;AGO1;AGO3;POLR2H;POLR2F;BCDIN3D;POLR2K;POLR2L
prerank,Programmed Cell Death R-HSA-5357801,-0.18864762705783436,-0.8748149608614585,0.7593406593406593,1.0,1.0,96/200,44.75%,H1-3;GSN;GNL3;GAS2;PMAIP1;H1-0;PRKCQ;BMF;ELANE;CASP5;OGT;SEPTIN4;CASP6;CDKN2A;PROC;UNC5B;PLEC;BBC3;DFFB;AKT2;BCL2L11;BID;MAPT;CASP9;TP73;PSMB1;HMGB1;PSMD4;PSMD8;STUB1;NDUFA2;LMNA;CARD8;KPNB1;PSMB6;PELI1;UBA52;RPS27A;MED12;AKT1;FLOT2;HMGB2;CASP1;PSMB9;NMT1;FASN;PSMC3;PSME1;BCAP31;PSMA7;SATB1;IRF1;PSMB10;PSMD11;SDCBP;PSMB8;UBB;PSMB4;CTNNB1;VIM;PSMA4;CDC37;H1-4;GSDMD;PSMC4;BCL2;CHMP2A;PKP1;RNF103-CHMP3;FADD;PRKCD;TRADD;CHMP7;PSMD3;TP53;BAD;PSMC5;PSMA5;ACIN1;PSMB2;PSMD9;STAT3;UBC;DIABLO;PSME2;LMNB1;CHMP6;TICAM1;DCC;H1-1;PSMB5;PSMD13;FZR1;TP53BP2;YWHAE;DAPK1
prerank,Translesion Synthesis By POLI R-HSA-5656121,-0.2992369282766415,-0.8778674814200834,0.6453055141579732,1.0,1.0,9/17,40.67%,SLC19A1;UBA52;RPS27A;UBB;MAD2L2;REV1;RFC2;RPA3;UBC
prerank,Cytochrome P450 - Arranged By Substrate Type R-HSA-211897,-0.2344033741119629,-0.8802548540832987,0.6560424966799469,1.0,1.0,19/45,34.31%,CYP2R1;CYP24A1;CYP39A1;AHRR;CYP3A4;CYP51A1;TBXAS1;CYP27A1;CYP26B1;CYP4F3;CYP46A1;POMC;FDX2;FDXR;CYP2J2;CYP4F11;CYP4B1;FDX1;CYP1A1
prerank,Inactivation Of CSF3 (G-CSF) Signaling R-HSA-9705462,-0.27816853633413224,-0.8804444981684247,0.6547788873038516,1.0,1.0,8/24,24.23%,SOCS1;SOCS3;LYN;ELOB;CSF3;STAT5B;UBA52;RPS27A
prerank,Interaction Between L1 And Ankyrins R-HSA-445095,-0.2717980326125365,-0.8832130160093279,0.6299319727891156,1.0,1.0,11/25,33.09%,SCN7A;L1CAM;ANK1;SPTBN2;SCN5A;SCN1B;SCN9A;SPTBN5;SCN8A;ANK3;SPTB
prerank,Activation Of NMDA Receptors And Postsynaptic Events R-HSA-442755,-0.21863766432523635,-0.8858748579150859,0.686641697877653,1.0,1.0,22/72,29.72%,ADCY1;CAMK4;GRIA4;PRKAR2B;PRKAR1A;PRKAB1;GRIN3B;GRIA1;PPM1E;MAPT;LIN7A;PRKX;HRAS;CAMK1;KPNA2;PPM1F;CAMK2G;PRKAA2;LLGL1;PRKAR2A;ADCY8;GRIA2
prerank,Metabolism Of Steroid Hormones R-HSA-196071,-0.2675123907054413,-0.8861266233601813,0.6196236559139785,1.0,1.0,15/28,45.20%,TSPOAP1;HSD17B1;HSD17B2;TSPO;POMC;FDX2;FDXR;FDX1;CYP17A1;STARD6;AKR1B1;HSD17B14;STARD3;LHB;HSD11B1
prerank,TP53 Regulates Metabolic Genes R-HSA-5628897,-0.21902595241646441,-0.8868476863158551,0.6882494004796164,1.0,1.0,26/80,26.22%,TNRC6C;PRKAB1;DDIT4;SCO1;AGO4;TSC2;AKT2;COX5B;TXN2;LAMTOR5;COX6A1;COX4I1;COX14;PRDX2;SESN2;MLST8;AGO2;COX6C;PRDX5;COX7C;LAMTOR4;PRKAA2;AKT1;COX8A;PRDX1;COX7A2L
prerank,Beta-catenin Independent WNT Signaling R-HSA-3858494,-0.19962772237374055,-0.8870263941818629,0.6978085351787774,1.0,1.0,67/135,44.20%,WNT5A;VANGL2;WNT11;TNRC6C;TCF7L1;FZD2;ARRB2;PDE6B;AXIN2;AGO4;GNG13;DVL2;GNB3;PRKG1;PPP3CA;PRKCB;PSMB1;PARD6A;PSMD4;PSMD8;SCRIB;AGO2;GNB2;GNB5;PSMB6;UBA52;RPS27A;PSMB9;PSMC3;PSME1;PSMA7;PSMB10;PSMD11;PSMB8;UBB;PSMB4;AGO1;CTNNB1;CLTB;ITPR3;MOV10;PSMA4;PSMC4;AP2S1;GNGT2;PLCB3;AGO3;TNRC6A;PDE6A;PSMD3;PSMC5;WNT5B;PSMA5;PSMB2;PSMD9;LEF1;UBC;MYC;GNGT1;PSME2;SMURF1;AP2A2;PDE6G;GNG2;PSMB5;PSMD13;NFATC1
prerank,Signaling By WNT R-HSA-195721,-0.1852118436424007,-0.8896932701007582,0.7454739084132055,1.0,1.0,110/264,39.87%,WNT5A;VANGL2;WNT11;RUNX3;TNRC6C;H2AC7;TCF7L1;FZD2;ARRB2;PDE6B;CSNK1E;AXIN2;CTBP1;AMER1;CREBBP;LRP5;DKK2;TLE5;SOX2;WNT7B;WNT2;PROC;ZNRF3;AGO4;CSNK1A1;WNT10A;GNG13;KREMEN1;DVL2;GNB3;MEN1;PRKG1;PPP3CA;AKT2;SOX6;PRKCB;RBBP5;PSMB1;FRAT1;H2BC13;BCL9;PARD6A;PSMD4;CSNK1G2;PSMD8;SCRIB;KMT2D;AGO2;GSK3B;BCL9L;GNB2;GNB5;PSMB6;WNT9A;CSNK2B;UBA52;RPS27A;H2AX;TLE2;AKT1;WNT7A;PSMB9;PSMC3;PSME1;H3-3B;TLE3;PORCN;PSMA7;H2AZ2;PSMB10;PSMD11;WIF1;PSMB8;UBB;PSMB4;AGO1;CTNNB1;CLTB;ITPR3;MOV10;PSMA4;PPP2R5A;PSMC4;AP2S1;GNGT2;PLCB3;RNF43;RNF146;AGO3;KAT5;PPP2R5D;RSPO4;PPP2R5B;PPP2R1A;TNRC6A;FRAT2;AXIN1;SOX4;PDE6A;PSMD3;H2BC11;CXXC4;LGR5;PSMC5;WNT5B;PSMA5;PSMB2;H2AZ1;TLE4;PSMD9
prerank,Transcription Of E2F Targets Under Negative Control By P107 (RBL1) And P130 (RBL2) In Complex With HDAC1 R-HSA-1362300,-0.30790222604910455,-0.8902205419281636,0.6287878787878788,1.0,1.0,4/16,14.62%,E2F4;LIN37;RBBP4;E2F5
prerank,Neuronal System R-HSA-112316,-0.186295310215834,-0.890663689569925,0.7720588235294118,1.0,1.0,54/306,15.90%,CACNA2D3;CACNG4;APBA2;ADCY1;KCNA6;RAB3A;KCNAB3;KCNMB4;KCNJ14;SLC6A1;TSPOAP1;KCNG1;CAMK4;GRIA4;HOMER2;GABRA5;PRKAR2B;DLGAP1;PRKAR1A;SLC6A13;GRIP2;GJD3;SNAP25;PRKAB1;KCNN2;GRM5;GABRA3;GRIK1;GRIN3B;SHANK3;KCNS3;GABRG3;GLUL;PTPRF;SYN2;GRIA1;KCNMB3;PTPRS;GNG13;PPM1E;GNB3;SYT7;NRXN1;MAPT;CHRNA3;SHANK1;STX1A;LIN7A;LRFN4;LRRTM2;SHARPIN;PRKX;PRKCB;COMT
prerank,Metabolism Of Vitamins And Cofactors R-HSA-196854,-0.1967215559589242,-0.8924594398757106,0.7108167770419426,1.0,1.0,66/164,36.54%,GPC2;SLC19A1;DHFR2;PLB1;SHMT1;MTHFD2;PPCDC;GCHFR;FLAD1;PANK4;APOE;NMNAT3;UBIAD1;RBP1;PROC;VKORC1;SLC25A19;MMAB;LDLRAP1;MOCS1;SLC22A13;SHMT2;SDC4;AGRN;APOM;FPGS;GPC1;NADK;SLC46A1;MTHFR;NNMT;ABCC1;LRP10;QPRT;SLC2A1;CUBN;ABCD4;COQ7;MMACHC;SLC2A3;SLC52A2;AKT1;FASN;COQ9;NAPRT;COQ6;NFS1;GPC3;PARP6;COASY;PDXK;GPHN;CD320;IDH1;PPCS;VNN1;THTPA;PARP10;SLC19A2;NADSYN1;ACACB;PARP16;COQ5;COQ2;RBP4;LDLR
prerank,"Interleukin-3, Interleukin-5 And GM-CSF Signaling R-HSA-512988",-0.24622780785477003,-0.8927243272384504,0.6178010471204188,1.0,1.0,15/40,34.53%,IL5;IL3RA;LYN;PIK3R2;TEC;PTPN6;GRB2;STAT5B;JAK3;CLSTN1;RAPGEF1;PIK3CB;CRKL;PIK3R3;VAV1
prerank,Transcriptional Regulation By RUNX1 R-HSA-8878171,-0.19314624164609775,-0.8944166959929265,0.6898096304591266,1.0,1.0,57/174,32.21%,SOCS3;GP1BA;TNRC6C;H2AC7;ARID1B;PRKCQ;RING1;NFATC2;TCF7L1;ZFPM1;CBX2;CREBBP;CBX4;PHC2;CTSL;AGO4;SETD1B;ABL1;SMARCD3;TP73;PHC1;PRKCB;RBBP5;PSMB1;H2BC13;PSMD4;SIN3B;PSMD8;CBX6;KMT2D;AGO2;KMT2B;PSMB6;CSNK2B;PRMT6;UBA52;SMARCD2;RPS27A;H2AX;SETD1A;ELOF1;PSMB9;PSMC3;PSME1;H3-3B;PSMA7;H2AZ2;PSMB10;PSMD11;PSMB8;UBB;PRMT1;PSMB4;AGO1;CCND3;MOV10;PSMA4
prerank,Late Endosomal Microautophagy R-HSA-9615710,-0.26640138469826613,-0.8944469182461138,0.6290760869565217,1.0,1.0,17/30,42.79%,HDAC6;VPS28;VPS37B;VPS37C;UBA52;RPS27A;UBB;VPS37D;PLIN3;CHMP2A;RNF103-CHMP3;CHMP7;MVB12A;UBC;CFTR;CHMP6;PARK7
prerank,Sensory Processing Of Sound R-HSA-9659379,-0.22914355686755583,-0.8950480757479916,0.6305970149253731,1.0,1.0,12/65,17.41%,GSN;CHRNA10;RAB3A;CIB2;CDH23;SNAP25;KCNN2;MYO15A;ESPN;STX1A;TWF2;ESPNL
prerank,G Beta:Gamma Signaling Thru PI3Kgamma R-HSA-392451,-0.2797843178067517,-0.8952105275943915,0.6129476584022039,1.0,1.0,7/24,25.09%,GNG13;GNB3;PIK3CG;AKT2;GNB2;GNB5;AKT1
prerank,SUMOylation Of Transcription Factors R-HSA-3232118,-0.29733769770345336,-0.8957160051162198,0.6052631578947368,1.0,1.0,11/19,39.45%,TFAP2C;CDKN2A;PIAS4;TFAP2A;MTA1;TFAP2B;FOXL2;PIAS3;SUMO2;TP53;HIC1
prerank,Chaperone Mediated Autophagy R-HSA-9613829,-0.2966907175591448,-0.896149830680386,0.6232091690544412,1.0,1.0,11/19,42.79%,HSP90AB1;HDAC6;UBA52;RPS27A;UBB;GFAP;PLIN3;EEF1A1;UBC;CFTR;PARK7
prerank,Formation Of HIV-1 Elongation Complex Containing HIV-1 Tat R-HSA-167200,-0.24492314167411067,-0.8961822620600165,0.6566186107470511,1.0,1.0,20/42,37.23%,ELL;NELFB;POLR2E;ELOB;NELFA;GTF2F1;POLR2I;ERCC3;POLR2D;SSRP1;POLR2A;NELFCD;POLR2G;CTDP1;NELFE;CDK9;POLR2H;SUPT5H;GTF2H4;POLR2F
prerank,Telomere Extension By Telomerase R-HSA-171319,-0.28904241450240387,-0.8985893647949033,0.6085106382978723,1.0,1.0,9/21,35.90%,ANKRD28;NHP2;RUVBL2;PPP6R3;TERF2;CDK2;WRAP53;ACD;PIF1
prerank,Extension Of Telomeres R-HSA-180786,-0.24115397442664613,-0.8990436286773748,0.6230569948186528,1.0,1.0,20/48,40.50%,SLC19A1;CHTF18;ANKRD28;NHP2;RUVBL2;PPP6R3;POLD1;TERF2;CDK2;POLD2;WRAP53;POLD4;STN1;CHTF8;POLD3;ACD;PIF1;CTC1;RFC2;RPA3
prerank,Synthesis Of IP3 And IP4 In Cytosol R-HSA-1855204,-0.28075522376853596,-0.9027441605618771,0.6132208157524613,1.0,1.0,13/24,36.91%,PLD4;ITPKC;ITPKB;PLCH2;ITPKA;PLCD3;INPP5J;PLCD1;INPP5B;PLCG1;PLCZ1;PLCB3;INPPL1
prerank,Keratan Sulfate Biosynthesis R-HSA-2022854,-0.27988312187604125,-0.9035210938716703,0.6267409470752089,1.0,1.0,9/25,32.61%,B3GNT7;PRELP;CHST6;ST3GAL2;ST3GAL3;B4GALT2;B4GALT3;B4GAT1;B3GNT4
prerank,VEGFR2 Mediated Cell Proliferation R-HSA-5218921,-0.3000580671572142,-0.9058547053035612,0.5982783357245337,1.0,1.0,9/18,36.50%,VEGFA;PRKCZ;PRKCB;HRAS;SYNGAP1;KDR;PLCG1;ITPR3;PRKCD
prerank,Assembly Of HIV Virion R-HSA-175474,-0.30686808448423814,-0.905873504181974,0.5950413223140496,1.0,1.0,11/17,43.75%,VPS28;VPS37B;VPS37C;UBA52;RPS27A;FURIN;UBB;VPS37D;MVB12A;UBC;PPIA
prerank,Glucagon-type Ligand Receptors R-HSA-420092,-0.28042680635826,-0.9058855298563954,0.5953991880920162,1.0,1.0,6/24,22.81%,CPAMD8;GNG13;GNB3;GNB2;GNB5;C1QTNF1
prerank,Synaptic Adhesion-Like Molecules R-HSA-8849932,-0.2918675993093962,-0.9069514753246352,0.5988700564971752,1.0,1.0,8/20,30.29%,GRIA4;PTPRF;GRIA1;PTPRS;LRFN4;FLOT2;LLGL1;PTPRD
prerank,Nucleotide Salvage R-HSA-8956321,-0.2939937851852844,-0.9087016693381468,0.601418439716312,1.0,1.0,9/20,40.87%,AMPD2;UPP1;UCKL1;UPP2;APRT;UCK1;TK2;ADA;GMPR2
prerank,Signaling By TGF-beta Receptor Complex R-HSA-170834,-0.2179244300946466,-0.9099693540410304,0.6502347417840375,1.0,1.0,32/89,31.10%,PARP1;TGIF2;SMAD4;LTBP4;TGIF1;E2F4;PRKCZ;NCOR2;WWTR1;TGFBR1;MEN1;SMAD3;E2F5;PARD6A;STUB1;PPP1R15A;CGN;UBA52;RPS27A;PARD3;SNW1;YBX1;PPP1CA;TGFB2;TGFB1;FURIN;UBE2M;UBB;RNASEH2A;ARHGEF18;NEDD8;LTBP3
prerank,CaM Pathway R-HSA-111997,-0.2699166919978471,-0.9101239534339661,0.6030640668523677,1.0,1.0,12/31,32.22%,ADCY1;CAMK4;PRKAR2B;PRKAR1A;PRKX;ADCY6;KPNA2;CAMK2G;PRKAR2A;ADCY8;GRK2;CAMKK1
prerank,CDC42 GTPase Cycle R-HSA-9013148,-0.204493611271914,-0.9106018663115056,0.6748878923766816,1.0,1.0,55/144,35.05%,LBR;VAV2;PLEKHG3;WDR91;PLEKHG4B;WAS;ARHGAP39;DEF6;MCF2;DOCK9;ARHGAP17;FMNL1;PIK3R2;MAP3K11;STARD13;PLEKHG1;PLEKHG4;STEAP3;ARHGEF6;WIPF1;ARHGAP42;ARAP1;ARHGEF19;PARD6A;FARP1;SPATA13;EGR2;CDC42EP4;ARFGAP3;PREX1;SNAP23;SCRIB;DOCK6;GOLGA8R;WDR81;BUB1B-PAK6;IQGAP2;ARHGAP45;CDC42EP2;PREX2;ARFGAP2;ARHGDIA;ARHGEF11;SYDE1;WIPF3;BAIAP2;PLEKHG2;ARHGEF4;YKT6;SH3PXD2A;LAMTOR1;DNMBP;ARAP3;PRKCSH;GIT1
prerank,NRAGE Signals Death Thru JNK R-HSA-193648,-0.24005686577459287,-0.9115507090774839,0.6382978723404256,1.0,1.0,25/54,40.43%,ARHGEF33;KALRN;VAV2;OBSCN;MCF2;PLEKHG5;ARHGEF6;BCL2L11;ARHGEF17;ARHGEF19;ARHGEF40;PREX1;ARHGEF2;ARHGEF10L;ARHGEF1;ARHGEF18;ARHGEF11;PLEKHG2;ARHGEF4;VAV1;ARHGEF37;ARHGEF3;BAD;ARHGEF7;FGD1
prerank,Activation Of Matrix Metalloproteinases R-HSA-1592389,-0.28819531714704816,-0.9132765265358896,0.6008344923504868,1.0,1.0,8/24,28.56%,COL18A1;ELANE;CMA1;MMP15;TIMP2;MMP24;TIMP1;FURIN
prerank,TP53 Regulates Transcription Of Cell Death Genes R-HSA-5633008,-0.25106204676157357,-0.9139400485556775,0.609254498714653,1.0,1.0,18/44,38.19%,PMAIP1;CREBBP;CASP6;STEAP3;BBC3;BID;TP73;ZNF420;AIFM2;CASP1;FASN;TMEM219;NDRG1;BIRC5;PRELID1;BNIP3L;RABGGTA;TP53
prerank,DAP12 Signaling R-HSA-2424491,-0.2846282758267903,-0.915622263183298,0.5829787234042553,1.0,1.0,9/24,33.20%,VAV2;PIK3R2;GRB2;HRAS;SPNS1;HLA-E;PIK3CB;PLCG1;TYROBP
prerank,Signaling By FGFR R-HSA-190236,-0.22664260556843216,-0.9167214551558271,0.6103739445114595,1.0,1.0,26/76,26.72%,FGFBP3;KL;FGFR1;HNRNPH1;RBFOX2;KLB;FGFBP2;TIA1;FLRT3;PTBP1;HNRNPF;POLR2E;GRB2;GTF2F1;HRAS;POLR2I;SPRY2;MKNK1;POLR2D;FGFR3;UBA52;POLR2A;RPS27A;POLR2G;FGFRL1;FRS3
prerank,Mitochondrial Translation Elongation R-HSA-5389840,-0.22550159459340566,-0.917039464773305,0.6151079136690647,1.0,1.0,33/79,35.26%,MRPS25;MRPS27;GADD45GIP1;MRPL52;MRPS6;MRPS26;MRPS34;MRPL20;MRPS18B;MRPL46;MRPL57;ERAL1;MRPL55;MRPS11;MRPS2;MRPL38;MRPS16;MRPL53;TUFM;MRPL14;MRPL4;DLGAP3;MRPL23;MRPL10;MRPL11;MRPS5;MRPL34;MRPS17;AURKAIP1;MRPL54;MRPS35;MRPS24;MRPL44
prerank,Fanconi Anemia Pathway R-HSA-6783310,-0.26238975623179833,-0.9178053685491514,0.5975274725274725,1.0,1.0,18/35,41.83%,FANCE;FANCF;SLX1A;MUS81;ERCC1;EME2;FAAP20;UBA52;RPS27A;FANCG;UBB;FAAP100;CENPX;FANCA;RPA3;UBC;WDR48;USP1
prerank,Death Receptor Signaling R-HSA-73887,-0.21020397409835156,-0.9232021728157473,0.6176470588235294,1.0,1.0,54/130,38.31%,ARHGEF33;KALRN;VAV2;OBSCN;PSEN2;HDAC3;MCF2;LINGO1;PLEKHG5;RACK1;ARHGEF6;BCL2L11;RELA;ARHGEF17;SHARPIN;IKBKB;SMPD2;ARHGEF19;TRAF1;ARHGEF40;PREX1;RNF31;PSEN1;ARHGEF2;RBCK1;UBA52;RPS27A;SPPL2B;BEX3;FASN;ARHGEF10L;ARHGEF1;UBB;ARHGEF18;ARHGDIA;IRAK1;ARHGEF11;PLEKHG2;ARHGEF4;TNFRSF1A;MYD88;VAV1;TAB1;TNF;SQSTM1;ITGB3BP;FADD;TRADD;ARHGEF37;APH1A;SMPD3;ARHGEF3;USP4;BAD
prerank,Recognition Of DNA Damage By PCNA-containing Replication Complex R-HSA-110314,-0.2724731243113515,-0.9252456485715935,0.6010854816824966,1.0,1.0,15/30,41.86%,SLC19A1;CUL4A;POLD1;POLD2;UBA52;RPS27A;POLD4;UBB;POLD3;RFC2;RPA3;UBC;WDR48;USP1;RBX1
prerank,Formation Of ATP By Chemiosmotic Coupling R-HSA-163210,-0.32052533653939314,-0.9255035234059782,0.5722713864306784,1.0,1.0,9/16,50.16%,ATP5MG;ATP5MC3;ATP5F1D;ATP5MC1;ATP5MC2;ATP5PF;ATP5ME;ATP5PD;ATP5F1E
prerank,Molecules Associated With Elastic Fibres R-HSA-2129379,-0.2803977628693898,-0.9256606461740341,0.5825242718446602,1.0,1.0,15/26,39.94%,GDF5;LTBP4;MFAP4;BMP4;MFAP2;FBLN1;EFEMP2;TGFB2;TGFB1;LTBP3;VTN;ITGB8;ITGA8;FBLN2;BMP2
prerank,Metabolism Of Polyamines R-HSA-351202,-0.24051992675524847,-0.9280608984874413,0.5751633986928104,1.0,1.0,28/53,39.87%,SMOX;AZIN1;OAZ1;AZIN2;PSMB1;NPRL2;OAZ3;PSMD4;PSMD8;OAZ2;PSMB6;PSMB9;PSMC3;PSME1;PSMA7;PSMB10;PSMD11;PSMB8;PSMB4;PSMA4;PAOX;PSMC4;NQO1;PSMD3;PSMC5;PSMA5;PSMB2;PSMD9
prerank,Regulation Of mRNA Stability By Proteins That Bind AU-rich Elements R-HSA-450531,-0.22344768201927218,-0.9285234350414207,0.5938271604938271,1.0,1.0,49/84,46.49%,ZFP36L1;SET;ELAVL1;MAPK11;TNFSF13;PSMB1;HSPA1A;EXOSC5;KHSRP;PSMD4;PSMD8;DCP2;ANP32A;PSMB6;UBA52;RPS27A;EXOSC7;AKT1;PSMB9;PSMC3;PSME1;PSMA7;EXOSC1;PSMB10;PSMD11;PABPC1;PSMB8;UBB;PSMB4;HSPB1;PSMA4;PSMC4;GPRC5A;HNRNPD;PRKCD;PSMD3;PSMC5;PSMA5;PSMB2;PSMD9;UBC;PSME2;PSMB5;PSMD13;ZFP36;EXOSC6;MAPKAPK2;PSMB7;EXOSC4
prerank,Prostacyclin Signaling Thru Prostacyclin Receptor R-HSA-392851,-0.30377956342598117,-0.9288681994207003,0.5330578512396694,1.0,1.0,5/19,22.33%,GNG13;GNB3;PTGIR;GNB2;GNB5
prerank,Defective B3GALT6 Causes EDSP2 And SEMDJL1 R-HSA-4420332,-0.31497865659001084,-0.9299791670514569,0.5553935860058309,1.0,1.0,9/18,28.75%,GPC2;CSPG4;SDC4;AGRN;GPC1;DCN;BGN;CSPG5;GPC3
prerank,RAS Processing R-HSA-9648002,-0.3075631759709847,-0.9302664645326929,0.5801186943620178,1.0,1.0,12/19,50.96%,PRKCQ;RCE1;HRAS;GOLGA7;ARL2;USP17L2;ABHD17C;ZDHHC9;CHURC1-FNTB;BCL2L1;ABHD17A;ICMT
prerank,Constitutive Signaling By AKT1 E17K In Cancer R-HSA-5674400,-0.2905454730291632,-0.9314246530354355,0.5482993197278911,1.0,1.0,9/25,25.09%,CDKN1B;TSC2;AKT2;CASP9;PRR5;MLST8;GSK3B;GSK3A;AKT1
prerank,Defective B3GAT3 Causes JDSSDHD R-HSA-3560801,-0.31236436132089007,-0.9319774021396457,0.5550786838340487,1.0,1.0,9/18,28.75%,GPC2;CSPG4;SDC4;AGRN;GPC1;DCN;BGN;CSPG5;GPC3
prerank,Regulated Necrosis R-HSA-5218859,-0.2431655609035665,-0.9334266275358272,0.5685279187817259,1.0,1.0,23/55,38.19%,GNL3;ELANE;CASP5;OGT;HMGB1;STUB1;PELI1;UBA52;RPS27A;FLOT2;CASP1;FASN;IRF1;SDCBP;UBB;CDC37;GSDMD;CHMP2A;RNF103-CHMP3;FADD;TRADD;CHMP7;TP53
prerank,SUMOylation R-HSA-2990846,-0.20619661579985998,-0.9341229624809975,0.6237402015677491,1.0,1.0,34/165,18.17%,PPARG;PARP1;RING1;TFAP2C;DNMT3A;RAD52;HDAC7;HDAC4;CTBP1;CBX2;CREBBP;NUP42;PPARGC1A;CDKN2A;VHL;NCOR2;NR1H3;CBX4;PHC2;ZBED1;PIAS4;NPM1;RELA;TDG;TFAP2A;NR1H2;SAFB;PHC1;UHRF2;TRIM28;HNRNPK;RAD21;SEH1L;TRIM27
prerank,Unfolded Protein Response (UPR) R-HSA-381119,-0.22496310125804764,-0.9345578127002758,0.5752427184466019,1.0,1.0,46/87,44.16%,DDIT3;CEBPG;PLA2G4B;ATF4;EIF2S3;ASNS;ATF3;HDGF;DDX11;EXOSC5;MYDGF;ARFGAP1;YIF1A;KHSRP;HERPUD1;LMNA;DCP2;KLHDC3;SYVN1;CXXC1;GSK3A;CEBPB;EXOSC7;ATP6V0D1;ACADVL;CUL7;EXOSC1;CTDSP2;PREB;ZBTB17;NFYA;ACD;GOSR2;WFS1;PPP2R5B;EXTL1;SERP1;CALR;EXTL3;DNAJB9;NFYC;TATDN2;DNAJB11;SHC1;DCTN1;HYOU1
prerank,Transcriptional Regulation By VENTX R-HSA-8853884,-0.26716819941072345,-0.9349567713570134,0.5670103092783505,1.0,1.0,25/38,50.40%,TNRC6C;CDKN2A;EHMT1;AGO4;ANAPC7;RELA;ANAPC11;EHMT2;CEBPB;AGO1;CTNNB1;MOV10;AGO3;UBE2S;TNRC6A;TP53;LEF1;ANAPC5;ANAPC16;FZR1;UBE2C;ANAPC2;CSF1R;NFKB1;ANAPC15
prerank,STING Mediated Induction Of Host Immune Responses R-HSA-1834941,-0.3249368379276936,-0.9354095526358441,0.5427769985974754,1.0,1.0,5/15,16.59%,DTX4;NLRC3;TREX1;IRF3;TRIM21
prerank,MAPK6/MAPK4 Signaling R-HSA-5687128,-0.22501444880289267,-0.9390591172086834,0.5782983970406905,1.0,1.0,45/86,41.44%,KALRN;IGF2BP1;TNRC6C;AGO4;ETV4;PSMB1;PSMD4;PSMD8;AGO2;RAG2;PSMB6;UBA52;RPS27A;PSMB9;PSMC3;PSME1;PSMA7;PSMB10;PSMD11;CDC42EP2;PSMB8;UBB;DNAJB1;PSMB4;AGO1;CCND3;HSPB1;MOV10;PSMA4;PSMC4;AGO3;CDC42EP5;TNRC6A;PSMD3;FOXO3;PSMC5;RAG1;PSMA5;PKN1;PSMB2;ARHGEF7;PSMD9;UBC;MYC;PSME2
prerank,Thromboxane Signaling Thru TP Receptor R-HSA-428930,-0.29008435202246224,-0.9411149316607382,0.5622435020519836,1.0,1.0,14/24,48.84%,GNG13;GNB3;GNA11;GNA14;GNB2;GNB5;AAMP;GNGT2;GNA15;GNGT1;GNG2;TBXA2R;GNG7;GNG4
prerank,Signaling By Activin R-HSA-1502540,-0.33879309358539356,-0.9411828743006428,0.5518207282913166,1.0,1.0,6/15,20.23%,ACVR2B;SMAD4;FOXH1;SMAD3;INHBB;FST
prerank,Transcriptional Activity Of SMAD2/SMAD3:SMAD4 Heterotrimer R-HSA-2173793,-0.25404755409037627,-0.9414405593999847,0.5749354005167958,1.0,1.0,10/49,14.62%,PARP1;TGIF2;SMAD4;TGIF1;E2F4;NCOR2;WWTR1;MEN1;SMAD3;E2F5
prerank,Paracetamol ADME R-HSA-9753281,-0.2891033038760641,-0.9419243401002185,0.5564516129032258,1.0,1.0,6/25,19.28%,SULT1A1;SULT1A4;GGT5;GGT6;GSTP1;ABCC1
prerank,Prefoldin Mediated Transfer Of Substrate To CCT/TriC R-HSA-389957,-0.2885288455088323,-0.9426861745759871,0.5497953615279673,1.0,1.0,12/27,33.40%,TUBA3D;TUBB2B;TUBA1A;CCT7;TUBB2A;CCT6B;PFDN2;PFDN6;TUBB3;PFDN5;CCT4;TUBA4A
prerank,Phase 0 - Rapid Depolarisation R-HSA-5576892,-0.28573236892803566,-0.9428290663832509,0.5465924895688457,1.0,1.0,10/27,30.65%,CACNG4;SCN7A;CACNG7;SCN5A;RANGRF;SCN1B;SCN9A;CAMK2G;SCN8A;FGF13
prerank,Resolution Of Abasic Sites (AP Sites) R-HSA-73933,-0.2680303086087677,-0.9433407630734489,0.56,1.0,1.0,19/38,40.50%,SLC19A1;PARP1;POLG2;NTHL1;MPG;OGG1;TDG;POLD1;POLD2;MUTYH;POLD4;NEIL1;POLD3;UNG;PNKP;ADPRS;NEIL2;RFC2;RPA3
prerank,Signal Transduction By L1 R-HSA-445144,-0.31110472515421156,-0.9474607457734712,0.5415472779369628,1.0,1.0,6/20,17.18%,VAV2;FGFR1;L1CAM;NCAM1;NRP1;MAP2K2
prerank,IL-6-type Cytokine Receptor Ligand Interactions R-HSA-6788467,-0.33298256792303377,-0.9484359088420291,0.5339506172839507,1.0,1.0,9/15,42.83%,IL31RA;CTF1;CCM2;CLCF1;IL11RA;TYK2;CRLF1;LIF;OSMR
prerank,CD28 Dependent PI3K/Akt Signaling R-HSA-389357,-0.3033950197323993,-0.9509858633387306,0.5181564245810056,1.0,1.0,7/22,25.09%,MAP3K14;PIK3R2;AKT2;TRIB3;PRR5;MLST8;AKT1
prerank,Signaling By GPCR R-HSA-372790,-0.19267590519784636,-0.953239738126905,0.6395939086294417,1.0,1.0,105/487,21.43%,WNT5A;PDE7B;ARHGEF33;WNT11;GNAZ;ADCY1;KALRN;GRK5;PDE3B;TAS2R5;SMOX;ADORA2B;VAV2;S1PR3;GPR143;PRKCQ;OBSCN;TAS2R30;F2RL3;NTSR1;GPSM1;GPR37;RGS12;GPR132;CPAMD8;GNRH1;FZD2;GRPR;CAMK4;LPAR3;ARRB2;CXCR6;TAS2R10;DAGLA;OXER1;TRPC6;PRKAR2B;C5AR1;PRKAR1A;GPR35;PTGER4;RGS17;DGKD;UCN2;GRM5;MCF2;WNT7B;WNT2;GNRHR;PDE4D;DGKQ;NPFF;RGS14;WNT10A;EDNRA;PIK3R2;TAS2R20;GNG13;PLEKHG5;GNB3;ARHGEF6;HEBP1;PRKCE;PCP2;PPP3CA;PIK3CG;LPAR1;AKT2;ADM2;DHX34;ARHGEF17;SST;NLRP3;ADRB2;GNA11;MC1R;DGKB;PRKX;DGKE;PRKCB;GAL;FZD10;ARHGEF19;AVPR1A;GNA14;PTCH1;PTGIR;ARHGEF40;GRB2;S1PR2;BDKRB1;ADCY6;CX3CL1;PREX1;CCL22;HTR1D;PTHLH;GNB2;CMKLR1;HRAS;TAC1;MGLL;UBD;CRH;KPNA2
prerank,Cyclin D Associated Events In G1 R-HSA-69231,-0.25698237756310394,-0.9533496870744034,0.535064935064935,1.0,1.0,15/47,24.23%,CDKN1C;CDKN1B;CDKN2C;E2F4;CDKN2A;LYN;ABL1;E2F5;PTK6;CDK4;CKS1B;CDK2;PPP2R2A;UBA52;RPS27A
prerank,GPCR Ligand Binding R-HSA-500792,-0.20120217664949136,-0.95878782991445,0.5832460732984294,1.0,1.0,63/280,23.16%,WNT5A;WNT11;TAS2R5;SMOX;ADORA2B;S1PR3;GPR143;TAS2R30;F2RL3;NTSR1;GPR37;GPR132;CPAMD8;GNRH1;FZD2;GRPR;LPAR3;CXCR6;TAS2R10;OXER1;C5AR1;GPR35;PTGER4;UCN2;GRM5;WNT7B;WNT2;GNRHR;NPFF;WNT10A;EDNRA;TAS2R20;GNG13;GNB3;HEBP1;LPAR1;ADM2;DHX34;SST;NLRP3;ADRB2;MC1R;GAL;FZD10;AVPR1A;PTCH1;PTGIR;S1PR2;BDKRB1;CX3CL1;CCL22;HTR1D;PTHLH;GNB2;CMKLR1;TAC1;UBD;CRH;POMC;TAS1R1;GNB5;C1QTNF1;WNT9A
prerank,Pre-NOTCH Transcription And Translation R-HSA-1912408,-0.2537082617323458,-0.9610323503817553,0.5166240409207161,1.0,1.0,24/49,39.66%,TNRC6C;H2AC7;CREBBP;NOTCH1;AGO4;NOTCH3;MAML1;KAT2A;H2BC13;AGO2;H2AX;SNW1;H3-3B;H2AZ2;ELF3;AGO1;MOV10;AGO3;TNRC6A;TP53;H2BC11;E2F3;SIRT6;H2AZ1
prerank,Resolution Of AP Sites Via Multiple-Nucleotide Patch Replacement Pathway R-HSA-110373,-0.2930410534129433,-0.961279661144081,0.5183175033921302,1.0,1.0,3/25,3.84%,SLC19A1;PARP1;POLG2
prerank,TGF-beta Receptor Signaling In EMT (Epithelial To Mesenchymal Transition) R-HSA-2173791,-0.3347916097361913,-0.9629150077433284,0.5225618631732168,1.0,1.0,10/16,30.64%,PRKCZ;TGFBR1;PARD6A;CGN;UBA52;RPS27A;PARD3;TGFB1;UBB;ARHGEF18
prerank,Synthesis Of PC R-HSA-1483191,-0.29606656743480975,-0.9630173918537402,0.519781718963165,1.0,1.0,8/25,25.69%,CHKA;LPIN1;PCYT1B;CHKB;MFSD2A;CSNK2B;LPIN3;STARD10
prerank,Aberrant Regulation Of Mitotic G1/S Transition In Cancer Due To RB1 Defects R-HSA-9659787,-0.33227580103419496,-0.9632473166905817,0.5153631284916201,1.0,1.0,2/17,2.24%,CDKN1C;CDKN1B
prerank,Telomere Maintenance R-HSA-157579,-0.24080558972601568,-0.9687792816778642,0.5132075471698113,1.0,1.0,39/78,44.02%,SLC19A1;H2AC7;CHTF18;ANKRD28;POLR2E;NHP2;RUVBL2;PPP6R3;H2BC13;POLD1;POLR2I;TERF2;CDK2;POLR2D;POLD2;POLR2A;H2AX;POLR2G;WRAP53;H3-3B;POLD4;H2AZ2;STN1;DAXX;CHTF8;POLD3;ACD;POLR2H;PIF1;CTC1;POLR2F;H2BC11;H2AZ1;RFC2;RPA3;POLR2K;LRIG1;POLR2L;H2BC5
prerank,Signaling By Nuclear Receptors R-HSA-9006931,-0.2063860103610133,-0.9692540734892577,0.5735930735930735,1.0,1.0,67/233,26.85%,SREBF1;SCD;TNRC6C;H2AC7;S1PR3;CDKN1B;APOC1;PLTP;APOE;CREBBP;HSP90AB1;USF2;DHRS4;HDAC3;ZNF217;PRKCZ;RDH5;NCOR2;NR1H3;AGO4;ANGPTL3;PIK3R2;GNG13;YY1;GNB3;PTGES3;CTSD;AKT2;TBL1XR1;ADH7;POLR2E;NR1H2;JUND;PDK3;CRABP2;RAD21;CYP26B1;H2BC13;IGF1R;PDHA1;EGF;GTF2F1;TBL1X;AGO2;GNB2;HRAS;POLR2I;KPNA2;MYLIP;GNB5;RARG;ALDH1A3;KDM4B;POLR2D;POLR2A;H2AX;ADH1C;SMC1A;AKT1;EREG;SRF;POLR2G;ADH1A;FASN;ABCA1;H3-3B;TLE3
prerank,Azathioprine ADME R-HSA-9748787,-0.30948467531361873,-0.9730591635788665,0.5168067226890757,1.0,1.0,9/21,34.81%,SLC29A2;VAV2;IMPDH2;SLC28A2;GUK1;ABCC4;TPMT;VAV1;ABCC5
prerank,Retinoid Metabolism And Transport R-HSA-975634,-0.2792016859539661,-0.9735838777639031,0.5122950819672131,1.0,1.0,9/34,19.45%,GPC2;PLB1;APOE;RBP1;SDC4;AGRN;APOM;GPC1;LRP10
prerank,GABA Receptor Activation R-HSA-977443,-0.2613803542870714,-0.9753240705377926,0.4948453608247423,1.0,1.0,12/47,22.78%,ADCY1;GABRA5;GABRA3;GABRG3;GNG13;GNB3;ADCY6;GABRR2;GNB2;UBD;GNB5;GNAL
prerank,G Alpha (Q) Signaling Events R-HSA-416476,-0.21735091341579965,-0.9761877805837704,0.5445205479452054,1.0,1.0,37/156,21.03%,KALRN;GRK5;GPR143;PRKCQ;F2RL3;NTSR1;GPR132;GNRH1;GRPR;LPAR3;DAGLA;TRPC6;RGS17;DGKD;GRM5;GNRHR;DGKQ;NPFF;EDNRA;PIK3R2;GNG13;GNB3;PRKCE;LPAR1;DHX34;NLRP3;GNA11;DGKB;DGKE;AVPR1A;GNA14;GRB2;BDKRB1;GNB2;HRAS;TAC1;MGLL
prerank,SUMO E3 Ligases SUMOylate Target Proteins R-HSA-3108232,-0.21628359936098604,-0.9781253631315255,0.5261401557285873,1.0,1.0,34/159,18.17%,PPARG;PARP1;RING1;TFAP2C;DNMT3A;RAD52;HDAC7;HDAC4;CTBP1;CBX2;CREBBP;NUP42;PPARGC1A;CDKN2A;VHL;NCOR2;NR1H3;CBX4;PHC2;ZBED1;PIAS4;NPM1;RELA;TDG;TFAP2A;NR1H2;SAFB;PHC1;UHRF2;TRIM28;HNRNPK;RAD21;SEH1L;TRIM27
prerank,Degradation Of Beta-Catenin By Destruction Complex R-HSA-195253,-0.23542895020689636,-0.9784807919087214,0.5238095238095238,1.0,1.0,46/81,41.86%,TCF7L1;AXIN2;CTBP1;AMER1;TLE5;PROC;CSNK1A1;PSMB1;FRAT1;PSMD4;PSMD8;GSK3B;PSMB6;UBA52;RPS27A;TLE2;PSMB9;PSMC3;PSME1;TLE3;PSMA7;PSMB10;PSMD11;PSMB8;UBB;PSMB4;CTNNB1;PSMA4;PPP2R5A;PSMC4;PPP2R5D;PPP2R5B;PPP2R1A;FRAT2;AXIN1;PSMD3;PSMC5;PSMA5;PSMB2;TLE4;PSMD9;LEF1;UBC;MYC;PSME2;RBX1
prerank,Thrombin Signaling Thru Proteinase Activated Receptors (PARs) R-HSA-456926,-0.28441718611623273,-0.9825176103844112,0.4919786096256685,1.0,1.0,10/32,26.32%,F2RL3;ARRB2;GNG13;GNB3;GNA11;GNA14;GNB2;GNB5;ARRB1;F2RL2
prerank,Metabolism Of Carbohydrates R-HSA-71387,-0.20828300224278806,-0.9835996109601505,0.5266524520255863,1.0,1.0,103/255,35.75%,GPC2;GAA;CHST15;B3GALT5;PHGDH;AKR1A1;PFKFB3;B3GNT7;IDUA;CSPG4;NUP42;MAN2B1;CSGALNACT2;PFKFB1;PROC;GALK1;FUT1;CHST14;SLC37A4;NDST3;CHSY1;DCXR;ENO1;NHLRC1;CRYL1;MAN2C1;GLYCTK;PRELP;PGLS;B4GALNT2;SDC4;AGRN;HYAL3;TKT;HS6ST1;GPC1;SEH1L;SORD;GAPDHS;FUT3;XYLT1;CHST6;ST3GAL2;B4GALT7;FUT2;GUSB;SLC25A1;DCN;HS6ST2;SLC2A1;B3GALT1;GALT;BGN;HS3ST2;ALDOC;CD44;ALDOB;HYAL2;RPEL1;TAC4;TPI1;SGSH;POM121;NAGLU;UBA52;RPS27A;ST3GAL3;NUP62;ENO2;CSPG5;G6PC3;FUT5;HEXA;PFKFB4;TKFC;B4GALT2;CHST12;GPC3;B4GALT3;GALE;HOOK2;PHKG1;PHKG2;B4GAT1;SLC25A11;UBB;SLC35B2;PYGB;XYLT2;NUP85;PFKM;B3GNT4;STAB2;CHPF;SLC25A10;ABCC5;MDH2;ST6GALNAC6;SLC37A1;PKM;BCAN;PPP2R5D;SLC9A1
prerank,Other Interleukin Signaling R-HSA-449836,-0.31642774112858413,-0.9840095764611932,0.47338129496402875,1.0,1.0,15/21,52.88%,SNAP25;IL34;IL16;STX1A;CSF3;STX4;TYK2;IL10RB;CD4;SDC1;CSF1R;STXBP2;TXLNA;STX3;IFNLR1
prerank,SARS-CoV Infections R-HSA-9679506,-0.20345093446175852,-0.9840103298245821,0.5360501567398119,1.0,1.0,126/331,35.74%,GPC2;ST6GAL1;CNBP;CRBN;MOGS;VEGFA;NOD1;RPS2;CREBBP;NUP42;HSP90AB1;VHL;GEMIN5;GEMIN8;SNRPD3;ISG15;CTSL;RPS10;RPS8;CSNK1A1;DDX20;SNRPB;GEMIN7;HLA-F;IMPDH2;RPS16;IRF7;HLA-A;PTGES3;RPS15;AKT2;TRIM4;SNRPF;IRF3;RBBP4;HMG20B;CRB3;SDC4;AGRN;RPS4X;RPS17;NLRP3;BRD4;SUDS3;IKBKB;NRP1;COMT;RPSA;RPS27;PTPN6;DDOST;GPC1;RPS15A;RPS3;SEH1L;RPS9;ZDHHC8;RPS19;VPS11;GRB2;RNF135;RPS6;ST3GAL2;RPS12;BECN1;SNRPD2;GSK3B;RPS5;KPNA2;TUFM;VPS16;SNRPG;ST6GALNAC4;MTA1;GOLGA7;JAK3;POM121;UBA52;FXYD6-FXYD2;GSK3A;RPS27A;ST3GAL3;RPS25;AKT1;RPS28;NUP62;RPS14;FAU;MAVS;IRAK2;SIGMAR1;TLR9;TKFC;SMN1;FURIN;GPC3;RPS11;PARP6;HLA-E;ATG14;UBB;PRMT1;RPS21;IRAK1;MAN1B1;STAT2;NOD2;TLR2;NUP85;TYK2;IL17RC;PARP10;FKBP4;RPN2;SEC24C;GATAD2A;AP2S1;VAV1;SEC23A;PRKCSH;PARP16;TAB1;EDEM2;CHMP2A;G3BP1;RNF103-CHMP3
prerank,Intrinsic Pathway For Apoptosis R-HSA-109606,-0.2604105757332648,-0.9847249757711939,0.4777636594663278,1.0,1.0,10/54,13.61%,PMAIP1;BMF;SEPTIN4;CDKN2A;BBC3;AKT2;BCL2L11;BID;CASP9;TP73
prerank,N-glycan Antennae Elongation In medial/trans-Golgi R-HSA-975576,-0.3142836662789132,-0.9857119228106364,0.46534653465346537,1.0,1.0,5/21,17.73%,ST6GAL1;ST8SIA6;ST8SIA2;CHST10;FUT3
prerank,Oncogene Induced Senescence R-HSA-2559585,-0.2926078805595321,-0.9870157850654777,0.4853723404255319,1.0,1.0,18/32,40.67%,TNRC6C;CDKN2C;CDKN2A;ETS2;AGO4;CDK4;UBA52;RPS27A;ETS1;UBB;AGO1;MOV10;AGO3;TNRC6A;TP53;E2F3;CDKN2D;UBC
prerank,Formation Of Early Elongation Complex R-HSA-113418,-0.2809877384698597,-0.9879081906217037,0.480946123521682,1.0,1.0,16/33,37.23%,NELFB;POLR2E;NELFA;GTF2F1;POLR2I;ERCC3;POLR2D;POLR2A;NELFCD;POLR2G;CTDP1;NELFE;POLR2H;SUPT5H;GTF2H4;POLR2F
prerank,NRIF Signals Cell Death From Nucleus R-HSA-205043,-0.3482174792384813,-0.989963212673006,0.47144948755490484,1.0,1.0,9/16,40.67%,PSEN2;PSEN1;UBA52;RPS27A;UBB;SQSTM1;ITGB3BP;APH1A;UBC
prerank,IRE1alpha Activates Chaperones R-HSA-381070,-0.2645111078178934,-0.9900071227734605,0.47477360931435963,1.0,1.0,30/48,44.16%,PLA2G4B;HDGF;DDX11;MYDGF;ARFGAP1;YIF1A;LMNA;KLHDC3;SYVN1;CXXC1;GSK3A;ATP6V0D1;ACADVL;CUL7;CTDSP2;PREB;ZBTB17;ACD;GOSR2;WFS1;PPP2R5B;EXTL1;SERP1;EXTL3;DNAJB9;TATDN2;DNAJB11;SHC1;DCTN1;HYOU1
prerank,Fertilization R-HSA-1187000,-0.35214991149655483,-0.9902251802273156,0.4780701754385965,1.0,1.0,2/15,3.00%,OVGP1;CD9
prerank,Response Of Mtb To Phagocytosis R-HSA-9637690,-0.3281971761043825,-0.9919600257670417,0.4804630969609262,1.0,1.0,9/20,24.23%,ENO1;CORO1A;HGS;TRIM27;KPNB1;DUSP16;UBA52;GSK3A;RPS27A
prerank,Metabolism Of Steroids R-HSA-8957322,-0.22560388629219782,-0.9937098633090157,0.4827981651376147,1.0,1.0,40/133,26.05%,LBR;SREBF1;SCD;TM7SF2;TSPOAP1;CYP2R1;CYP24A1;HSD17B1;HSD17B2;CYP39A1;CREBBP;OSBPL6;CYP51A1;DHCR24;ACOT8;INSIG1;SLC27A5;LDLRAP1;PIAS4;SCAP;TBL1XR1;MVD;SMARCD3;SREBF2;CYP27A1;TSPO;CH25H;CYP46A1;SLC51B;TBL1X;POMC;CUBN;OSBPL7;KPNB1;MVK;FDX2;FDPS;SLC51A;FDXR;FASN
prerank,PTEN Regulation R-HSA-6807070,-0.22383834482890633,-0.9940024835422154,0.48614318706697457,1.0,1.0,63/134,42.17%,PPARG;TNRC6C;RING1;MECOM;HDAC7;CBX2;HDAC3;CBX4;PHC2;AGO4;AKT2;RBBP4;PHC1;LAMTOR5;PSMB1;EGR1;TRIM27;PSMD4;PSMD8;CBX6;ATN1;STUB1;MLST8;AGO2;MAF1;PSMB6;MTA1;CSNK2B;UBA52;RPS27A;LAMTOR4;AKT1;PSMB9;PSMC3;PSME1;PSMA7;PSMB10;PSMD11;PREX2;PSMB8;UBB;PSMB4;AGO1;MOV10;PSMA4;PSMC4;GATAD2A;LAMTOR1;RNF146;HDAC5;AGO3;TNRC6A;PSMD3;TP53;PSMC5;PSMA5;PSMB2;PSMD9;LAMTOR2;UBC;PSME2;CHD4;SLC38A9
prerank,TRAF6 Mediated NF-kB Activation R-HSA-933542,-0.3135427643212769,-0.9947799240289142,0.47730398899587345,1.0,1.0,9/24,25.57%,MAP3K1;TRIM4;RELA;IKBKB;S100B;RNF135;HMGB1;NKIRAS2;MAVS
prerank,Respiratory Electron Transport R-HSA-611105,-0.23924007412031856,-0.9950311309764299,0.48687350835322196,1.0,1.0,58/89,46.59%,SCO1;COX5B;UQCRC1;COX6A1;TRAP1;COX4I1;COX14;NDUFS2;COX6C;NDUFA2;NDUFB9;NDUFA13;NDUFA11;NDUFV1;NDUFB11;NDUFB7;NDUFA3;COX7C;UQCR10;NDUFS3;UQCRB;COX8A;COX7A2L;NDUFB4;NDUFS8;COX7B;NDUFB1;ECSIT;NDUFA7;NDUFV3;NDUFA8;NDUFS7;NDUFB8;COX6B1;NDUFB10;NDUFB6;UQCR11;NDUFS6;SDHB;NDUFC1;SDHD;TIMMDC1;NDUFA10;NDUFA1;COX19;UQCRQ;ACAD9;ETFB;COX20;SDHA;UQCRH;COA1;NDUFB5;COX5A;NDUFAB1;COX16;TACO1;NDUFC2
prerank,Protein Methylation R-HSA-8876725,-0.3388364534672348,-0.9960356442343643,0.46835443037974683,1.0,1.0,4/17,10.86%,RPS2;CAMKMT;EEF2;PRMT3
prerank,DNA Damage Recognition In GG-NER R-HSA-5696394,-0.2842292298467228,-0.9965509781684836,0.47696476964769646,1.0,1.0,16/37,34.52%,PARP1;ACTR5;YY1;CUL4A;INO80E;GPS1;COPS7A;MCRS1;UBA52;RPS27A;DDB2;RAD23A;UBB;INO80B;TFPT;COPS6
prerank,Sema3A PAK Dependent Axon Repulsion R-HSA-399954,-0.34536171579647584,-0.9971348421944242,0.47345132743362833,1.0,1.0,6/16,27.80%,PLXNA4;HSP90AB1;NRP1;VPS72;PLXNA1;PLXNA3
prerank,GAG Synthesis Requires Tetrasaccharide Linker Sequence R-HSA-1971475,-0.3168231477361069,-1.0001601487744938,0.4747191011235955,1.0,1.0,14/23,37.64%,GPC2;CSPG4;SDC4;AGRN;GPC1;XYLT1;B4GALT7;DCN;BGN;CSPG5;GPC3;XYLT2;BCAN;B3GAT3
prerank,Nuclear Events Mediated By NFE2L2 R-HSA-9759194,-0.24370281003107702,-1.0002474427637082,0.4856070087609512,1.0,1.0,41/75,41.86%,ATF4;PHGDH;CREBBP;NOTCH1;CDKN2A;SLC7A11;TKT;PSMB1;PSMD4;PSMD8;GSK3B;MAFG;PSMB6;UBA52;RPS27A;PSMB9;PSMC3;PRDX1;PSME1;PSMA7;PSMB10;PSMD11;PSMB8;UBB;MAFK;IDH1;PSMB4;PSMA4;PSMC4;SQSTM1;NQO1;TALDO1;PSMD3;PSMC5;PSMA5;PSMB2;PSMD9;UBC;MYC;PSME2;RBX1
prerank,Signaling By Hedgehog R-HSA-5358351,-0.22681118050302873,-1.0022016096487956,0.47305389221556887,1.0,1.0,62/124,41.91%,ADCY1;SCUBE2;SMOX;ARRB2;PRKAR2B;PRKAR1A;CSNK1A1;GPR161;EVC2;IFT52;PSMB1;EVC;PTCH1;P4HB;PSMD4;PSMD8;MKS1;ADCY6;GSK3B;CDON;GAS1;IFT140;GLI1;PSMB6;SYVN1;UBA52;RPS27A;ARRB1;PSMB9;PSMC3;BOC;IFT172;PSME1;PSMA7;PRKAR2A;PSMB10;PSMD11;ADCY8;PSMB8;UBB;PSMB4;GLI2;GRK2;PSMA4;ULK3;PSMC4;FUZ;OS9;PSMD3;PTCH2;PSMC5;PSMA5;VCP;PSMB2;PSMD9;HHAT;UBC;PSME2;SMURF1;PRKAR1B;RBX1;IFT122
prerank,VLDLR Internalisation And Degradation R-HSA-8866427,-0.34756453453398894,-1.0026182422601562,0.47277936962750716,1.0,1.0,10/16,42.33%,NR1H3;PCSK9;NR1H2;MYLIP;UBA52;RPS27A;UBB;AP2S1;UBC;AP2A2
prerank,XBP1(S) Activates Chaperone Genes R-HSA-381038,-0.26962204679912055,-1.0031150540911045,0.4556135770234987,1.0,1.0,30/46,44.16%,PLA2G4B;HDGF;DDX11;MYDGF;ARFGAP1;YIF1A;LMNA;KLHDC3;SYVN1;CXXC1;GSK3A;ATP6V0D1;ACADVL;CUL7;CTDSP2;PREB;ZBTB17;ACD;GOSR2;WFS1;PPP2R5B;EXTL1;SERP1;EXTL3;DNAJB9;TATDN2;DNAJB11;SHC1;DCTN1;HYOU1
prerank,RA Biosynthesis Pathway R-HSA-5365859,-0.32886455860770136,-1.0044413901362135,0.44569816643159377,1.0,1.0,7/19,25.54%,DHRS4;RDH5;ADH7;CYP26B1;ALDH1A3;ADH1C;ADH1A
prerank,Polymerase Switching On C-strand Of Telomere R-HSA-174411,-0.3107237790905561,-1.004911875821689,0.453168044077135,1.0,1.0,12/24,40.34%,SLC19A1;CHTF18;POLD1;TERF2;POLD2;POLD4;STN1;CHTF8;POLD3;ACD;CTC1;RFC2
prerank,Diseases Associated With Glycosaminoglycan Metabolism R-HSA-3560782,-0.28508549186288523,-1.0065420722292824,0.4489795918367347,1.0,1.0,16/37,28.75%,GPC2;CSPG4;CHST14;CHSY1;PRELP;SDC4;AGRN;GPC1;CHST6;B4GALT7;DCN;BGN;ST3GAL3;CSPG5;HEXA;GPC3
prerank,CTNNB1 S33 Mutants Not Phosphorylated R-HSA-5358747,-0.3516899979172621,-1.0074787930172582,0.4446064139941691,1.0,1.0,10/15,37.07%,AMER1;PROC;CSNK1A1;GSK3B;CTNNB1;PPP2R5A;PPP2R5D;PPP2R5B;PPP2R1A;AXIN1
prerank,Protein-protein Interactions At Synapses R-HSA-6794362,-0.24907330467668654,-1.0083252566617806,0.4591961023142509,1.0,1.0,17/77,14.67%,APBA2;GRIA4;HOMER2;DLGAP1;GRM5;SHANK3;PTPRF;GRIA1;PTPRS;SYT7;NRXN1;SHANK1;STX1A;LIN7A;LRFN4;LRRTM2;SHARPIN
prerank,Translation Of Structural Proteins R-HSA-9683701,-0.30421588047731646,-1.0094838094638616,0.456,1.0,1.0,14/29,34.96%,ST6GAL1;MOGS;ST3GAL2;GSK3B;ST6GALNAC4;UBA52;GSK3A;RPS27A;ST3GAL3;PARP6;UBB;PARP10;PRKCSH;PARP16
prerank,"Cobalamin (Cbl, Vitamin B12) Transport And Metabolism R-HSA-196741",-0.3416468111341015,-1.0129707712797953,0.44412607449856734,1.0,1.0,6/17,22.91%,MMAB;LDLRAP1;ABCC1;CUBN;ABCD4;MMACHC
prerank,Signaling By KIT In Disease R-HSA-9669938,-0.3420341248626064,-1.0140060809173053,0.44756277695716395,1.0,1.0,6/18,21.22%,LYN;PIK3R2;KIT;GRB2;HRAS;STAT5B
prerank,HS-GAG Biosynthesis R-HSA-2022928,-0.3147784671242886,-1.0168365683419776,0.43112947658402206,1.0,1.0,8/25,21.46%,GPC2;NDST3;SDC4;AGRN;HS6ST1;GPC1;HS6ST2;HS3ST2
prerank,Sulfur Amino Acid Metabolism R-HSA-1614635,-0.32182310981838114,-1.016917593353689,0.45108695652173914,1.0,1.0,5/23,14.96%,MPST;CSAD;ETHE1;SQOR;TXN2
prerank,Effects Of PIP2 Hydrolysis R-HSA-114508,-0.31034008517063083,-1.0169204756437351,0.4414668547249647,1.0,1.0,8/25,15.88%,PRKCQ;DAGLA;TRPC6;DGKD;DGKQ;PRKCE;DGKB;DGKE
prerank,SARS-CoV-2 Infection R-HSA-9694516,-0.21552781652476374,-1.0197049550939807,0.4326923076923077,1.0,1.0,107/256,35.74%,GPC2;ST6GAL1;CNBP;MOGS;NOD1;RPS2;CREBBP;NUP42;HSP90AB1;VHL;GEMIN5;GEMIN8;SNRPD3;ISG15;CTSL;RPS10;RPS8;CSNK1A1;DDX20;SNRPB;GEMIN7;HLA-F;RPS16;IRF7;HLA-A;RPS15;AKT2;TRIM4;SNRPF;IRF3;CRB3;SDC4;AGRN;RPS4X;RPS17;NLRP3;IKBKB;NRP1;RPSA;RPS27;PTPN6;DDOST;GPC1;RPS15A;RPS3;SEH1L;RPS9;ZDHHC8;RPS19;VPS11;RNF135;RPS6;ST3GAL2;RPS12;BECN1;SNRPD2;GSK3B;RPS5;KPNA2;TUFM;VPS16;SNRPG;ST6GALNAC4;GOLGA7;POM121;UBA52;GSK3A;RPS27A;ST3GAL3;RPS25;AKT1;RPS28;NUP62;RPS14;FAU;MAVS;IRAK2;TKFC;SMN1;FURIN;GPC3;RPS11;PARP6;HLA-E;ATG14;UBB;PRMT1;RPS21;IRAK1;MAN1B1;STAT2;NOD2;TLR2;NUP85;TYK2;IL17RC;PARP10;RPN2;SEC24C;SEC23A;PRKCSH;PARP16;TAB1;EDEM2;CHMP2A;G3BP1;RNF103-CHMP3
prerank,FCGR3A-mediated IL10 Synthesis R-HSA-9664323,-0.29985571328565114,-1.023881719966853,0.41388888888888886,1.0,1.0,5/32,7.60%,ADCY1;IL10;PRKAR2B;PRKAR1A;LYN
prerank,Formation Of beta-catenin:TCF Transactivating Complex R-HSA-201722,-0.2801413068608288,-1.0241738976869736,0.42762284196547146,1.0,1.0,16/46,27.90%,RUNX3;H2AC7;TCF7L1;AXIN2;CREBBP;MEN1;RBBP5;H2BC13;BCL9;KMT2D;BCL9L;H2AX;TLE2;H3-3B;TLE3;H2AZ2
prerank,Peptide Hormone Metabolism R-HSA-2980736,-0.2563079489587734,-1.024712867475213,0.42663378545006164,1.0,1.0,16/70,17.08%,CPA4;PCSK2;KIF5A;KLF4;EXOC4;CMA1;GNG13;CTSZ;GNB3;CTSD;MYRIP;SLC30A5;STX1A;CPB1;INHBB;INHBE
prerank,Generation Of Second Messenger Molecules R-HSA-202433,-0.3325704531454073,-1.024804106805845,0.4375896700143472,1.0,1.0,6/21,14.32%,HLA-DPA1;WAS;ITK;EVL;HLA-DRB5;CD101
prerank,Downregulation Of SMAD2/3:SMAD4 Transcriptional Activity R-HSA-2173795,-0.3098248352406851,-1.0260174414709131,0.41904761904761906,1.0,1.0,6/30,8.66%,PARP1;TGIF2;SMAD4;TGIF1;NCOR2;WWTR1
prerank,Metabolic Disorders Of Biological Oxidation Enzymes R-HSA-5579029,-0.30274859151938416,-1.0274173871473222,0.4303977272727273,1.0,1.0,15/30,40.67%,CYP2R1;CYP24A1;TBXAS1;PRNP;OPLAH;CYP27A1;CYP26B1;FDX2;FDXR;AHCY;FDX1;TPMT;CYP17A1;ACY1;CYP4F22
prerank,Glycosaminoglycan Metabolism R-HSA-1630316,-0.2411071154211879,-1.0319117923433683,0.4300822561692127,1.0,1.0,47/107,38.13%,GPC2;CHST15;B3GNT7;IDUA;CSPG4;CSGALNACT2;CHST14;NDST3;CHSY1;PRELP;SDC4;AGRN;HYAL3;HS6ST1;GPC1;XYLT1;CHST6;ST3GAL2;B4GALT7;GUSB;DCN;HS6ST2;BGN;HS3ST2;CD44;HYAL2;SGSH;NAGLU;ST3GAL3;CSPG5;HEXA;B4GALT2;CHST12;GPC3;B4GALT3;B4GAT1;SLC35B2;XYLT2;B3GNT4;STAB2;CHPF;ABCC5;BCAN;SLC9A1;B3GAT3;CSGALNACT1;CHPF2
prerank,NOD1/2 Signaling Pathway R-HSA-168638,-0.3023428185530726,-1.034481174355491,0.41597796143250687,1.0,1.0,12/32,31.86%,MAP2K6;CARD9;NOD1;MAPK11;CASP9;IKBKB;MAPK12;CASP1;AAMP;IRAK2;IRAK1;NOD2
prerank,Kinesins R-HSA-983189,-0.2936691635228225,-1.0344891357745283,0.4302788844621514,1.0,1.0,5/38,8.22%,KIF21B;KIF5A;KIF26A;KIF26B;KIFC2
prerank,UCH Proteinases R-HSA-5689603,-0.24679095401021067,-1.0344964052018428,0.39805825242718446,1.0,1.0,36/87,33.60%,CNKSR3;H2AC7;H2AC25;ACTR5;OGT;TGFBR1;MBD6;YY1;FOXK2;PSMB1;FOXK1;UCHL1;INO80E;PSMD4;PSMD8;ADRM1;PSMB6;MCRS1;UBA52;RPS27A;PSMB9;PSMC3;PSME1;PSMA7;PSMB10;PSMD11;TGFB1;PSMB8;UBB;NEDD8;PSMB4;INO80B;PSMA4;TFPT;PSMC4;ASXL1
prerank,Aspirin ADME R-HSA-9749641,-0.32098592278821864,-1.0345140238427137,0.4144271570014144,1.0,1.0,3/23,6.53%,GLYATL2;GLYATL1;CYP3A4
prerank,Basigin Interactions R-HSA-210991,-0.3209389851879644,-1.0364737427271749,0.4143884892086331,1.0,1.0,6/24,20.75%,L1CAM;SLC7A5;SLC7A11;SLC3A2;PPIL2;BSG
prerank,"Respiratory Electron Transport, ATP Synthesis By Chemiosmotic Coupling, Heat Production By Uncoupling Proteins R-HSA-163200",-0.24512599882612457,-1.0456604705810304,0.3862559241706161,1.0,1.0,68/111,46.59%,UCP1;UCP2;SCO1;ATP5MG;COX5B;UQCRC1;ATP5MC3;COX6A1;TRAP1;COX4I1;COX14;ATP5F1D;NDUFS2;COX6C;NDUFA2;NDUFB9;NDUFA13;NDUFA11;NDUFV1;NDUFB11;NDUFB7;NDUFA3;COX7C;UQCR10;NDUFS3;UQCRB;COX8A;COX7A2L;NDUFB4;NDUFS8;COX7B;ATP5MC1;NDUFB1;ECSIT;NDUFA7;NDUFV3;NDUFA8;NDUFS7;NDUFB8;COX6B1;NDUFB10;NDUFB6;UQCR11;NDUFS6;SDHB;NDUFC1;ATP5MC2;SDHD;TIMMDC1;NDUFA10;NDUFA1;COX19;ATP5PF;UQCRQ;ACAD9;ETFB;COX20;SDHA;UQCRH;COA1;SLC25A27;NDUFB5;COX5A;NDUFAB1;ATP5ME;COX16;TACO1;NDUFC2
prerank,RUNX1 Regulates Genes Involved In Megakaryocyte Differentiation And Platelet Function R-HSA-8936459,-0.2762444878135306,-1.0479645410924892,0.38633377135348224,1.0,1.0,22/52,34.71%,GP1BA;TNRC6C;H2AC7;PRKCQ;ZFPM1;AGO4;SETD1B;RBBP5;H2BC13;SIN3B;KMT2D;KMT2B;PRMT6;H2AX;SETD1A;H3-3B;H2AZ2;PRMT1;AGO1;MOV10;SIN3A;AGO3
prerank,"Defective B4GALT7 Causes EDS, Progeroid Type R-HSA-3560783",-0.35342779176022787,-1.0513878008102746,0.39628040057224606,1.0,1.0,10/18,28.75%,GPC2;CSPG4;SDC4;AGRN;GPC1;B4GALT7;DCN;BGN;CSPG5;GPC3
prerank,Diseases Of Carbohydrate Metabolism R-HSA-5663084,-0.311504911245985,-1.0530781864160987,0.3868421052631579,1.0,1.0,13/31,26.33%,GAA;IDUA;SLC37A4;DCXR;NHLRC1;GALNS;GUSB;ALDOB;SGSH;NAGLU;UBA52;RPS27A;G6PC3
prerank,"Cell Death Signaling Via NRAGE, NRIF And NADE R-HSA-204998",-0.2667372992173547,-1.0561147929732253,0.3797780517879161,1.0,1.0,35/71,40.67%,ARHGEF33;KALRN;VAV2;OBSCN;PSEN2;MCF2;PLEKHG5;ARHGEF6;BCL2L11;ARHGEF17;ARHGEF19;ARHGEF40;PREX1;PSEN1;ARHGEF2;UBA52;RPS27A;BEX3;ARHGEF10L;ARHGEF1;UBB;ARHGEF18;ARHGEF11;PLEKHG2;ARHGEF4;VAV1;SQSTM1;ITGB3BP;ARHGEF37;APH1A;ARHGEF3;BAD;ARHGEF7;FGD1;UBC
prerank,Mitochondrial Protein Import R-HSA-1268020,-0.26767936521323904,-1.056191861639132,0.3771712158808933,1.0,1.0,37/63,47.87%,CHCHD2;CHCHD7;BCS1L;TIMM44;HSCB;MTX1;SLC25A6;ACO2;TOMM22;PAM16;HSPD1;TIMM13;TIMM50;CHCHD4;TIMM17B;GFER;TIMM10;CHCHD5;ATP5MC1;PMPCA;GRPEL2;IDH3G;NDUFB8;TAFAZZIN;COA4;COQ2;TOMM6;TOMM70;TIMM8B;COX19;HSPA9;SAMM50;CMC4;TIMM9;FXN;TOMM40;TOMM7
prerank,Cell Junction Organization R-HSA-446728,-0.25716177157365305,-1.058631781435125,0.38795180722891565,1.0,1.0,21/77,17.98%,CADM1;SDK2;PARD6G;CLDN15;CLDN7;PARD6B;CDH13;ANG;CLDN4;ARHGEF6;PLEC;CLDN20;NECTIN1;SDK1;CRB3;CDH17;CLDN11;AFDN;PARD6A;FBLIM1;ACTN1
prerank,"GABA Synthesis, Release, Reuptake And Degradation R-HSA-888590",-0.3671245593462026,-1.0602757573295176,0.37906647807637905,1.0,1.0,4/16,5.98%,RAB3A;SLC6A1;SLC6A13;SNAP25
prerank,HATs Acetylate Histones R-HSA-3214847,-0.25438315820613794,-1.0606892114033388,0.3603385731559855,1.0,1.0,41/91,38.94%,H2AC7;MORF4L2;BRD1;ING4;H2AC25;ELP2;CREBBP;MORF4L1;OGT;DMAP1;SUPT3H;KAT6B;KAT8;SGF29;TADA3;USP22;MEAF6;RUVBL2;KAT2A;H2BC13;VPS72;ELP5;ELP6;TAF6L;MCRS1;EP400;KANSL1;KAT6A;MSL3;YEATS4;ELP3;KAT14;KAT5;ING5;BRD8;PAX3;JADE2;HCFC1;H2BC11;DR1;TAF10
prerank,Sensory Perception Of Taste R-HSA-9717189,-0.3070533451301295,-1.0607754554049373,0.38998682476943347,1.0,1.0,14/32,31.95%,TAS2R5;TAS2R30;TAS2R10;TAS2R20;GNG13;GNB3;SCN1B;SCN9A;TAS1R1;TAS2R4;GRM4;SCNN1D;TAS2R46;ITPR3
prerank,SARS-CoV-2-host Interactions R-HSA-9705683,-0.23330853286134434,-1.0619622844943388,0.3518312985571587,1.0,1.0,71/175,32.97%,CNBP;NOD1;RPS2;CREBBP;NUP42;HSP90AB1;GEMIN5;GEMIN8;SNRPD3;ISG15;RPS10;RPS8;DDX20;SNRPB;GEMIN7;HLA-F;RPS16;IRF7;HLA-A;RPS15;AKT2;TRIM4;SNRPF;IRF3;CRB3;RPS4X;RPS17;NLRP3;IKBKB;RPSA;RPS27;PTPN6;RPS15A;RPS3;SEH1L;RPS9;RPS19;VPS11;RNF135;RPS6;RPS12;BECN1;SNRPD2;RPS5;KPNA2;TUFM;VPS16;SNRPG;POM121;RPS27A;RPS25;AKT1;RPS28;NUP62;RPS14;FAU;MAVS;IRAK2;TKFC;SMN1;RPS11;HLA-E;ATG14;RPS21;IRAK1;STAT2;NOD2;TLR2;NUP85;TYK2;IL17RC
prerank,HS-GAG Degradation R-HSA-2024096,-0.34975016749012877,-1.0621803478284557,0.385049365303244,1.0,1.0,8/20,23.96%,GPC2;IDUA;SDC4;AGRN;GPC1;GUSB;SGSH;NAGLU
prerank,Neurexins And Neuroligins R-HSA-6794361,-0.27709217354090154,-1.0627422530921733,0.3827930174563591,1.0,1.0,12/53,14.67%,APBA2;HOMER2;DLGAP1;GRM5;SHANK3;SYT7;NRXN1;SHANK1;STX1A;LIN7A;LRRTM2;SHARPIN
prerank,Anti-inflammatory Response Favoring Leishmania Infection R-HSA-9662851,-0.2479550583910517,-1.063437684621135,0.3525264394829612,1.0,1.0,26/109,22.81%,GNAZ;ADCY1;ADORA2B;CPAMD8;IL10;PRKAR2B;PRKAR1A;PTGER4;LYN;GNG13;GNB3;GGT5;ADM2;NLRP3;ADRB2;MC1R;PRKX;PTGIR;PLK2;ADCY6;PTHLH;GNB2;CRH;POMC;GNB5;C1QTNF1
prerank,Glutathione Conjugation R-HSA-156590,-0.3073589228835171,-1.0666331315515247,0.3555858310626703,1.0,1.0,12/33,25.30%,AKR1A1;GSTM4;GGT5;PRNP;CHAC1;GGT6;GSTZ1;OPLAH;GSTP1;GSTK1;GSTM2;GSTM3
prerank,Growth Hormone Receptor Signaling R-HSA-982772,-0.3460618642577582,-1.0667380136849065,0.3688760806916426,1.0,1.0,7/21,16.94%,SOCS1;SOCS3;IRS1;LYN;CISH;PTPN6;SH2B1
prerank,G Alpha (S) Signaling Events R-HSA-418555,-0.24830599683489968,-1.0703076047640268,0.3426248548199768,1.0,1.0,26/104,22.81%,PDE7B;GNAZ;ADCY1;GRK5;PDE3B;ADORA2B;CPAMD8;ARRB2;PRKAR2B;PRKAR1A;PTGER4;PDE4D;GNG13;GNB3;ADM2;NLRP3;ADRB2;MC1R;PTGIR;ADCY6;PTHLH;GNB2;CRH;POMC;GNB5;C1QTNF1
prerank,Regulation Of Cholesterol Biosynthesis By SREBP (SREBF) R-HSA-1655829,-0.27999578985937057,-1.0742322374409914,0.358974358974359,1.0,1.0,26/53,35.43%,SREBF1;SCD;TM7SF2;CREBBP;CYP51A1;INSIG1;SCAP;TBL1XR1;MVD;SMARCD3;SREBF2;TBL1X;KPNB1;MVK;FDPS;FASN;HMGCR;DHCR7;RAN;CARM1;NFYA;SEC24C;SEC23A;ACACB;PKMYT1;HELZ2
prerank,Cell-cell Junction Organization R-HSA-421270,-0.28118242326413373,-1.074417475237763,0.3479381443298969,1.0,1.0,16/52,15.65%,CADM1;SDK2;PARD6G;CLDN15;CLDN7;PARD6B;CDH13;ANG;CLDN4;CLDN20;NECTIN1;SDK1;CRB3;CDH17;CLDN11;AFDN
prerank,Aquaporin-mediated Transport R-HSA-445717,-0.2968389415905856,-1.0748620188530835,0.36103896103896105,1.0,1.0,13/42,28.94%,ADCY1;PRKAR2B;PRKAR1A;GNG13;GNB3;NLRP3;ADCY6;AQP3;GNB2;GNB5;AQP7;PRKAR2A;ADCY8
prerank,Activation Of BH3-only Proteins R-HSA-114452,-0.3212286781623881,-1.076497960567317,0.3546195652173913,1.0,1.0,7/30,13.61%,PMAIP1;BMF;BBC3;AKT2;BCL2L11;BID;TP73
prerank,Initiation Of Nuclear Envelope (NE) Reformation R-HSA-2995383,-0.3559078916586827,-1.0765370304602162,0.35664335664335667,1.0,1.0,7/19,27.35%,LBR;LEMD2;LMNA;KPNB1;PPP2R2A;EMD;SIRT2
prerank,G-protein Activation R-HSA-202040,-0.3410097801850487,-1.0765608539793001,0.37166900420757365,1.0,1.0,7/22,22.33%,GNG13;GNB3;GNA11;GNA14;GNB2;POMC;GNB5
prerank,Chaperonin-mediated Protein Folding R-HSA-390466,-0.2590843911550911,-1.0766923750581114,0.34688995215311,1.0,1.0,32/87,27.33%,FBXW10;KIF13A;TUBA3D;TUBA3E;HDAC3;TUBA8;FBXW4;TUBB2B;GNG13;GNB3;XRN2;FBXW9;GNA11;FBXW2;TUBA1A;CCT7;GNA14;GAPDHS;TUBB2A;TUBA4B;KIFC3;CCT6B;GNB2;GNB5;PFDN2;CSNK2B;PFDN6;PDCL;TUBB3;WRAP53;PFDN5;FBXW5
prerank,P75 NTR Receptor-Mediated Signaling R-HSA-193704,-0.2615718781982252,-1.0775038619301414,0.3321385902031063,1.0,1.0,43/89,40.67%,ARHGEF33;KALRN;VAV2;OBSCN;PSEN2;HDAC3;MCF2;LINGO1;PLEKHG5;ARHGEF6;BCL2L11;RELA;ARHGEF17;IKBKB;SMPD2;ARHGEF19;ARHGEF40;PREX1;PSEN1;ARHGEF2;UBA52;RPS27A;BEX3;ARHGEF10L;ARHGEF1;UBB;ARHGEF18;ARHGDIA;IRAK1;ARHGEF11;PLEKHG2;ARHGEF4;MYD88;VAV1;SQSTM1;ITGB3BP;ARHGEF37;APH1A;ARHGEF3;BAD;ARHGEF7;FGD1;UBC
prerank,Hedgehog On State R-HSA-5632684,-0.2639472135608926,-1.0804921498331375,0.34875,1.0,1.0,48/77,46.65%,SMOX;ARRB2;CSNK1A1;GPR161;EVC2;PSMB1;EVC;PTCH1;PSMD4;PSMD8;CDON;GAS1;GLI1;PSMB6;UBA52;RPS27A;ARRB1;PSMB9;PSMC3;BOC;PSME1;PSMA7;PSMB10;PSMD11;PSMB8;UBB;PSMB4;GLI2;GRK2;PSMA4;ULK3;PSMC4;PSMD3;PTCH2;PSMC5;PSMA5;PSMB2;PSMD9;UBC;PSME2;SMURF1;RBX1;PSMB5;PSMD13;DZIP1;IQCE;PSMB7;GLI3
prerank,Interferon Alpha/Beta Signaling R-HSA-909733,-0.2772559062001031,-1.0815404997277651,0.3501228501228501,1.0,1.0,26/60,32.55%,SOCS1;SOCS3;IP6K2;ISG15;HLA-F;IRF7;HLA-A;IFI27;IRF3;PTPN6;ISG20;EGR1;IFITM3;KPNB1;IFI35;IFITM1;MX1;PTPN1;IRF1;OASL;HLA-E;PSMB8;IFITM2;MX2;STAT2;TYK2
prerank,Elastic Fibre Formation R-HSA-1566948,-0.3064388979726592,-1.0825969635770718,0.3575197889182058,1.0,1.0,17/35,32.86%,GDF5;LTBP4;MFAP4;FBN2;BMP4;LOXL2;LOXL1;LOXL4;MFAP2;FBLN1;EFEMP2;TGFB2;TGFB1;FURIN;LTBP3;VTN;ITGB8
prerank,PPARA Activates Gene Expression R-HSA-1989781,-0.2532288540523043,-1.0846821724873124,0.331002331002331,1.0,1.0,38/107,27.94%,TNFRSF21;PPARG;SREBF1;MED24;MED28;PEX11A;MED10;CREBBP;MED30;AHRR;PPARGC1A;HDAC3;NCOR2;NR1H3;MED26;MED22;ANGPTL4;TBL1XR1;SMARCD3;SREBF2;MUSK;NR1H2;NRF1;TRIB3;MED19;MED18;MED27;TBL1X;MED16;PPARGC1B;MED4;MED12;CPT2;ABCA1;MED9;HMGCR;SLC27A1;MED11
prerank,SMAD2/SMAD3:SMAD4 Heterotrimer Regulates Transcription R-HSA-2173796,-0.3137141019904162,-1.086823613971161,0.340878828229028,1.0,1.0,14/35,30.58%,TGIF2;SMAD4;TGIF1;E2F4;WWTR1;MEN1;SMAD3;E2F5;UBA52;RPS27A;YBX1;FURIN;UBB;RNASEH2A
prerank,Metabolism Of Fat-Soluble Vitamins R-HSA-6806667,-0.30549403389143687,-1.088466308115635,0.3328785811732606,1.0,1.0,11/38,19.45%,GPC2;PLB1;APOE;UBIAD1;RBP1;VKORC1;SDC4;AGRN;APOM;GPC1;LRP10
prerank,Regulation Of Lipid Metabolism By PPARalpha R-HSA-400206,-0.2544597018385925,-1.0929107235429025,0.3169590643274854,1.0,1.0,39/109,27.94%,TNFRSF21;PPARG;SREBF1;MED24;MED28;PEX11A;MED10;CREBBP;MED30;AHRR;PPARGC1A;HDAC3;NCOR2;NR1H3;MED26;MED22;ANGPTL4;TBL1XR1;SMARCD3;SREBF2;MUSK;NR1H2;NRF1;TRIB3;MED19;SIN3B;MED18;MED27;TBL1X;MED16;PPARGC1B;MED4;MED12;CPT2;ABCA1;MED9;HMGCR;SLC27A1;MED11
prerank,Transcriptional Regulation By RUNX3 R-HSA-8878159,-0.2570984861918097,-1.0942247159043064,0.30419161676646705,1.0,1.0,52/93,42.28%,RUNX3;TCF7L1;SMAD4;HDAC4;TEAD3;CREBBP;NOTCH1;TEAD2;CDKN2A;WWTR1;JAG1;BCL2L11;MAML1;SMAD3;PSMB1;KAT2A;PSMD4;PSMD8;PSMB6;CXXC1;UBA52;RPS27A;SNW1;PSMB9;PSMC3;PSME1;PSMA7;PSMB10;TEAD4;PSMD11;TGFB1;PSMB8;UBB;PSMB4;CTNNB1;GATD3;PSMA4;PSMC4;ITGAL;PSMD3;TP53;FOXO3;PSMC5;PSMA5;PSMB2;PSMD9;LEF1;UBC;MYC;PSME2;SMURF1;BRD2
prerank,Mitochondrial Biogenesis R-HSA-1592230,-0.263954693396042,-1.0952613006963994,0.3048780487804878,1.0,1.0,41/89,37.60%,POLG2;CAMK4;SIRT3;CREBBP;PRKAB1;PPARGC1A;HDAC3;MAPK11;ATP5MG;TBL1XR1;SMARCD3;CHCHD6;NRF1;ATP5MC3;TMEM11;MTX1;TWNK;ATP5F1D;ACSS2;TFAM;TBL1X;DNAJC11;SIRT5;MAPK12;POLRMT;PPARGC1B;PRKAA2;CRTC2;TFB1M;CRTC1;ATP5MC1;PPRC1;MICOS13;SSBP1;CARM1;HELZ2;ATP5MC2;NR1D1;IDH2;MEF2D;HCFC1
prerank,Phase II - Conjugation Of Compounds R-HSA-156580,-0.26518505712502227,-1.0981226800399218,0.3062953995157385,1.0,1.0,20/83,17.74%,GLYATL2;GLYATL1;SULT1A1;PODXL2;SULT4A1;AKR1A1;GSTM4;SULT1A4;SULT6B1;GGT5;PRNP;CHAC1;GGT6;GSTZ1;OPLAH;UGT3A2;COMT;GSTP1;NNMT;MAT2B
prerank,Chromatin Modifying Enzymes R-HSA-3247509,-0.23595332037904734,-1.0984694477405608,0.2775377969762419,1.0,1.0,93/215,38.94%,KDM6B;H2AC7;ARID1B;MORF4L2;BRD1;MECOM;ING4;DNMT3A;H2AC25;ELP2;RPS2;CREBBP;MORF4L1;SETD6;OGT;HDAC3;DMAP1;NCOR2;EHMT1;SUPT3H;KAT6B;PRMT3;KAT8;RELA;TBL1XR1;SETD1B;SMARCD3;RBBP4;HMG20B;SGF29;KDM6A;TADA3;USP22;SUDS3;MEAF6;RBBP5;RUVBL2;KAT2A;H2BC13;CDK4;SETDB1;PRMT7;KMT2D;PRMT5;TBL1X;PHF8;VPS72;ELP5;KMT2B;ELP6;KDM4B;TAF6L;MCRS1;EHMT2;MTA1;PRMT6;SMARCD2;H2AX;SETD1A;HDAC8;KDM2A;EP400;KANSL1;H2AZ2;KAT6A;PRMT1;KDM4A;MSL3;YEATS4;ELP3;CARM1;GATAD2A;PHF2;ARID1A;KAT14;KAT5;NSD2;ING5;KMT5C;KMT5B;BRD8;WDR77;PAX3;KMT5A;KDM5A;JADE2;HCFC1;PRDM16;KDM4C;H2BC11;NFKB2;DR1;TAF10
prerank,KEAP1-NFE2L2 Pathway R-HSA-9755511,-0.25873461212878196,-1.0985259508918856,0.3095823095823096,1.0,1.0,52/95,41.86%,ATF4;FBXL17;PHGDH;CREBBP;NOTCH1;CDKN2A;AKT2;SLC7A11;TKT;TRIM21;PSMB1;PSMD4;SESN2;PSMD8;GSK3B;MAFG;PSMB6;CSNK2B;UBA52;RPS27A;AKT1;PSMB9;MUL1;PSMC3;PRDX1;NPLOC4;PSME1;PSMA7;PSMB10;PSMD11;PSMB8;UBB;MAFK;IDH1;PSMB4;PSMA4;PSMC4;UFD1;SQSTM1;PRKCD;NQO1;TALDO1;PSMD3;PSMC5;PSMA5;VCP;PSMB2;PSMD9;UBC;MYC;PSME2;RBX1
prerank,PIWI-interacting RNA (piRNA) Biogenesis R-HSA-5601884,-0.3460437168050984,-1.1022128606467674,0.32345013477088946,1.0,1.0,9/24,25.45%,PLD6;MOV10L1;TDRD9;POLR2E;TDRD6;POLR2I;POLR2D;POLR2A;POLR2G
prerank,Non-integrin membrane-ECM Interactions R-HSA-3000171,-0.3103801927907223,-1.1023227230960424,0.32457293035479634,1.0,1.0,24/39,48.25%,NTN4;PDGFB;DDR2;NRXN1;SDC4;AGRN;ACTN1;PDGFA;LAMA5;TGFB1;TRAPPC4;FGF13;VTN;DAG1;LAMB1;DDR1;LAMA1;LMNB2;LAMC3;SDC3;SDC1;ITGB1;ITGB4;ITGAV
prerank,Formation Of Tubulin Folding Intermediates By CCT/TriC R-HSA-389960,-0.35131116838052256,-1.1032026861331319,0.3532684283727399,1.0,1.0,9/24,20.61%,TUBA3D;TUBA3E;TUBA8;TUBB2B;TUBA1A;CCT7;TUBB2A;TUBA4B;CCT6B
prerank,Plasma Lipoprotein Remodeling R-HSA-8963899,-0.342830966793612,-1.1068734730643532,0.33748271092669435,1.0,1.0,7/25,18.20%,LCAT;PLTP;APOE;ANGPTL3;ANGPTL4;LMF2;P4HB
prerank,Signaling By ALK R-HSA-201556,-0.3372205644129165,-1.1072136337236707,0.3231197771587744,1.0,1.0,15/26,43.11%,IRS1;MYCN;HDAC3;PIK3R2;PTPN6;JAK3;PIK3CB;PLCG1;SIN3A;ALK;STAT3;MYC;PTN;PRDM1;SHC1
prerank,Cellular Senescence R-HSA-2559583,-0.24974287754873825,-1.107715803596084,0.26396495071193865,1.0,1.0,41/148,24.38%,H1-3;MAP2K6;KDM6B;TNRC6C;H2AC7;H1-0;CDKN1B;RING1;CDKN2C;CBX2;MAPK10;HMGA1;CDKN2A;ETS2;EHMT1;CBX4;MAPK11;PHC2;AGO4;ARTN;ANAPC7;RELA;RBBP4;MAP4K4;ANAPC11;TXN2;PHC1;UBN1;MAP3K5;H2BC13;CDK4;CBX6;MAPKAPK3;HIRA;TERF2;CDK2;EHMT2;UBA52;RPS27A;H2AX;CEBPB
prerank,Signaling By SCF-KIT R-HSA-1433557,-0.30670133263956756,-1.1078229941746982,0.30294906166219837,1.0,1.0,18/40,34.53%,SOCS1;PTPRU;LYN;CMA1;PIK3R2;TEC;KIT;PTPN6;GRB2;GRB7;HRAS;STAT5B;GRB10;SH2B3;KITLG;SOCS6;PIK3R3;VAV1
prerank,Insulin Processing R-HSA-264876,-0.3404307182305468,-1.1089296438290501,0.31484049930651875,1.0,1.0,6/25,13.39%,PCSK2;KIF5A;EXOC4;MYRIP;SLC30A5;STX1A
prerank,Citric Acid Cycle (TCA Cycle) R-HSA-71403,-0.3537803911189218,-1.109438348280539,0.33751743375174337,1.0,1.0,13/21,47.35%,ACO2;IDH3B;PCDHGA5;IDH3G;MDH2;SDHB;LDLR;IDH2;SDHD;DLST;SDHA;SUCLG2;OGDH
prerank,Protein Folding R-HSA-391251,-0.2647478528117067,-1.110919374119571,0.29594272076372313,1.0,1.0,38/92,31.21%,FBXW10;KIF13A;TBCC;TUBA3D;TUBA3E;HDAC3;TUBA8;FBXW4;TUBB2B;GNG13;GNB3;XRN2;FBXW9;GNA11;FBXW2;TUBA1A;CCT7;GNA14;GAPDHS;TUBB2A;TUBA4B;KIFC3;CCT6B;GNB2;GNB5;PFDN2;CSNK2B;ARL2;PFDN6;PDCL;TUBB3;WRAP53;PFDN5;FBXW5;TBCB;USP11;CCT4;SKIC2
prerank,Deregulated CDK5 Triggers Neurodegenerative Pathways In Alzheimers Disease Models R-HSA-8862803,-0.36213155090163196,-1.1147595927789056,0.32959326788218796,1.0,1.0,17/20,49.81%,CDC25B;BCL2L11;CDK5R1;PRDX2;LMNA;ERC2;PRDX1;GOLGA2;CAPN1;FOXO3;LMNB1;CDK5;CDC25C;YWHAE;CAPNS2;JUN;APP
prerank,Amino Acid Transport Across Plasma Membrane R-HSA-352230,-0.3343237185272079,-1.1150128837036744,0.30311231393775373,1.0,1.0,7/29,16.33%,SLC25A29;SLC1A4;SLC6A15;SLC7A5;SLC7A11;SLC3A2;SLC43A1
prerank,Processing Of Capped Intronless Pre-mRNA R-HSA-75067,-0.3318658772467412,-1.1171079139740754,0.2925531914893617,1.0,1.0,16/29,35.28%,LSM11;SNRPD3;SNRPB;SNRPF;LSM10;CPSF1;NUDT21;SNRPG;SYMPK;CPSF7;ZNF473;CPSF4;CPSF6;FIP1L1;PABPN1;CSTF2
prerank,"Sensory Perception Of Sweet, Bitter, And Umami (Glutamate) Taste R-HSA-9717207",-0.33486887360658163,-1.1278295784391918,0.2971887550200803,1.0,1.0,13/28,31.95%,TAS2R5;TAS2R30;TAS2R10;TAS2R20;GNG13;GNB3;SCN1B;SCN9A;TAS1R1;TAS2R4;GRM4;TAS2R46;ITPR3
prerank,FCERI Mediated Ca+2 Mobilization R-HSA-2871809,-0.34227828883445244,-1.1280583344777153,0.31179775280898875,1.0,1.0,9/26,20.96%,VAV2;NFATC2;LYN;ITK;PPP3CA;NFATC3;TEC;GRB2;SPNS1
prerank,Signaling By NOTCH R-HSA-157118,-0.2440531735330025,-1.1284354651984274,0.23136818687430477,1.0,1.0,94/180,40.82%,TNRC6C;H2AC7;LFNG;MIB1;ARRB2;HDAC7;HDAC4;PSEN2;CREBBP;NOTCH1;NEURL1;HEY2;HDAC3;NCOR2;HDAC11;HEY1;AGO4;HDAC6;DTX4;JAG1;TBL1XR1;NOTCH3;MAML1;DTX2;SMAD3;PSMB1;KAT2A;H2BC13;HDAC9;PSMD4;EGF;PSMD8;DTX1;TBL1X;RFNG;AGO2;PSEN1;PSMB6;UBA52;RPS27A;H2AX;ST3GAL3;ARRB1;TLE2;SNW1;AKT1;YBX1;HDAC8;PSMB9;PSMC3;PSME1;H3-3B;TLE3;PSMA7;H2AZ2;PSMB10;ELF3;PSMD11;FURIN;DLL4;POFUT1;PSMB8;UBB;PSMB4;AGO1;GATD3;MOV10;PSMA4;ACTA2;IKZF1;PSMC4;HDAC5;DLL1;AGO3;MIB2;APH1A;TNRC6A;PLXND1;PSMD3;TP53;H2BC11;E2F3;PSMC5;CNTN1;PSMA5;SIRT6;PSMB2;H2AZ1;TLE4;PSMD9;HEYL;TACC3;UBC;MYC
prerank,Disassembly Of Destruction Complex And Recruitment Of AXIN To Membrane R-HSA-4641262,-0.3440011988189961,-1.1356957430316308,0.2844950213371266,1.0,1.0,16/26,37.07%,FZD2;AMER1;LRP5;PROC;CSNK1A1;DVL2;FRAT1;CSNK1G2;GSK3B;CTNNB1;PPP2R5A;PPP2R5D;PPP2R5B;PPP2R1A;FRAT2;AXIN1
prerank,Cytosolic Sulfonation Of Small Molecules R-HSA-156584,-0.3640619801293857,-1.1359427251097514,0.30327868852459017,1.0,1.0,5/21,9.74%,SULT1A1;PODXL2;SULT4A1;SULT1A4;SULT6B1
prerank,Beta-catenin Phosphorylation Cascade R-HSA-196299,-0.38414132317185135,-1.1382240589648494,0.29022988505747127,1.0,1.0,12/17,37.07%,AMER1;PROC;CSNK1A1;FRAT1;GSK3B;CTNNB1;PPP2R5A;PPP2R5D;PPP2R5B;PPP2R1A;FRAT2;AXIN1
prerank,Downstream Signal Transduction R-HSA-186763,-0.34793882177615854,-1.1416636658651609,0.26907073509015256,1.0,1.0,14/28,32.35%,PDGFB;PIK3R2;BCAR1;PDGFRB;GRB2;GRB7;HRAS;PDGFA;STAT5B;SYNGAP1;RAPGEF1;PIK3CB;PLCG1;CRKL
prerank,Vasopressin Regulates Renal Water Homeostasis Via Aquaporins R-HSA-432040,-0.32237683920045024,-1.142323608119919,0.2711864406779661,1.0,1.0,12/38,28.94%,ADCY1;PRKAR2B;PRKAR1A;GNG13;GNB3;NLRP3;ADCY6;AQP3;GNB2;GNB5;PRKAR2A;ADCY8
prerank,Activation Of Gene Expression By SREBF (SREBP) R-HSA-2426168,-0.31436233278164094,-1.1425126070264817,0.27770360480640854,1.0,1.0,20/40,35.43%,SREBF1;SCD;TM7SF2;CREBBP;CYP51A1;TBL1XR1;MVD;SMARCD3;SREBF2;TBL1X;MVK;FDPS;FASN;HMGCR;DHCR7;CARM1;NFYA;ACACB;PKMYT1;HELZ2
prerank,EGR2 And SOX10-mediated Initiation Of Schwann Cell Myelination R-HSA-9619665,-0.3493497307488736,-1.1435831136392178,0.29178082191780824,1.0,1.0,12/26,29.34%,CYP51A1;ADGRG6;WWTR1;POU3F1;SREBF2;PXMP2;PRX;NAB2;EGR2;HMGCR;SCD5;SOX10
prerank,Transcriptional Activation Of Mitochondrial Biogenesis R-HSA-2151201,-0.30308176557941974,-1.1437372073352343,0.2677878395860285,1.0,1.0,30/52,41.23%,POLG2;CAMK4;SIRT3;CREBBP;PPARGC1A;HDAC3;TBL1XR1;SMARCD3;NRF1;TWNK;ACSS2;TFAM;TBL1X;SIRT5;POLRMT;PPARGC1B;CRTC2;TFB1M;CRTC1;PPRC1;SSBP1;CARM1;HELZ2;NR1D1;IDH2;MEF2D;HCFC1;RXRA;ESRRA;CRTC3
prerank,Axon Guidance R-HSA-422475,-0.23171634959228507,-1.1450603498272098,0.1406570841889117,1.0,1.0,194/480,34.66%,KALRN;COL6A1;SEMA4D;EFNB1;VAV2;EPHB3;CNTN2;SCN7A;PRKCQ;COL6A3;EFNB2;COL4A5;ROBO2;FGFR1;NTN4;TRPC6;ST8SIA2;PSEN2;RPS2;PLXNA4;RPLP0;RPL8;RPS6KA5;ARHGAP39;HSP90AB1;SHANK3;LYN;LYPLA2;L1CAM;EPHB2;RPL3;PSPN;MAPK11;DNAAF3;RPS10;RPS8;FLRT3;RNPS1;EPHB4;COL6A2;PIK3R2;UNC5B;DPYSL3;RPS16;EVL;ROBO3;ANK1;RPL37;ARTN;RPS15;PRNP;ABLIM1;ARHGEF28;SPTBN2;NTN1;DPYSL4;RPL36;EPHB6;RPL11;RPL36A;ABL1;RPL5;EFNA3;ELOB;AGRN;RPS4X;RPL28;LHX9;RPL37A;PTPRC;RPS17;NCAM1;NRP1;MYH14;COL9A2;RPSA;EFNA1;RPS27;RPL13A;RPL21;EFNA4;RPL18A;GPC1;RPS15A;RPLP1;PSMB1;EIF4A3;RPS3;MAP2K2;RPL7A;TRPC5;RPS9;CDK5R1;RPS19;RPL29;SCN5A;GRB2;RPL6;PSMD4;RPS6;SCN1B;PSMD8;HOXA2;RPS12;RPL18;GRB7;RPL27A;DSCAM;GSK3B;RPL22;HRAS;SCN9A;RPS5;VPS72;PSEN1;EZR;RPL34;PSMB6;MAPK12;CSNK2B;UBA52;RPS27A;RPLP2;RPL14;PLXNB1;ARPC3;DPYSL2;RPS25;RPS28;RPS14;ZSWIM8;RPL10A;FAU;RPL27;PSMB9;GRB10;PSMC3;RPL35;SEMA4A;LLGL1;PLXNA1;BUB1B-PAK6;PSME1;RPL23;PSMA7;ITGA9;SYNGAP1;SPTBN5;CLSTN1;SCN8A;EPHA1;PLXNA3;EPHA2;DNM1;PRKAR2A;PSMB10;ARPC1A;SEMA5A;PSMD11;RPS11;PABPC1;SDCBP;PSMB8;PFN2;PIK3CB;UBB;RHOC;PTPRA;RPS21;PSMB4;ARHGEF11;RPL36AL;PLCG1;CLTB;RPL30;SEMA6A;CASC3;PSMA4;COL9A3;UPF3B;ANK3;PIK3R3;CNTNAP1;SPTB;TYROBP;PSMC4;RET;AP2S1;GAP43;RPL38;PDLIM7;MAPK7;RPL41;RGMB
prerank,mRNA 3-End Processing R-HSA-72187,-0.29848654254415574,-1.145155697135767,0.26403061224489793,1.0,1.0,28/56,35.28%,U2AF2;RNPS1;SRSF5;SRSF3;SRSF9;CHTOP;EIF4A3;SRSF1;CPSF1;THOC6;SRSF6;NUDT21;SRSF11;SYMPK;CPSF7;U2AF1;SRSF4;DDX39B;THOC5;DDX39A;U2AF1L4;CPSF4;CPSF6;CASC3;UPF3B;FIP1L1;PABPN1;CSTF2
prerank,Regulation Of Beta-Cell Development R-HSA-186712,-0.3563334054094586,-1.1557542549073136,0.28201634877384196,1.0,1.0,9/24,25.09%,CREBBP;NOTCH1;AKT2;MAML1;HNF1A;NKX6-1;KAT2A;SNW1;AKT1
prerank,"Nucleotide-binding Domain, Leucine Rich Repeat Containing NLR Signaling Pathways R-HSA-168643",-0.3060206150576426,-1.157986280826851,0.2634961439588689,1.0,1.0,22/50,38.74%,MAP2K6;CARD9;NOD1;HSP90AB1;MAPK11;RELA;CASP9;TXN2;NLRP3;IKBKB;MAPK12;CASP1;PYCARD;AAMP;IRAK2;IRAK1;NOD2;BCL2;TAB1;NLRP1;NFKB2;AIM2
prerank,HIV Elongation Arrest And Recovery R-HSA-167287,-0.3375172523067325,-1.161009702134563,0.25679347826086957,1.0,1.0,18/32,37.23%,ELL;NELFB;POLR2E;ELOB;NELFA;GTF2F1;POLR2I;POLR2D;SSRP1;POLR2A;NELFCD;POLR2G;CTDP1;NELFE;CDK9;POLR2H;SUPT5H;POLR2F
prerank,Cooperation Of Prefoldin And TriC/CCT In Actin And Tubulin Folding R-HSA-389958,-0.34522562176927635,-1.161374938815099,0.26737967914438504,1.0,1.0,13/31,26.61%,TUBA3D;TUBA3E;TUBA8;TUBB2B;TUBA1A;CCT7;TUBB2A;TUBA4B;CCT6B;PFDN2;PFDN6;TUBB3;PFDN5
prerank,Oxidative Stress Induced Senescence R-HSA-2559580,-0.28498614956369406,-1.165648504024948,0.22344322344322345,1.0,1.0,25/80,24.35%,MAP2K6;KDM6B;TNRC6C;H2AC7;RING1;CDKN2C;CBX2;MAPK10;CDKN2A;CBX4;MAPK11;PHC2;AGO4;RBBP4;MAP4K4;TXN2;PHC1;MAP3K5;H2BC13;CDK4;CBX6;MAPKAPK3;UBA52;RPS27A;H2AX
prerank,Regulation Of TP53 Activity Thru Acetylation R-HSA-6804758,-0.3557287942106297,-1.172679496305779,0.23897581792318634,0.9957769207217452,1.0,6/27,16.20%,MAP2K6;BRD1;PIP4P1;AKT2;RBBP4;MEAF6
prerank,CD209 (DC-SIGN) Signaling R-HSA-5621575,-0.39819793347173704,-1.1745070987153243,0.25884016973125884,0.9938388210412822,1.0,9/17,39.81%,CREBBP;RPS6KA5;LYN;RELA;HRAS;ICAM3;ICAM2;PKN1;ARHGEF7
prerank,Class C/3 (Metabotropic Glutamate/Pheromone Receptors) R-HSA-420499,-0.36702015332755,-1.1797181219814663,0.2373806275579809,0.9745611300408621,1.0,10/23,29.70%,TAS2R5;TAS2R30;TAS2R10;GRM5;TAS2R20;UBD;TAS1R1;TAS2R4;GRM4;TAS2R46
prerank,NOTCH3 Intracellular Domain Regulates Transcription R-HSA-9013508,-0.3721356396397087,-1.1797476414975478,0.242467718794835,0.981705817055014,1.0,7/22,17.25%,CREBBP;NOTCH1;HEY2;HEY1;NOTCH3;MAML1;KAT2A
prerank,Drug ADME R-HSA-9748784,-0.2916686973839194,-1.1804071305241501,0.2113526570048309,0.9859128434409958,1.0,17/68,20.75%,GLYATL2;GLYATL1;SLC29A2;VAV2;SULT1A1;CYP3A4;SLC22A3;ABCB1;SULT1A4;IMPDH2;GGT5;GGT6;UGT3A2;GSTP1;SLC28A2;ABCC1;BSG
prerank,Sealing Of Nuclear Envelope (NE) By ESCRT-III R-HSA-9668328,-0.3568311532666323,-1.1861328456670313,0.22060766182298547,0.9640174480084596,1.0,19/28,45.03%,TUBA3D;TUBA3E;LEMD2;TUBA8;TUBB2B;TUBA1A;TUBB2A;TUBA4B;TUBB3;TUBA4A;CHMP2A;RNF103-CHMP3;IST1;CHMP7;VPS4A;CHMP6;TUBB;TUBB4B;TUBA1B
prerank,Defective Intrinsic Pathway For Apoptosis R-HSA-9734009,-0.3709151167764406,-1.1872998851599361,0.21879194630872484,0.9655099866270951,1.0,19/23,49.81%,CDC25B;CDKN2A;BCL2L11;CDK5R1;PRDX2;LMNA;ERC2;PRDX1;GOLGA2;CAPN1;TP53;FOXO3;LMNB1;CDK5;CDC25C;YWHAE;CAPNS2;JUN;APP
prerank,Degradation Of Extracellular Matrix R-HSA-1474228,-0.28596250349354635,-1.1885939593910622,0.18955042527339003,0.9666567067053496,1.0,28/94,25.45%,COL18A1;COL14A1;ELANE;COL23A1;CAPN10;ADAM8;COL25A1;CAPN12;CTSL;CMA1;CTSD;BMP1;MMP15;COL9A2;ADAM15;ADAMTS9;CAPN14;DCN;BSG;CAPN15;PSEN1;CD44;LAMA5;TIMP2;MMP24;CXXC1;TIMP1;ERC2
prerank,Apoptotic Cleavage Of Cellular Proteins R-HSA-111465,-0.3343018941211027,-1.1889085283371408,0.23443708609271524,0.9725915026518349,1.0,7/36,12.41%,GSN;GAS2;PRKCQ;CASP6;PROC;PLEC;MAPT
prerank,Meiotic Synapsis R-HSA-1221632,-0.32797593618243726,-1.1899754763727768,0.22816166883963493,0.9746220424303842,1.0,13/43,24.74%,HSPA2;TEX12;REC8;H2AC7;SUN1;SYNE2;RAD21;H2BC13;STAG3;LMNA;TERF2;H2AX;SMC1A
prerank,Inositol Phosphate Metabolism R-HSA-1483249,-0.3233720823736577,-1.1928529185286711,0.206266318537859,0.9679120952320156,1.0,23/45,36.91%,NUDT10;ISYNA1;PLD4;IP6K2;ITPKC;NUDT3;IMPA2;ITPKB;PPIP5K1;PLCH2;ITPKA;PLCD3;INPP5J;NUDT11;PLCD1;IP6K1;INPP4A;INPP5B;PLCG1;PLCZ1;PLCB3;INPP5A;INPPL1
prerank,Heparan Sulfate/Heparin (HS-GAG) Metabolism R-HSA-1638091,-0.3257271434979869,-1.194903466028524,0.2193211488250653,0.9653150824423294,1.0,18/46,25.99%,GPC2;IDUA;CSPG4;NDST3;SDC4;AGRN;HS6ST1;GPC1;XYLT1;B4GALT7;GUSB;DCN;HS6ST2;BGN;HS3ST2;SGSH;NAGLU;CSPG5
prerank,Blood Group Systems Biosynthesis R-HSA-9033658,-0.414568761698073,-1.1950913264208747,0.24743777452415813,0.9721274303842087,1.0,8/16,26.44%,B3GALT5;FUT1;B4GALNT2;FUT3;FUT2;B3GALT1;ST3GAL3;FUT5
prerank,ADORA2B Mediated Anti-Inflammatory Cytokine Production R-HSA-9660821,-0.2923007384704767,-1.1992275000177237,0.1652593486127865,0.9584142722321398,1.0,22/83,22.81%,GNAZ;ADCY1;ADORA2B;CPAMD8;PRKAR2B;PRKAR1A;PTGER4;GNG13;GNB3;ADM2;NLRP3;ADRB2;MC1R;PRKX;PTGIR;ADCY6;PTHLH;GNB2;CRH;POMC;GNB5;C1QTNF1
prerank,NOTCH1 Intracellular Domain Regulates Transcription R-HSA-2122947,-0.32162927667081115,-1.1994849765562303,0.2046070460704607,0.9649089700273104,1.0,21/47,26.85%,HDAC7;HDAC4;CREBBP;NOTCH1;HEY2;HDAC3;NCOR2;HDAC11;HEY1;HDAC6;TBL1XR1;MAML1;KAT2A;HDAC9;TBL1X;UBA52;RPS27A;TLE2;SNW1;HDAC8;TLE3
prerank,Extracellular Matrix Organization R-HSA-1474244,-0.25754564468785346,-1.2114074596636413,0.09216101694915255,0.9132519054415597,1.0,82/257,28.56%,COL18A1;COL27A1;COL6A1;COL14A1;COL8A2;COL21A1;GDF5;COL6A3;COL7A1;COL4A5;LTBP4;ELANE;PCOLCE;COL23A1;NTN4;CAPN10;ADAM8;MFAP4;COL25A1;PDGFB;FBN2;COL5A3;CAPN12;BMP4;CTSL;LOXL2;LOXL1;CMA1;DDR2;COL6A2;PTPRS;PLEC;CTSD;LOXL4;NRXN1;JAM3;ADAMTS3;MUSK;BMP1;SDC4;AGRN;NCAM1;MFAP2;MMP15;COL9A2;ADAM15;ADAMTS9;COL28A1;ACTN1;P4HB;COL5A1;PLOD3;CAPN14;SERPINH1;P3H1;P4HA1;P3H3;MATN1;DCN;BSG;CAPN15;PDGFA;PSEN1;BGN;CD44;LAMA5;TIMP2;PLOD1;MMP24;CXXC1;TIMP1;ERC2;FBLN1;ICAM3;EFEMP2;PPIB;COL15A1;ITGA9;KDR;TGFB2;TGFB1;FURIN
prerank,Transcriptional Regulation By MECP2 R-HSA-8986944,-0.31829586106965735,-1.2115969487419362,0.19338422391857507,0.9199892797944517,1.0,27/53,36.83%,LBR;PPARG;TNRC6C;CAMK4;NOTCH1;HDAC3;SOX2;NCOR2;AGO4;TBL1XR1;SST;TBL1X;AGO2;CRH;SLC2A3;CAMK2G;PTPN1;GRIA2;IRAK1;AGO1;MOV10;GAMT;SIN3A;DLL1;AGO3;TRPC3;TNRC6A
prerank,Pausing And Recovery Of Tat-mediated HIV Elongation R-HSA-167238,-0.3606939687910232,-1.2253199437921036,0.1864864864864865,0.8605854776172013,1.0,18/30,37.23%,ELL;NELFB;POLR2E;ELOB;NELFA;GTF2F1;POLR2I;POLR2D;SSRP1;POLR2A;NELFCD;POLR2G;CTDP1;NELFE;CDK9;POLR2H;SUPT5H;POLR2F
prerank,Plasma Lipoprotein Clearance R-HSA-8964043,-0.36080748073244917,-1.2254892749663815,0.18361955085865259,0.8669694582097908,1.0,13/33,24.23%,APOC1;LSR;APOE;SCARB1;NR1H3;PCSK9;LDLRAP1;NR1H2;APOBR;MYLIP;CUBN;UBA52;RPS27A
prerank,"Gamma Carboxylation, Hypusine Formation And Arylsulfatase Activation R-HSA-163841",-0.34350075975161565,-1.2258954078208921,0.19003931847968544,0.8724914119116038,1.0,19/38,31.46%,PROC;DPH2;EEF2;GAS6;ARSD;DPH7;DHPS;ARSL;F7;ARSJ;BGLAP;SUMF2;ARSA;ARSI;FN3KRP;FAM110A;FURIN;DPH5;DPH1
prerank,Processing Of Capped Intron-Containing Pre-mRNA R-HSA-72203,-0.26017045257777593,-1.2280516846156326,0.09946524064171124,0.8691787400317538,1.0,104/236,35.71%,PCBP1;ELAVL1;SF3A2;HNRNPH1;PRPF19;NUP42;SF3B5;SNRPD3;HNRNPR;U2AF2;PCBP2;SNRPN;SF1;RNPS1;ZMAT5;SNRPB;CHERP;PTBP1;HNRNPF;SRSF5;LSM8;RBMX;SNRPF;SRSF3;METTL14;POLR2E;PPIE;CTNNBL1;SRSF9;PRPF31;HNRNPK;CHTOP;EIF4A3;LSM2;PRPF3;SEH1L;SRSF1;SRRT;CPSF1;THOC6;HNRNPL;ZRSR2;SUGP1;SRSF6;GTF2F1;SNRPD2;LSM7;POLR2I;NUDT21;SART1;SNRPG;ELAVL2;HNRNPH2;SRSF11;XAB2;SNRNP25;SNRNP40;POLR2D;SYMPK;POM121;CPSF7;HNRNPUL1;POLR2A;SNW1;SNU13;NUP62;LSM4;POLR2G;YBX1;HNRNPC;PPIH;BUD31;U2AF1;SRSF4;EFTUD2;SNRNP70;PQBP1;TXNL4A;DDX39B;THOC5;DDX39A;CD2BP2;U2AF1L4;DHX16;RBM42;SNRPA;CPSF4;SNRPC;SRRM2;NUP85;CPSF6;CASC3;PRPF6;UPF3B;SF3B2;FIP1L1;HNRNPD;SF3B4;PABPN1;POLR2H;PRCC;CSTF2;SNRNP200;METTL3
prerank,G Alpha (Z) Signaling Events R-HSA-418597,-0.33349058531515563,-1.2293656319908988,0.2,0.8700035248501938,1.0,11/43,22.33%,GNAZ;ADCY1;PRKCQ;RGS17;GNG13;GNB3;PRKCE;PRKCB;ADCY6;GNB2;GNB5
prerank,Insertion Of Tail-Anchored Proteins Into Endoplasmic Reticulum Membrane R-HSA-9609523,-0.3942930184354747,-1.2300700386167331,0.2019914651493599,0.8740097163261866,1.0,17/22,49.81%,PRNP;UBE2J2;CAMLG;STX1A;SGTA;SEC61B;EMD;STX5;BAG6;SERP1;GET1;ALDH3A2;GET4;SEC61G;UBL4A;GET3;APP
prerank,PERK Regulates Gene Expression R-HSA-381042,-0.3629577868044062,-1.2342632179868653,0.19021739130434784,0.8606746068555244,1.0,13/31,27.66%,DDIT3;CEBPG;ATF4;EIF2S3;ASNS;ATF3;EXOSC5;KHSRP;HERPUD1;DCP2;CEBPB;EXOSC7;EXOSC1
prerank,Regulation Of PTEN Gene Transcription R-HSA-8943724,-0.3170655863932044,-1.236621566434283,0.15181932245922208,0.8566905087949691,1.0,18/59,24.55%,PPARG;RING1;MECOM;HDAC7;CBX2;HDAC3;CBX4;PHC2;RBBP4;PHC1;LAMTOR5;EGR1;CBX6;ATN1;MLST8;MAF1;MTA1;LAMTOR4
prerank,Signaling By NODAL R-HSA-1181150,-0.4239396927889706,-1.2405689452672999,0.19972067039106145,0.845511764187522,1.0,6/17,15.14%,ACVR2B;SMAD4;FOXH1;SMAD3;NODAL;CERS1
prerank,Signaling By Erythropoietin R-HSA-9006335,-0.3954628132608234,-1.240831832677328,0.18347338935574228,0.8518139323673338,1.0,12/23,34.53%,LYN;EPOR;PIK3CG;GRB2;HRAS;STAT5B;CLSTN1;RAPGEF1;PIK3CB;PLCG1;CRKL;VAV1
prerank,Apoptotic Execution Phase R-HSA-75153,-0.33079628411436046,-1.2421792803425407,0.159846547314578,0.8528250712981061,1.0,10/50,12.41%,H1-3;GSN;GAS2;H1-0;PRKCQ;CASP6;PROC;PLEC;DFFB;MAPT
prerank,HSF1 Activation R-HSA-3371511,-0.37865974182255396,-1.243487399180732,0.18820224719101122,0.8543733689483335,1.0,16/26,40.50%,TNFRSF21;HSP90AB1;HDAC6;PTGES3;HSF1;HSPA1B;HSPA1A;DEDD2;SERPINH1;HSBP1;UBB;DNAJB1;FKBP4;EEF1A1;VCP;RPA3
prerank,FOXO-mediated Transcription Of Cell Death Genes R-HSA-9614657,-0.4388846352576474,-1.2444581605129081,0.19420289855072465,0.8573814279559785,1.0,5/15,16.23%,DDIT3;CREBBP;BBC3;BCL2L11;STK11
prerank,Chondroitin Sulfate/Dermatan Sulfate Metabolism R-HSA-1793185,-0.34065586706997725,-1.246434681309409,0.15072083879423329,0.8553165282531567,1.0,25/44,38.13%,GPC2;CHST15;IDUA;CSPG4;CSGALNACT2;CHST14;CHSY1;SDC4;AGRN;HYAL3;GPC1;XYLT1;B4GALT7;DCN;BGN;CSPG5;HEXA;CHST12;GPC3;XYLT2;CHPF;BCAN;B3GAT3;CSGALNACT1;CHPF2
prerank,Inflammasomes R-HSA-622312,-0.41814864268674723,-1.248565116634332,0.17403708987161198,0.8530304068209177,1.0,10/19,38.74%,HSP90AB1;RELA;TXN2;NLRP3;CASP1;PYCARD;BCL2;NLRP1;NFKB2;AIM2
prerank,PKA Activation R-HSA-163615,-0.4371262470506575,-1.2504348774832312,0.17488789237668162,0.8514571730701443,1.0,3/16,5.46%,ADCY1;PRKAR2B;PRKAR1A
prerank,Depolymerisation Of Nuclear Lamina R-HSA-4419969,-0.43392849639002506,-1.2507018444068954,0.19801980198019803,0.8583782977684986,1.0,10/15,42.49%,LPIN1;LEMD2;PRKCB;LMNA;EMD;LPIN3;CNEP1R1;LPIN2;LMNB1;CTDNEP1
prerank,Glucagon Signaling In Metabolic Regulation R-HSA-163359,-0.3730537585299559,-1.251408985638932,0.1606425702811245,0.863099609528731,1.0,9/29,28.94%,ADCY1;PRKAR2B;PRKAR1A;GNG13;GNB3;ADCY6;GNB2;PRKAR2A;ADCY8
prerank,Biological Oxidations R-HSA-211859,-0.27418817661999034,-1.2521924599291243,0.07924107142857142,0.8677942385978007,1.0,70/170,34.36%,GLYATL2;SMOX;GLYATL1;SULT1A1;CYP2R1;CYP24A1;PODXL2;SULT4A1;ADH1B;CYP39A1;AKR1A1;AKR7L;AHRR;GSTM4;CYP3A4;HSP90AB1;AKR7A2;CYP51A1;TBXAS1;SULT1A4;SULT6B1;GGT5;PTGES3;PRNP;ADH7;CHAC1;GGT6;ALDH3A1;AOC2;GSTZ1;OPLAH;UGT3A2;MTARC1;CYP27A1;COMT;ACSS1;GSTP1;CYP26B1;NNMT;MAT2B;CYP4F3;AOC1;CYP46A1;ACSS2;GSTK1;SULT2B1;POMC;ADH1C;FDX2;GSTM2;GSTM3;ADH1A;FDXR;AHCY;CBR3;NQO2;CYP2J2;SLC35B2;AKR7A3;AURKAIP1;CYP4F11;CYB5B;PAOX;CYP4B1;GGCT;FDX1;TPMT;CES3;CYP1A1;MGST3
prerank,GPER1 Signaling R-HSA-9634597,-0.34608939293213176,-1.2525788167943182,0.16073781291172595,0.8744663341906979,1.0,24/41,48.84%,GNAZ;ADCY1;PRKAR2B;PRKAR1A;GNG13;GNB3;ADCY6;GNB2;GNB5;PRKAR2A;ADCY8;GPER1;GNGT2;GNAI2;ITGA5;GNGT1;PRKAR1B;SHC1;GNG2;ADCY7;ITGB1;SRC;GNG7;GNG4
prerank,Signaling To RAS R-HSA-167044,-0.41731224098142344,-1.2549549900555368,0.19648093841642228,0.8707104335565738,1.0,7/19,23.59%,RALGDS;MAPK11;SHC2;GRB2;HRAS;MAPKAPK3;MAPK12
prerank,Signaling By Hippo R-HSA-2028269,-0.4099255967689842,-1.2593052838107146,0.16061452513966482,0.8577717250047175,1.0,6/20,21.54%,AMOTL1;NPHP4;WWTR1;DVL2;AMOT;STK4
prerank,Cellular Response To Chemical Stress R-HSA-9711123,-0.27573735169969193,-1.2596055708590495,0.09050279329608939,0.8650569011531296,1.0,95/166,42.61%,ATF4;FBXL17;PHGDH;CREBBP;NOTCH1;CDKN2A;HDAC3;SCO1;NCOR2;STAP2;BLVRB;NUDT2;GPX1;AKT2;TBL1XR1;SMARCD3;COX5B;SLC7A11;TXN2;NLRP3;TKT;COX6A1;GSTP1;TRIM21;PSMB1;HMOX2;PTK6;COX4I1;COX14;PRDX2;P4HB;PSMD4;SIN3B;SESN2;PSMD8;ABCC1;CCS;TBL1X;GSK3B;COX6C;MAFG;PRDX5;PSMB6;CSNK2B;COX7C;UBA52;RPS27A;AKT1;COX8A;PSMB9;MUL1;PSMC3;PRDX1;COX7A2L;NPLOC4;PSME1;PSMA7;PSMB10;PSMD11;COX7B;PSMB8;UBB;MAFK;IDH1;PSMB4;CARM1;PSMA4;BLVRA;PSMC4;COX6B1;SIN3A;HELZ2;UFD1;SQSTM1;PRKCD;NQO1;TALDO1;PSMD3;PSMC5;PSMA5;RXRA;VCP;PSMB2;PSMD9;TXNRD2;STAT3;COX19;UBC;MYC;COX20;PSME2;RBX1;SOD3;CYBA;GPX2
prerank,Formation Of Senescence-Associated Heterochromatin Foci (SAHF) R-HSA-2559584,-0.4286869918980724,-1.2598011723766718,0.19146005509641872,0.8729348920196665,1.0,11/17,43.39%,H1-3;H1-0;HMGA1;UBN1;HIRA;EP400;CABIN1;H1-4;TP53;LMNB1;H1-1
prerank,Post-chaperonin Tubulin Folding Pathway R-HSA-389977,-0.41210594314382554,-1.2622831828953212,0.17548746518105848,0.869282325813653,1.0,13/20,36.19%,TBCC;TUBA3D;TUBA3E;TUBA8;TUBB2B;TUBA1A;TUBB2A;TUBA4B;ARL2;TUBB3;TBCB;TUBA4A;TBCD
prerank,Activation Of HOX Genes During Differentiation R-HSA-5619507,-0.30991505596040486,-1.2663783609845576,0.11808118081180811,0.857840046008571,1.0,29/76,29.09%,H2AC7;HOXD3;HOXD4;CREBBP;HDAC3;YY1;HOXA3;RBBP4;POLR2E;KDM6A;RBBP5;H2BC13;HOXA2;EGR2;KMT2D;POLR2I;RARG;CNOT9;POLR2D;AJUBA;ZNF335;POLR2A;H2AX;POLR2G;HOXC4;H3-3B;MEIS1;H2AZ2;CTCF
prerank,"Plasma Lipoprotein Assembly, Remodeling, And Clearance R-HSA-174824",-0.3293915515473778,-1.2755026484621244,0.12656641604010024,0.8208362144608854,1.0,25/61,30.51%,APOC1;LCAT;PLTP;LSR;APOE;SCARB1;NR1H3;ANGPTL3;PCSK9;LDLRAP1;ANGPTL4;BMP1;NR1H2;LMF2;APOBR;ZDHHC8;P4HB;MYLIP;CUBN;UBA52;RPS27A;ABCA1;FURIN;CETP;UBB
prerank,Carboxyterminal Post-Translational Modifications Of Tubulin R-HSA-8955332,-0.3653110346290523,-1.2825164503276125,0.13125845737483086,0.7955009266944865,1.0,12/35,18.48%,VASH1;TUBA3D;TUBA3E;NICN1;AGBL3;TUBB2B;TTLL13;SVBP;TUBA1A;VASH2;TUBB2A;TTLL4
prerank,Transcriptional Regulation By AP-2 (TFAP2) Family Of Transcription Factors R-HSA-8864260,-0.3608765997152376,-1.2836138701460162,0.13279132791327913,0.7988666457219046,1.0,12/35,16.58%,TFAP2C;APOE;VEGFA;CREBBP;CITED4;YY1;NPM1;TFAP2E;TFAP2A;NOP2;KIT;WWOX
prerank,Class B/2 (Secretin Family Receptors) R-HSA-373080,-0.32297598767661256,-1.284319220711692,0.09902200488997555,0.8040598139963666,1.0,22/66,25.49%,WNT5A;WNT11;SMOX;CPAMD8;FZD2;UCN2;WNT7B;WNT2;WNT10A;GNG13;GNB3;ADM2;FZD10;PTCH1;PTHLH;GNB2;CRH;GNB5;C1QTNF1;WNT9A;CRHBP;WNT7A
prerank,"FOXO-mediated Transcription Of Oxidative Stress, Metabolic And Neuronal Genes R-HSA-9615017",-0.420909976176239,-1.284481722863821,0.14942528735632185,0.8121669604041827,1.0,5/20,7.15%,SREBF1;SMAD4;SIRT3;PLXNA4;PPARGC1A
prerank,Ca2+ Pathway R-HSA-4086398,-0.3311736654601841,-1.2897836872654616,0.11528497409326424,0.7947127643142583,1.0,12/59,11.58%,WNT5A;WNT11;TNRC6C;TCF7L1;FZD2;PDE6B;AXIN2;AGO4;GNG13;GNB3;PRKG1;PPP3CA
prerank,Phase I - Functionalization Of Compounds R-HSA-211945,-0.31315654833032036,-1.2906437838980471,0.10281517747858017,0.7994015365142436,1.0,38/83,34.31%,SMOX;CYP2R1;CYP24A1;ADH1B;CYP39A1;AHRR;CYP3A4;HSP90AB1;CYP51A1;TBXAS1;PTGES3;ADH7;ALDH3A1;AOC2;MTARC1;CYP27A1;ACSS1;CYP26B1;CYP4F3;AOC1;CYP46A1;ACSS2;POMC;ADH1C;FDX2;ADH1A;FDXR;CBR3;NQO2;CYP2J2;AURKAIP1;CYP4F11;CYB5B;PAOX;CYP4B1;FDX1;CES3;CYP1A1
prerank,Cholesterol Biosynthesis R-HSA-191273,-0.4007513294185705,-1.291825266976703,0.14542936288088643,0.8023393255786629,1.0,7/26,13.31%,LBR;SREBF1;TM7SF2;CYP51A1;DHCR24;MVD;SREBF2
prerank,RMTs Methylate Histone Arginines R-HSA-3214858,-0.3595412128171633,-1.2964337138554174,0.13054830287206268,0.7889711126230624,1.0,18/40,36.24%,H2AC7;ARID1B;DNMT3A;H2AC25;RPS2;PRMT3;SMARCD3;CDK4;PRMT7;PRMT5;PRMT6;SMARCD2;H2AX;H2AZ2;PRMT1;CARM1;ARID1A;WDR77
prerank,RUNX1 Interacts With Co-Factors Whose Precise Effect On RUNX1 Targets Is Not Known R-HSA-8939243,-0.37278316618118484,-1.301672653785606,0.12317880794701987,0.7730575379958117,1.0,10/33,24.14%,ARID1B;RING1;CBX2;CBX4;PHC2;SMARCD3;PHC1;CBX6;CSNK2B;SMARCD2
prerank,Abortive Elongation Of HIV-1 Transcript In Absence Of Tat R-HSA-167242,-0.41015348629885806,-1.3082230580291299,0.12311901504787962,0.7495840676771237,1.0,16/23,43.10%,NELFB;POLR2E;NELFA;GTF2F1;POLR2I;POLR2D;POLR2A;NELFCD;POLR2G;CTDP1;NELFE;POLR2H;SUPT5H;POLR2F;POLR2K;POLR2L
prerank,Signaling By NOTCH2 R-HSA-1980145,-0.3964101374259166,-1.3124623180539174,0.12534435261707988,0.7385023633483528,1.0,16/29,40.67%,MIB1;PSEN2;NEURL1;JAG1;MAML1;PSEN1;UBA52;RPS27A;DLL4;UBB;GATD3;DLL1;MIB2;APH1A;CNTN1;UBC
prerank,PKA-mediated Phosphorylation Of CREB R-HSA-111931,-0.44671854502109365,-1.315970102771518,0.13062409288824384,0.7304139549678895,1.0,7/18,28.94%,ADCY1;PRKAR2B;PRKAR1A;PRKX;ADCY6;PRKAR2A;ADCY8
prerank,Metabolism Of Amino Acids And Derivatives R-HSA-71291,-0.27138583286314083,-1.3184919885219932,0.014507772020725389,0.7272848209506652,1.0,164/331,39.90%,SMOX;PSAT1;RIMKLB;AMDHD1;SHMT1;PHGDH;MPST;AMT;CSAD;KYAT1;RPS2;ASNS;TYR;RPLP0;RPL8;ASS1;PSPH;ETHE1;PRODH;HSD17B10;RPL3;SQOR;GLUL;RPS10;RPS8;PYCR1;MARS1;RPS16;SLC7A5;RPL37;GRHPR;RPS15;RPL36;AZIN1;BCKDHA;RPL11;RPL36A;RPL5;TYRP1;OAZ1;EEFSEC;RPS4X;RPL28;RPL37A;SLC3A2;GSTZ1;PXMP2;CKMT2;RPS17;TXN2;AZIN2;RPSA;RPS27;RPL13A;RPL21;RPL18A;RPS15A;RPLP1;PSMB1;SCLY;HAAO;RPS3;RPL7A;NNMT;RPS9;RPS19;RPL29;NPRL2;RPL6;PDHA1;OAZ3;SLC6A8;PSMD4;SARS1;RPS6;PSMD8;RPS12;RPL18;LIPT2;RPL27A;OAZ2;AFMID;IVD;RPL22;RPS5;GPT2;BCAT2;RPL34;NAGS;PSMB6;NAALAD2;UBA52;RPS27A;RPLP2;RPL14;RPS25;RPS28;RPS14;RPL10A;FAU;RPL27;PSMB9;PSMC3;RPL35;QARS1;AHCY;GLDC;PSME1;ACAD8;RPL23;PSMA7;PCBD1;CKB;DUOX1;PSMB10;PSMD11;ASL;ECHS1;RPS11;GPT;SDSL;ACADSB;SERINC4;PSMB8;DUOX2;LARS1;RPS21;PSMB4;RPL36AL;RPL30;GAMT;PSMA4;PAOX;BCKDK;PSMC4;GCDH;OCA2;RPL38;FAH;RPL41;SLC25A10;GLS2;NMRAL1;PEMT;PYCR2;AIMP2;RPL4;KYNU;AASS;ATAT1;DHTKD1;SERINC5;RPS20;NQO1;RPL19;PSMD3;RPL32;PSMC5;VSIG2;PSMA5;ALDH6A1;PSMB2;PSMD9;RPS23
prerank,Regulation Of Signaling By CBL R-HSA-912631,-0.4417191328577368,-1.3187646194413074,0.1323943661971831,0.7348374603454353,1.0,9/18,34.53%,LYN;PIK3R2;GRB2;CLSTN1;RAPGEF1;PIK3CB;CRKL;PIK3R3;VAV1
prerank,ATF4 Activates Genes In Response To Endoplasmic Reticulum Stress R-HSA-380994,-0.4036328657756376,-1.319362738444933,0.12912087912087913,0.7411502166221225,1.0,12/26,27.66%,DDIT3;CEBPG;ATF4;ASNS;ATF3;EXOSC5;KHSRP;HERPUD1;DCP2;CEBPB;EXOSC7;EXOSC1
prerank,FOXO-mediated Transcription Of Cell Cycle Genes R-HSA-9617828,-0.45733395492297946,-1.3300631740208397,0.13220815752461323,0.6996191354175139,1.0,5/16,14.30%,CDKN1B;KLF4;SMAD4;BTG1;SMAD3
prerank,Gluconeogenesis R-HSA-70263,-0.4019956780500192,-1.3331038489952878,0.10242587601078167,0.694784503476784,1.0,17/27,42.16%,PROC;SLC37A4;ENO1;GAPDHS;SLC25A1;ALDOC;ALDOB;TPI1;ENO2;G6PC3;SLC25A11;SLC25A10;MDH2;SLC37A1;MDH1;ENO3;GNPDA1
prerank,RNA Polymerase II Transcription Termination R-HSA-73856,-0.34078097828024057,-1.342985769513082,0.07788944723618091,0.6600428083780124,1.0,35/65,35.28%,LSM11;SNRPD3;U2AF2;RNPS1;SNRPB;SRSF5;SNRPF;LSM10;SRSF3;SRSF9;CHTOP;EIF4A3;SRSF1;CPSF1;THOC6;SRSF6;NUDT21;SNRPG;SRSF11;SYMPK;CPSF7;ZNF473;U2AF1;SRSF4;DDX39B;THOC5;DDX39A;U2AF1L4;CPSF4;CPSF6;CASC3;UPF3B;FIP1L1;PABPN1;CSTF2
prerank,Signaling By ROBO Receptors R-HSA-376176,-0.290304912408064,-1.347382951169911,0.019845644983461964,0.6500961109152861,1.0,121/198,44.14%,COL4A5;ROBO2;RPS2;RPLP0;RPL8;ARHGAP39;RPL3;RPS10;RPS8;FLRT3;RNPS1;RPS16;EVL;ROBO3;RPL37;RPS15;NTN1;RPL36;RPL11;RPL36A;ABL1;RPL5;ELOB;RPS4X;RPL28;LHX9;RPL37A;RPS17;NRP1;RPSA;RPS27;RPL13A;RPL21;RPL18A;GPC1;RPS15A;RPLP1;PSMB1;EIF4A3;RPS3;RPL7A;RPS9;RPS19;RPL29;RPL6;PSMD4;RPS6;PSMD8;HOXA2;RPS12;RPL18;RPL27A;RPL22;RPS5;RPL34;PSMB6;UBA52;RPS27A;RPLP2;RPL14;RPS25;RPS28;RPS14;ZSWIM8;RPL10A;FAU;RPL27;PSMB9;PSMC3;RPL35;BUB1B-PAK6;PSME1;RPL23;PSMA7;PRKAR2A;PSMB10;PSMD11;RPS11;PABPC1;PSMB8;PFN2;UBB;RPS21;PSMB4;RPL36AL;RPL30;CASC3;PSMA4;UPF3B;PSMC4;RPL38;RPL41;DAG1;RPL4;LHX4;RPS20;RPL19;PSMD3;RPL32;PSMC5;PSMA5;PKN1;PSMB2;LHX2;ARHGEF7;SLIT3;PSMD9;RPS23;UBC;RPL23A;PSME2;RBX1;RPL26;DCC;RPL31;RSL24D1;MAGOH;PSMB5;PSMD13;ABL2;TMPRSS4
prerank,PKA Activation In Glucagon Signaling R-HSA-164378,-0.4869675530696913,-1.3582339630701692,0.08836524300441827,0.6110557402661738,1.0,6/15,28.94%,ADCY1;PRKAR2B;PRKAR1A;ADCY6;PRKAR2A;ADCY8
prerank,NOTCH3 Activation And Transmission Of Signal To Nucleus R-HSA-9013507,-0.4271895174657764,-1.3585328562424603,0.09847434119278779,0.6182991390674115,1.0,17/25,40.67%,MIB1;PSEN2;NEURL1;JAG1;NOTCH3;EGF;PSEN1;UBA52;RPS27A;YBX1;DLL4;UBB;DLL1;MIB2;APH1A;TACC3;UBC
prerank,Transcriptional Regulation Of White Adipocyte Differentiation R-HSA-381340,-0.33119982358484507,-1.3614112395796092,0.06746987951807229,0.6149708220733953,1.0,31/79,24.38%,PPARG;SREBF1;MED24;CEBPA;MED28;KLF4;MED10;ZNF467;CREBBP;MED30;PPARGC1A;HDAC3;NCOR2;MED26;MED22;RELA;ANGPTL4;TBL1XR1;SMARCD3;SREBF2;CEBPD;MED19;CDK4;EGR2;MED18;MED27;TBL1X;MED16;MED4;MED12;CEBPB
prerank,Deactivation Of Beta-Catenin Transactivating Complex R-HSA-3769402,-0.37999160150295136,-1.363004942872159,0.08152173913043478,0.616960685508894,1.0,18/40,31.63%,TCF7L1;CTBP1;SOX2;PROC;MEN1;AKT2;SOX6;RBBP5;BCL9;KMT2D;BCL9L;UBA52;RPS27A;TLE2;AKT1;TLE3;UBB;CTNNB1
prerank,Constitutive Signaling By NOTCH1 HD+PEST Domain Mutants R-HSA-2894862,-0.34937349866262585,-1.363016439783043,0.07015306122448979,0.6257437433909059,1.0,24/57,25.59%,MIB1;HDAC7;HDAC4;PSEN2;CREBBP;NOTCH1;NEURL1;HEY2;HDAC3;NCOR2;HDAC11;HEY1;HDAC6;JAG1;TBL1XR1;MAML1;KAT2A;HDAC9;TBL1X;PSEN1;UBA52;RPS27A;SNW1;HDAC8
prerank,Cytoprotection By HMOX1 R-HSA-9707564,-0.3603697360194143,-1.3667740669373474,0.07187894073139975,0.6188319974661947,1.0,29/52,35.43%,CREBBP;HDAC3;SCO1;NCOR2;STAP2;BLVRB;TBL1XR1;SMARCD3;COX5B;NLRP3;COX6A1;HMOX2;PTK6;COX4I1;COX14;SIN3B;ABCC1;TBL1X;COX6C;COX7C;COX8A;COX7A2L;COX7B;MAFK;CARM1;BLVRA;COX6B1;SIN3A;HELZ2
prerank,HSF1-dependent Transactivation R-HSA-3371571,-0.3914292309846753,-1.3682134235979224,0.09153005464480875,0.6215241348566215,1.0,16/33,33.27%,HSPA2;TNFRSF21;CREBBP;HSP90AB1;PTGES3;HSF1;HSPA1B;HSPA1A;DEDD2;SERPINH1;MLST8;CAMK2G;HSBP1;UBB;DNAJB1;FKBP4
prerank,EPH-ephrin Mediated Repulsion Of Cells R-HSA-3928665,-0.37193757633043084,-1.3682866498778035,0.06282722513089005,0.6304375023016745,1.0,12/44,16.46%,EFNB1;VAV2;EPHB3;EFNB2;PSEN2;LYN;EPHB2;EPHB4;EPHB6;EFNA3;EFNA1;EFNA4
prerank,Collagen Degradation R-HSA-1442490,-0.394556413096769,-1.3881293316953296,0.07397622192866579,0.5564877004090962,1.0,9/35,15.78%,COL18A1;COL14A1;ELANE;COL23A1;COL25A1;CTSL;CTSD;MMP15;COL9A2
prerank,Signaling By Non-Receptor Tyrosine Kinases R-HSA-9006927,-0.37506811586647043,-1.3890723745129236,0.061146496815286625,0.5614162848078956,1.0,24/49,30.51%,SOCS3;CDKN1B;KHDRBS3;EPAS1;STAP2;NRG2;BCAR1;ARAP1;PTK6;EGF;CDK4;HRAS;LRRK2;CDK2;KHDRBS1;UBA52;RPS27A;AKT1;EREG;PTPN1;SYNGAP1;ELMO2;PELP1;UBB
prerank,Chondroitin Sulfate Biosynthesis R-HSA-2022870,-0.4711384515585089,-1.3925924122897906,0.08959537572254335,0.5567048709023616,1.0,12/17,38.13%,CHST15;CSPG4;CSGALNACT2;CHSY1;DCN;BGN;CSPG5;CHST12;CHPF;BCAN;CSGALNACT1;CHPF2
prerank,RUNX2 Regulates Osteoblast Differentiation R-HSA-8940973,-0.44303763282914393,-1.4012680151477963,0.07260273972602739,0.5301503936082717,1.0,7/23,13.07%,ZNF521;HEY2;HDAC3;WWTR1;HEY1;HDAC6;ABL1
prerank,NOTCH4 Intracellular Domain Regulates Transcription R-HSA-9013695,-0.47276737781613876,-1.401619053176219,0.07692307692307693,0.537443232856152,1.0,10/18,32.42%,CREBBP;NOTCH1;HEY2;HEY1;MAML1;SMAD3;KAT2A;SNW1;GATD3;ACTA2
prerank,NCAM Signaling For Neurite Out-Growth R-HSA-375165,-0.37212803946186684,-1.402105967498853,0.05721716514954486,0.544283097476554,1.0,15/51,15.78%,COL6A1;CNTN2;COL6A3;COL4A5;FGFR1;ST8SIA2;RPS6KA5;PSPN;COL6A2;ARTN;PRNP;SPTBN2;AGRN;NCAM1;COL9A2
prerank,rRNA Processing R-HSA-72312,-0.3069555614526487,-1.4026248258129956,0.015469613259668509,0.551160145693808,1.0,83/193,29.32%,GNL3;CSNK1E;RPS2;RPLP0;RPL8;HSD17B10;RPL3;RPS10;RPS8;DDX49;RPS16;RPP21;RPL37;RPS15;XRN2;BYSL;FBL;RPL36;RPL11;RPL36A;RPL5;RRP7A;NOP2;RPS4X;RPL28;WDR18;RPL37A;TSR3;RPS17;NHP2;BUD23;RPSA;RPS27;TBL3;RPL13A;RPL21;RPL18A;RPS15A;RPLP1;RPS3;RPL7A;EXOSC5;RPS9;RPS19;RPL29;RPL6;RPS6;RPS12;RPL18;RPL27A;MTERF4;RPL22;RPS5;DHX37;RPL34;NOB1;UBA52;RPS27A;RPLP2;RPL14;EXOSC7;SNU13;RPS25;RPS28;RPS14;RCL1;RPL10A;FAU;RPL27;RPL35;WDR46;DDX56;RPL23;TFB1M;EXOSC1;CSNK1D;RPP25;RPS11;RRP1B;UTP11;RRP36;PELP1;EMG1
prerank,Translation R-HSA-72766,-0.2969967284379243,-1.4062598785142009,0.006382978723404255,0.5468579843831213,1.0,137/274,38.78%,EIF3F;EIF2B4;MRPS25;MRPS27;RPS2;EIF4EBP1;EIF2S3;RPLP0;RPL8;GADD45GIP1;MRPL52;RPL3;MRPS6;RPS10;RPS8;EEF2;MRPS26;MARS1;RPS16;RPL37;RPS15;SSR2;MRPS34;RPL36;MRPL20;RPL11;RPL36A;RPL5;MRPS18B;VARS2;MRPL46;RPS4X;RPL28;RPL37A;EIF4B;RPS17;MRPL57;SARS2;RPSA;RPS27;EIF4A1;RPL13A;RPL21;RPL18A;DDOST;RPS15A;RPLP1;ERAL1;TARS1;CARS2;MRPL55;MRPS11;RPS3;RPL7A;RPS9;YARS1;RPS19;RPL29;MRPS2;RPL6;SARS1;RPS6;MRPL38;SSR4;RPS12;RPL18;RPL27A;RPL22;MRPS16;RPS5;EIF3K;EIF3I;MRPL53;RPL34;TUFM;SEC61B;EIF3G;EEF1D;MRPL14;UBA52;RPS27A;RPLP2;RPL14;RPS25;RPS28;MRPL4;RPS14;DLGAP3;RPL10A;FAU;MRRF;RPL27;AARS1;RPL35;MRPL23;QARS1;EEF1G;RPL23;MRPL10;MRPL11;FARSA;WARS1;RPS11;MRPS5;PABPC1;MRPL34;LARS2;MRPS17;LARS1;RPS21;AURKAIP1;RPL36AL;RPL30;APEH;MRPL54;RPN2;MRPS35;RPL38;EIF2B2;MRPS24;RPL41;EARS2;PARS2;MRPL44;EIF2B5;FARS2;AIMP2;RPL4;EIF4H;CARS1;MRPL49;RPS20;MRPL1;RPL19;EEF1A1;RPL32;EIF3D
prerank,FGFR2 Alternative Splicing R-HSA-6803529,-0.4342372272274858,-1.409833553340278,0.06933333333333333,0.541482199506521,1.0,11/26,25.45%,HNRNPH1;RBFOX2;TIA1;PTBP1;HNRNPF;POLR2E;GTF2F1;POLR2I;POLR2D;POLR2A;POLR2G
prerank,Signaling By PDGF R-HSA-186797,-0.37398934057475164,-1.4099768182540444,0.06088082901554404,0.550429537007835,1.0,27/51,33.63%,COL6A1;COL6A3;COL4A5;PLAT;PDGFB;THBS4;COL6A2;PIK3R2;BCAR1;COL9A2;PDGFRB;GRB2;GRB7;HRAS;PDGFA;STAT5B;THBS3;CXXC1;SYNGAP1;FURIN;RAPGEF1;THBS2;PIK3CB;PLCG1;COL9A3;CRKL;PDGFD
prerank,Signaling By NOTCH3 R-HSA-9012852,-0.3827549529635999,-1.4148777871682332,0.050913838120104436,0.5409133768064858,1.0,28/46,40.67%,MIB1;PSEN2;CREBBP;NOTCH1;NEURL1;HEY2;HEY1;JAG1;NOTCH3;MAML1;KAT2A;EGF;PSEN1;UBA52;RPS27A;SNW1;YBX1;DLL4;UBB;GATD3;IKZF1;DLL1;MIB2;APH1A;PLXND1;HEYL;TACC3;UBC
prerank,Constitutive Signaling By NOTCH1 HD Domain Mutants R-HSA-2691232,-0.5019025218515695,-1.4276896543885458,0.08394698085419734,0.5012194699907072,1.0,10/15,35.82%,MIB1;NOTCH1;NEURL1;JAG1;UBA52;RPS27A;DLL4;UBB;DLL1;MIB2
prerank,Signaling By NOTCH1 R-HSA-1980143,-0.3548202671009406,-1.4295695475747148,0.034571062740076826,0.5037963942088017,1.0,31/71,26.85%,MIB1;ARRB2;HDAC7;HDAC4;PSEN2;CREBBP;NOTCH1;NEURL1;HEY2;HDAC3;NCOR2;HDAC11;HEY1;HDAC6;DTX4;JAG1;TBL1XR1;MAML1;DTX2;KAT2A;HDAC9;DTX1;TBL1X;PSEN1;UBA52;RPS27A;ARRB1;TLE2;SNW1;HDAC8;TLE3
prerank,rRNA Processing In Nucleus And Cytosol R-HSA-8868773,-0.3154841296297009,-1.4328536136877355,0.012276785714285714,0.500611195722295,1.0,85/184,31.96%,GNL3;CSNK1E;RPS2;RPLP0;RPL8;RPL3;RPS10;RPS8;DDX49;RPS16;RPP21;RPL37;RPS15;XRN2;BYSL;FBL;RPL36;RPL11;RPL36A;RPL5;RRP7A;NOP2;RPS4X;RPL28;WDR18;RPL37A;TSR3;RPS17;NHP2;BUD23;RPSA;RPS27;TBL3;RPL13A;RPL21;RPL18A;RPS15A;RPLP1;RPS3;RPL7A;EXOSC5;RPS9;RPS19;RPL29;RPL6;RPS6;RPS12;RPL18;RPL27A;RPL22;RPS5;DHX37;RPL34;NOB1;UBA52;RPS27A;RPLP2;RPL14;EXOSC7;SNU13;RPS25;RPS28;RPS14;RCL1;RPL10A;FAU;RPL27;RPL35;WDR46;DDX56;RPL23;EXOSC1;CSNK1D;RPP25;RPS11;RRP1B;UTP11;RRP36;PELP1;EMG1;UTP14A;RPS21;RPL36AL;PES1;RPL30
prerank,Major Pathway Of rRNA Processing In Nucleolus And Cytosol R-HSA-6791226,-0.3165693127752943,-1.4333685800788996,0.011185682326621925,0.5082568260079715,1.0,82/174,31.96%,GNL3;CSNK1E;RPS2;RPLP0;RPL8;RPL3;RPS10;RPS8;DDX49;RPS16;RPP21;RPL37;RPS15;XRN2;BYSL;FBL;RPL36;RPL11;RPL36A;RPL5;RRP7A;RPS4X;RPL28;WDR18;RPL37A;RPS17;BUD23;RPSA;RPS27;TBL3;RPL13A;RPL21;RPL18A;RPS15A;RPLP1;RPS3;RPL7A;EXOSC5;RPS9;RPS19;RPL29;RPL6;RPS6;RPS12;RPL18;RPL27A;RPL22;RPS5;DHX37;RPL34;NOB1;UBA52;RPS27A;RPLP2;RPL14;EXOSC7;SNU13;RPS25;RPS28;RPS14;RCL1;RPL10A;FAU;RPL27;RPL35;WDR46;DDX56;RPL23;EXOSC1;CSNK1D;RPP25;RPS11;RRP1B;UTP11;RRP36;PELP1;EMG1;UTP14A;RPS21;RPL36AL;PES1;RPL30
prerank,Regulation Of MECP2 Expression And Activity R-HSA-9022692,-0.42124241794198597,-1.4358282730834326,0.06027397260273973,0.5085978698846476,1.0,15/30,36.83%,LBR;TNRC6C;CAMK4;HDAC3;NCOR2;AGO4;TBL1XR1;TBL1X;AGO2;CAMK2G;AGO1;MOV10;SIN3A;AGO3;TNRC6A
prerank,Ephrin Signaling R-HSA-3928664,-0.48070923675518695,-1.451126548827335,0.05815602836879433,0.46257095523440256,1.0,6/18,12.73%,EFNB1;EPHB3;EFNB2;EPHB2;EPHB4;EPHB6
prerank,RUNX2 Regulates Bone Development R-HSA-8941326,-0.43664289853183136,-1.4626943234977599,0.04491413474240423,0.4331673296742031,1.0,9/29,13.07%,ZNF521;SMAD4;HDAC4;HEY2;HDAC3;WWTR1;HEY1;HDAC6;ABL1
prerank,TP53 Regulates Transcription Of Genes Involved In Cytochrome C Release R-HSA-6803204,-0.4903088273232229,-1.4682792493783738,0.04985754985754986,0.4225439871930443,1.0,8/20,20.30%,PMAIP1;CREBBP;STEAP3;BBC3;BID;TP73;ZNF420;AIFM2
prerank,Transcriptional Regulation Of Pluripotent Stem Cells R-HSA-452723,-0.48484136689860563,-1.4695234065053966,0.05517241379310345,0.42711922243304656,1.0,7/21,7.39%,HHEX;KLF4;SMAD4;EPAS1;SALL1;NANOG;SOX2
prerank,Tight Junction Interactions R-HSA-420029,-0.462306039722127,-1.4696659393515021,0.03983516483516483,0.4359222080887649,1.0,11/23,24.67%,PARD6G;CLDN15;CLDN7;PARD6B;CLDN4;CLDN20;CRB3;CLDN11;PARD6A;CLDN18;PARD3
prerank,Signaling By NTRK3 (TRKC) R-HSA-9034015,-0.509641419491506,-1.470218706115815,0.06376811594202898,0.44365354639094506,1.0,7/16,20.94%,IRS1;PTPRU;PTPRS;NTF3;NELFB;GRB2;HRAS
prerank,mRNA Splicing - Minor Pathway R-HSA-72165,-0.39782520489132567,-1.4822552760551189,0.026854219948849106,0.4125602428942225,1.0,32/49,43.10%,SF3B5;SNRPD3;ZMAT5;SNRPB;SNRPF;POLR2E;SRSF1;ZRSR2;SRSF6;GTF2F1;SNRPD2;POLR2I;SNRPG;SNRNP25;SNRNP40;POLR2D;POLR2A;POLR2G;YBX1;EFTUD2;TXNL4A;PRPF6;SF3B2;SF3B4;POLR2H;SNRNP200;DDX23;POLR2F;DDX42;SNRNP48;POLR2K;POLR2L
prerank,Influenza Infection R-HSA-168255,-0.33379402843829564,-1.5064761397996358,0.005537098560354375,0.34717225041191563,1.0,66/153,26.17%,GNL3;PARP1;RPS2;NUP42;RPLP0;RPL8;RPL3;ISG15;RPS10;RPS8;RPS16;RPL37;RPS15;RPL36;RPL11;RPL36A;RPL5;POLR2E;RPS4X;RPL28;RPL37A;RPS17;RPSA;RPS27;RPL13A;RPL21;RPL18A;RPS15A;RPLP1;RPS3;RPL7A;HSPA1A;SEH1L;RPS9;RPS19;RPL29;SLC25A6;RPL6;RPS6;RPS12;RPL18;GTF2F1;KPNA7;RPL27A;RPL22;POLR2I;RPS5;KPNA2;RPL34;KPNB1;POLR2D;POM121;UBA52;POLR2A;RPS27A;RPLP2;RPL14;RPS25;RPS28;NUP62;RPS14;RPL10A;POLR2G;FAU;RPL27;RPL35
prerank,NOTCH2 Activation And Transmission Of Signal To Nucleus R-HSA-2979096,-0.49873649873311987,-1.5076567411830493,0.04428571428571428,0.3518094230995183,1.0,14/21,40.67%,MIB1;PSEN2;NEURL1;JAG1;PSEN1;UBA52;RPS27A;DLL4;UBB;DLL1;MIB2;APH1A;CNTN1;UBC
prerank,mRNA Splicing R-HSA-72172,-0.3294432858423455,-1.5250059311168391,0.001091703056768559,0.31295477015397577,1.0,92/187,35.55%,PCBP1;ELAVL1;SF3A2;HNRNPH1;PRPF19;SF3B5;SNRPD3;HNRNPR;U2AF2;PCBP2;SNRPN;SF1;RNPS1;ZMAT5;SNRPB;CHERP;PTBP1;HNRNPF;SRSF5;LSM8;RBMX;SNRPF;SRSF3;POLR2E;PPIE;CTNNBL1;SRSF9;PRPF31;HNRNPK;EIF4A3;LSM2;PRPF3;SRSF1;SRRT;CPSF1;HNRNPL;ZRSR2;SUGP1;SRSF6;GTF2F1;SNRPD2;LSM7;POLR2I;NUDT21;SART1;SNRPG;ELAVL2;HNRNPH2;SRSF11;XAB2;SNRNP25;SNRNP40;POLR2D;SYMPK;CPSF7;HNRNPUL1;POLR2A;SNW1;SNU13;LSM4;POLR2G;YBX1;HNRNPC;PPIH;BUD31;U2AF1;SRSF4;EFTUD2;SNRNP70;PQBP1;TXNL4A;CD2BP2;U2AF1L4;DHX16;RBM42;SNRPA;CPSF4;SNRPC;SRRM2;CPSF6;CASC3;PRPF6;UPF3B;SF3B2;FIP1L1;HNRNPD;SF3B4;PABPN1;POLR2H;PRCC;CSTF2;SNRNP200
prerank,mRNA Splicing - Major Pathway R-HSA-72163,-0.33240531258281625,-1.53528254926938,0.003264417845484222,0.29210318998942547,1.0,89/179,35.55%,PCBP1;ELAVL1;SF3A2;HNRNPH1;PRPF19;SF3B5;SNRPD3;HNRNPR;U2AF2;PCBP2;SNRPN;SF1;RNPS1;SNRPB;CHERP;PTBP1;HNRNPF;SRSF5;LSM8;RBMX;SNRPF;SRSF3;POLR2E;PPIE;CTNNBL1;SRSF9;PRPF31;HNRNPK;EIF4A3;LSM2;PRPF3;SRSF1;SRRT;CPSF1;HNRNPL;SUGP1;SRSF6;GTF2F1;SNRPD2;LSM7;POLR2I;NUDT21;SART1;SNRPG;ELAVL2;HNRNPH2;SRSF11;XAB2;SNRNP40;POLR2D;SYMPK;CPSF7;HNRNPUL1;POLR2A;SNW1;SNU13;LSM4;POLR2G;YBX1;HNRNPC;PPIH;BUD31;U2AF1;SRSF4;EFTUD2;SNRNP70;PQBP1;TXNL4A;CD2BP2;U2AF1L4;DHX16;RBM42;SNRPA;CPSF4;SNRPC;SRRM2;CPSF6;CASC3;PRPF6;UPF3B;SF3B2;FIP1L1;HNRNPD;SF3B4;PABPN1;POLR2H;PRCC;CSTF2;SNRNP200
prerank,WNT Ligand Biogenesis And Trafficking R-HSA-3238698,-0.4880009527772913,-1.5353955691135603,0.029411764705882353,0.29939119510497725,1.0,5/21,9.40%,WNT5A;WNT11;WNT7B;WNT2;WNT10A
prerank,FOXO-mediated Transcription R-HSA-9614085,-0.39925545826870357,-1.5387442255635408,0.013681592039800995,0.2986080552102851,1.0,16/53,16.23%,SREBF1;DDIT3;CDKN1B;KLF4;SMAD4;SIRT3;CREBBP;PLXNA4;PPARGC1A;BTG1;BBC3;AKT2;BCL2L11;SMAD3;TXN2;STK11
prerank,Regulation Of Expression Of SLITs And ROBOs R-HSA-9010553,-0.3461962264187153,-1.579426721078181,0.0011312217194570137,0.2135803904009755,1.0,106/158,44.06%,COL4A5;ROBO2;RPS2;RPLP0;RPL8;RPL3;RPS10;RPS8;RNPS1;RPS16;ROBO3;RPL37;RPS15;RPL36;RPL11;RPL36A;RPL5;ELOB;RPS4X;RPL28;LHX9;RPL37A;RPS17;RPSA;RPS27;RPL13A;RPL21;RPL18A;RPS15A;RPLP1;PSMB1;EIF4A3;RPS3;RPL7A;RPS9;RPS19;RPL29;RPL6;PSMD4;RPS6;PSMD8;HOXA2;RPS12;RPL18;RPL27A;RPL22;RPS5;RPL34;PSMB6;UBA52;RPS27A;RPLP2;RPL14;RPS25;RPS28;RPS14;ZSWIM8;RPL10A;FAU;RPL27;PSMB9;PSMC3;RPL35;PSME1;RPL23;PSMA7;PSMB10;PSMD11;RPS11;PABPC1;PSMB8;UBB;RPS21;PSMB4;RPL36AL;RPL30;CASC3;PSMA4;UPF3B;PSMC4;RPL38;RPL41;DAG1;RPL4;LHX4;RPS20;RPL19;PSMD3;RPL32;PSMC5;PSMA5;PSMB2;LHX2;SLIT3;PSMD9;RPS23;UBC;RPL23A;PSME2;RBX1;RPL26;RPL31;RSL24D1;MAGOH;PSMB5;PSMD13
prerank,NR1H3 And NR1H2 Regulate Gene Expression Linked To Cholesterol Transport And Efflux R-HSA-9029569,-0.4452670699680728,-1.5811904031593795,0.017264276228419653,0.21633298084831395,1.0,25/35,45.04%,TNRC6C;APOC1;PLTP;APOE;HDAC3;NCOR2;NR1H3;AGO4;TBL1XR1;NR1H2;TBL1X;AGO2;ABCA1;CETP;KDM4A;AGO1;MOV10;AGO3;TNRC6A;EEPD1;RXRA;APOC2;GPS2;RXRB;NCOR1
prerank,SUMOylation Of Transcription Cofactors R-HSA-3899300,-0.43259890552304325,-1.5873633463789063,0.01034928848641656,0.20975678533662317,0.997,14/41,15.76%,RING1;CTBP1;CBX2;CREBBP;PPARGC1A;NCOR2;CBX4;PHC2;PIAS4;NPM1;SAFB;PHC1;UHRF2;TRIM28
prerank,Influenza Viral RNA Transcription And Replication R-HSA-168273,-0.3602908613434791,-1.597732528895151,0.0011325028312570782,0.19666953492711856,0.996,60/133,26.17%,GNL3;PARP1;RPS2;NUP42;RPLP0;RPL8;RPL3;RPS10;RPS8;RPS16;RPL37;RPS15;RPL36;RPL11;RPL36A;RPL5;POLR2E;RPS4X;RPL28;RPL37A;RPS17;RPSA;RPS27;RPL13A;RPL21;RPL18A;RPS15A;RPLP1;RPS3;RPL7A;SEH1L;RPS9;RPS19;RPL29;RPL6;RPS6;RPS12;RPL18;GTF2F1;RPL27A;RPL22;POLR2I;RPS5;RPL34;POLR2D;POM121;UBA52;POLR2A;RPS27A;RPLP2;RPL14;RPS25;RPS28;NUP62;RPS14;RPL10A;POLR2G;FAU;RPL27;RPL35
prerank,CRMPs In Sema3A Signaling R-HSA-399956,-0.5744978445599427,-1.6143599134598479,0.019316493313521546,0.17240287969579474,0.991,9/15,27.80%,PLXNA4;DPYSL3;DPYSL4;NRP1;CDK5R1;GSK3B;DPYSL2;PLXNA1;PLXNA3
prerank,Collagen Formation R-HSA-1474290,-0.39403595616020665,-1.6246826233128981,0.0011890606420927466,0.16097517183644694,0.987,30/86,19.94%,COL18A1;COL27A1;COL6A1;COL14A1;COL8A2;COL21A1;COL6A3;COL7A1;COL4A5;PCOLCE;COL23A1;COL25A1;COL5A3;CTSL;LOXL2;LOXL1;COL6A2;PLEC;LOXL4;ADAMTS3;BMP1;COL9A2;COL28A1;P4HB;COL5A1;PLOD3;SERPINH1;P3H1;P4HA1;P3H3
prerank,Activated NOTCH1 Transmits Signal To Nucleus R-HSA-2122948,-0.496447131315371,-1.6358159384289657,0.011111111111111112,0.14823314041411306,0.982,20/29,40.67%,MIB1;ARRB2;PSEN2;NOTCH1;NEURL1;DTX4;JAG1;DTX2;DTX1;PSEN1;UBA52;RPS27A;ARRB1;DLL4;UBB;DLL1;MIB2;APH1A;CNTN1;UBC
prerank,NR1H2 And NR1H3-mediated Signaling R-HSA-9024446,-0.4480574430931164,-1.6456601859310767,0.008985879332477536,0.13941193749265657,0.974,25/42,36.98%,SREBF1;SCD;TNRC6C;APOC1;PLTP;APOE;HDAC3;NCOR2;NR1H3;AGO4;ANGPTL3;TBL1XR1;NR1H2;TBL1X;AGO2;MYLIP;FASN;ABCA1;CETP;KDM4A;AGO1;MOV10;AGO3;TNRC6A;EEPD1
prerank,NCAM1 Interactions R-HSA-419037,-0.48488587881903755,-1.6596869800316354,0.013736263736263736,0.12568910821290097,0.956,12/31,15.78%,COL6A1;CNTN2;COL6A3;COL4A5;ST8SIA2;PSPN;COL6A2;ARTN;PRNP;AGRN;NCAM1;COL9A2
prerank,Attenuation Phase R-HSA-3371568,-0.5279372960393823,-1.6746136341859545,0.00430416068866571,0.11116496298907297,0.933,14/23,33.27%,HSPA2;TNFRSF21;CREBBP;HSP90AB1;PTGES3;HSF1;HSPA1B;HSPA1A;DEDD2;SERPINH1;HSBP1;UBB;DNAJB1;FKBP4
prerank,Assembly Of Collagen Fibrils And Other Multimeric Structures R-HSA-2022090,-0.4394120034934042,-1.6761830677732381,0.0012610340479192938,0.11337406493557356,0.929,17/55,15.78%,COL18A1;COL27A1;COL6A1;COL8A2;COL6A3;COL7A1;COL4A5;PCOLCE;COL5A3;CTSL;LOXL2;LOXL1;COL6A2;PLEC;LOXL4;BMP1;COL9A2
prerank,Collagen Biosynthesis And Modifying Enzymes R-HSA-1650814,-0.4268803284957627,-1.678463959981329,0.0048543689320388345,0.1148999484829587,0.928,25/64,19.94%,COL18A1;COL27A1;COL6A1;COL14A1;COL8A2;COL21A1;COL6A3;COL7A1;COL4A5;PCOLCE;COL23A1;COL25A1;COL5A3;COL6A2;ADAMTS3;BMP1;COL9A2;COL28A1;P4HB;COL5A1;PLOD3;SERPINH1;P3H1;P4HA1;P3H3
prerank,Selenoamino Acid Metabolism R-HSA-2408522,-0.389597502440336,-1.7013563155906184,0.0011737089201877935,0.09390807190694396,0.882,56/110,27.15%,RPS2;RPLP0;RPL8;RPL3;RPS10;RPS8;MARS1;RPS16;RPL37;RPS15;RPL36;RPL11;RPL36A;RPL5;EEFSEC;RPS4X;RPL28;RPL37A;RPS17;RPSA;RPS27;RPL13A;RPL21;RPL18A;RPS15A;RPLP1;SCLY;RPS3;RPL7A;NNMT;RPS9;RPS19;RPL29;RPL6;SARS1;RPS6;RPS12;RPL18;RPL27A;RPL22;RPS5;RPL34;UBA52;RPS27A;RPLP2;RPL14;RPS25;RPS28;RPS14;RPL10A;FAU;RPL27;RPL35;QARS1;AHCY;RPL23
prerank,Metabolism Of Folate And Pterines R-HSA-196757,-0.6152173459137045,-1.7482111741513304,0.002828854314002829,0.057333010222065564,0.738,8/15,16.99%,SLC19A1;DHFR2;SHMT1;MTHFD2;SHMT2;FPGS;SLC46A1;MTHFR
prerank,Cellular Response To Starvation R-HSA-9711097,-0.40389200437627204,-1.808812718110799,0.0,0.029399549432192605,0.495,76/149,27.31%,DDIT3;CEBPG;ATF4;WDR24;KPTN;RPS2;EIF2S3;ASNS;RPLP0;RPL8;CASTOR1;ATF3;RPL3;RPS10;RPS8;RPS16;NPRL3;ATP6V0E2;RPL37;RPS15;RPL36;RPL11;RPL36A;RPL5;RPS4X;RPL28;RPL37A;ATP6V1B1;RPS17;TRIB3;LAMTOR5;RPSA;RPS27;RPL13A;RPL21;RPL18A;RPS15A;RPLP1;RPS3;RPL7A;SEH1L;RPS9;RPS19;RPL29;NPRL2;RPL6;WDR59;RPS6;SESN2;RPS12;RPL18;MLST8;RPL27A;RPL22;RPS5;RPL34;UBA52;RPS27A;RPLP2;CEBPB;RPL14;LAMTOR4;ATP6V0D1;RPS25;RPS28;RPS14;RPL10A;FAU;ATP6V1F;RPL27;ATP6V1G1;SZT2;RPL35;ITFG2;RPL23;MIOS
prerank,SUMOylation Of DNA Methylation Proteins R-HSA-4655427,-0.630607675077202,-1.820922222996492,0.0029585798816568047,0.026084852757394174,0.441,6/15,15.07%,RING1;DNMT3A;CBX2;CBX4;PHC2;PHC1
prerank,Collagen Chain Trimerization R-HSA-8948216,-0.5067791710306758,-1.8230681111356293,0.0,0.026713664669251555,0.431,13/41,9.79%,COL18A1;COL27A1;COL6A1;COL14A1;COL8A2;COL21A1;COL6A3;COL7A1;COL4A5;COL23A1;COL25A1;COL5A3;COL6A2
prerank,Notch-HLH Transcription Pathway R-HSA-350054,-0.5581613645206704,-1.8624410044364634,0.0,0.0165290800140994,0.294,16/28,25.59%,HDAC7;HDAC4;CREBBP;NOTCH1;HDAC3;NCOR2;HDAC11;HDAC6;TBL1XR1;NOTCH3;MAML1;KAT2A;HDAC9;TBL1X;SNW1;HDAC8
prerank,Translation Initiation Complex Formation R-HSA-72649,-0.4891322674830545,-1.8711430107038707,0.0,0.015214737584178989,0.267,30/56,29.06%,EIF3F;RPS2;EIF2S3;RPS10;RPS8;RPS16;RPS15;RPS4X;EIF4B;RPS17;RPSA;RPS27;EIF4A1;RPS15A;RPS3;RPS9;RPS19;RPS6;RPS12;RPS5;EIF3K;EIF3I;EIF3G;RPS27A;RPS25;RPS28;RPS14;FAU;RPS11;PABPC1
prerank,Ribosomal Scanning And Start Codon Recognition R-HSA-72702,-0.49402421168389876,-1.874462993204942,0.0,0.015582971057063407,0.26,28/56,25.55%,EIF3F;RPS2;EIF2S3;RPS10;RPS8;RPS16;RPS15;RPS4X;EIF4B;RPS17;RPSA;RPS27;EIF4A1;RPS15A;RPS3;RPS9;RPS19;RPS6;RPS12;RPS5;EIF3K;EIF3I;EIF3G;RPS27A;RPS25;RPS28;RPS14;FAU
prerank,SRP-dependent Cotranslational Protein Targeting To Membrane R-HSA-1799339,-0.4405560865737676,-1.8991190638459845,0.0,0.01199589458624479,0.2,53/106,27.15%,RPS2;RPLP0;RPL8;RPL3;RPS10;RPS8;RPS16;RPL37;RPS15;SSR2;RPL36;RPL11;RPL36A;RPL5;RPS4X;RPL28;RPL37A;RPS17;RPSA;RPS27;RPL13A;RPL21;RPL18A;DDOST;RPS15A;RPLP1;RPS3;RPL7A;RPS9;RPS19;RPL29;RPL6;RPS6;SSR4;RPS12;RPL18;RPL27A;RPL22;RPS5;RPL34;SEC61B;UBA52;RPS27A;RPLP2;RPL14;RPS25;RPS28;RPS14;RPL10A;FAU;RPL27;RPL35;RPL23
prerank,Response Of EIF2AK1 (HRI) To Heme Deficiency R-HSA-9648895,-0.6735183718516234,-1.904658835585794,0.0,0.012030093408530139,0.196,11/15,25.90%,DDIT3;CEBPG;ATF4;EIF2S3;ASNS;ATF3;CHAC1;TRIB3;PPP1R15A;CEBPB;GRB10
prerank,"mRNA Activation Upon Binding Of Cap-Binding Complex And eIFs, Subsequent Binding To 43S R-HSA-72662",-0.4969333751812139,-1.9098893056482138,0.0,0.011925743155915873,0.182,31/57,29.06%,EIF3F;RPS2;EIF4EBP1;EIF2S3;RPS10;RPS8;RPS16;RPS15;RPS4X;EIF4B;RPS17;RPSA;RPS27;EIF4A1;RPS15A;RPS3;RPS9;RPS19;RPS6;RPS12;RPS5;EIF3K;EIF3I;EIF3G;RPS27A;RPS25;RPS28;RPS14;FAU;RPS11;PABPC1
prerank,"Formation Of Ternary Complex, And Subsequently, 43S Complex R-HSA-72695",-0.514855530165815,-1.9119981958666483,0.0,0.012522030313711668,0.178,26/49,25.55%,EIF3F;RPS2;EIF2S3;RPS10;RPS8;RPS16;RPS15;RPS4X;RPS17;RPSA;RPS27;RPS15A;RPS3;RPS9;RPS19;RPS6;RPS12;RPS5;EIF3K;EIF3I;EIF3G;RPS27A;RPS25;RPS28;RPS14;FAU
prerank,Nonsense Mediated Decay (NMD) Enhanced By Exon Junction Complex (EJC) R-HSA-975957,-0.4437535697515898,-1.9153744067482086,0.0,0.012989886391366829,0.173,63/108,32.72%,RPS2;RPLP0;RPL8;RPL3;RPS10;RPS8;RNPS1;RPS16;RPL37;RPS15;RPL36;RPL11;RPL36A;RPL5;SMG5;RPS4X;RPL28;RPL37A;RPS17;RPSA;RPS27;RPL13A;RPL21;RPL18A;RPS15A;RPLP1;UPF1;EIF4A3;RPS3;RPL7A;RPS9;RPS19;RPL29;RPL6;SMG9;RPS6;RPS12;RPL18;RPL27A;RPL22;RPS5;RPL34;PPP2R2A;UBA52;RPS27A;RPLP2;RPL14;RPS25;RPS28;RPS14;RPL10A;FAU;RPL27;RPL35;RPL23;RPS11;PABPC1;RPS21;RPL36AL;RPL30;CASC3;UPF3B;SMG8
prerank,Viral mRNA Translation R-HSA-192823,-0.4621442645659007,-1.9302164131406143,0.0,0.010792797556103866,0.134,50/88,27.15%,GNL3;RPS2;RPLP0;RPL8;RPL3;RPS10;RPS8;RPS16;RPL37;RPS15;RPL36;RPL11;RPL36A;RPL5;RPS4X;RPL28;RPL37A;RPS17;RPSA;RPS27;RPL13A;RPL21;RPL18A;RPS15A;RPLP1;RPS3;RPL7A;RPS9;RPS19;RPL29;RPL6;RPS6;RPS12;RPL18;RPL27A;RPL22;RPS5;RPL34;UBA52;RPS27A;RPLP2;RPL14;RPS25;RPS28;RPS14;RPL10A;FAU;RPL27;RPL35;RPL23
prerank,Cap-dependent Translation Initiation R-HSA-72737,-0.4554861973128649,-1.9570877745254276,0.0,0.00858653507225943,0.1,57/114,26.17%,EIF3F;EIF2B4;RPS2;EIF4EBP1;EIF2S3;RPLP0;RPL8;RPL3;RPS10;RPS8;RPS16;RPL37;RPS15;RPL36;RPL11;RPL36A;RPL5;RPS4X;RPL28;RPL37A;EIF4B;RPS17;RPSA;RPS27;EIF4A1;RPL13A;RPL21;RPL18A;RPS15A;RPLP1;RPS3;RPL7A;RPS9;RPS19;RPL29;RPL6;RPS6;RPS12;RPL18;RPL27A;RPL22;RPS5;EIF3K;EIF3I;RPL34;EIF3G;UBA52;RPS27A;RPLP2;RPL14;RPS25;RPS28;RPS14;RPL10A;FAU;RPL27;RPL35
prerank,GTP Hydrolysis And Joining Of 60S Ribosomal Subunit R-HSA-72706,-0.46826884125572,-1.9849385144930498,0.0,0.00615368346845259,0.068,56/107,27.15%,EIF3F;RPS2;EIF2S3;RPLP0;RPL8;RPL3;RPS10;RPS8;RPS16;RPL37;RPS15;RPL36;RPL11;RPL36A;RPL5;RPS4X;RPL28;RPL37A;EIF4B;RPS17;RPSA;RPS27;EIF4A1;RPL13A;RPL21;RPL18A;RPS15A;RPLP1;RPS3;RPL7A;RPS9;RPS19;RPL29;RPL6;RPS6;RPS12;RPL18;RPL27A;RPL22;RPS5;EIF3K;EIF3I;RPL34;EIF3G;UBA52;RPS27A;RPLP2;RPL14;RPS25;RPS28;RPS14;RPL10A;FAU;RPL27;RPL35;RPL23
prerank,L13a-mediated Translational Silencing Of Ceruloplasmin Expression R-HSA-156827,-0.46632202513831433,-1.9892071193926648,0.0,0.006280891395449027,0.064,56/106,27.15%,EIF3F;RPS2;EIF2S3;RPLP0;RPL8;RPL3;RPS10;RPS8;RPS16;RPL37;RPS15;RPL36;RPL11;RPL36A;RPL5;RPS4X;RPL28;RPL37A;EIF4B;RPS17;RPSA;RPS27;EIF4A1;RPL13A;RPL21;RPL18A;RPS15A;RPLP1;RPS3;RPL7A;RPS9;RPS19;RPL29;RPL6;RPS6;RPS12;RPL18;RPL27A;RPL22;RPS5;EIF3K;EIF3I;RPL34;EIF3G;UBA52;RPS27A;RPLP2;RPL14;RPS25;RPS28;RPS14;RPL10A;FAU;RPL27;RPL35;RPL23
prerank,Selenocysteine Synthesis R-HSA-2408557,-0.4753011114648773,-1.9942220303360643,0.0,0.006529344377863941,0.058,51/88,27.15%,RPS2;RPLP0;RPL8;RPL3;RPS10;RPS8;RPS16;RPL37;RPS15;RPL36;RPL11;RPL36A;RPL5;EEFSEC;RPS4X;RPL28;RPL37A;RPS17;RPSA;RPS27;RPL13A;RPL21;RPL18A;RPS15A;RPLP1;RPS3;RPL7A;RPS9;RPS19;RPL29;RPL6;SARS1;RPS6;RPS12;RPL18;RPL27A;RPL22;RPS5;RPL34;UBA52;RPS27A;RPLP2;RPL14;RPS25;RPS28;RPS14;RPL10A;FAU;RPL27;RPL35;RPL23
prerank,Nonsense Mediated Decay (NMD) Independent Of Exon Junction Complex (EJC) R-HSA-975956,-0.476544965182699,-2.0012450585737724,0.0,0.007155445893549524,0.055,55/90,31.96%,RPS2;RPLP0;RPL8;RPL3;RPS10;RPS8;RPS16;RPL37;RPS15;RPL36;RPL11;RPL36A;RPL5;RPS4X;RPL28;RPL37A;RPS17;RPSA;RPS27;RPL13A;RPL21;RPL18A;RPS15A;RPLP1;UPF1;RPS3;RPL7A;RPS9;RPS19;RPL29;RPL6;RPS6;RPS12;RPL18;RPL27A;RPL22;RPS5;RPL34;UBA52;RPS27A;RPLP2;RPL14;RPS25;RPS28;RPS14;RPL10A;FAU;RPL27;RPL35;RPL23;RPS11;PABPC1;RPS21;RPL36AL;RPL30
prerank,Formation Of A Pool Of Free 40S Subunits R-HSA-72689,-0.4781478109239957,-2.0047330696356718,0.0,0.007990247914463634,0.052,53/96,27.15%,EIF3F;RPS2;RPLP0;RPL8;RPL3;RPS10;RPS8;RPS16;RPL37;RPS15;RPL36;RPL11;RPL36A;RPL5;RPS4X;RPL28;RPL37A;RPS17;RPSA;RPS27;RPL13A;RPL21;RPL18A;RPS15A;RPLP1;RPS3;RPL7A;RPS9;RPS19;RPL29;RPL6;RPS6;RPS12;RPL18;RPL27A;RPL22;RPS5;EIF3K;EIF3I;RPL34;EIF3G;UBA52;RPS27A;RPLP2;RPL14;RPS25;RPS28;RPS14;RPL10A;FAU;RPL27;RPL35;RPL23
prerank,Eukaryotic Translation Termination R-HSA-72764,-0.48176219190765307,-2.0109116328020367,0.0,0.008729643990130419,0.048,49/87,27.15%,RPS2;RPLP0;RPL8;RPL3;RPS10;RPS8;RPS16;RPL37;RPS15;RPL36;RPL11;RPL36A;RPL5;RPS4X;RPL28;RPL37A;RPS17;RPSA;RPS27;RPL13A;RPL21;RPL18A;RPS15A;RPLP1;RPS3;RPL7A;RPS9;RPS19;RPL29;RPL6;RPS6;RPS12;RPL18;RPL27A;RPL22;RPS5;RPL34;UBA52;RPS27A;RPLP2;RPL14;RPS25;RPS28;RPS14;RPL10A;FAU;RPL27;RPL35;RPL23
prerank,Peptide Chain Elongation R-HSA-156902,-0.496748346428055,-2.0648706838425355,0.0,0.0053665844201621436,0.022,50/84,27.15%,RPS2;RPLP0;RPL8;RPL3;RPS10;RPS8;EEF2;RPS16;RPL37;RPS15;RPL36;RPL11;RPL36A;RPL5;RPS4X;RPL28;RPL37A;RPS17;RPSA;RPS27;RPL13A;RPL21;RPL18A;RPS15A;RPLP1;RPS3;RPL7A;RPS9;RPS19;RPL29;RPL6;RPS6;RPS12;RPL18;RPL27A;RPL22;RPS5;RPL34;UBA52;RPS27A;RPLP2;RPL14;RPS25;RPS28;RPS14;RPL10A;FAU;RPL27;RPL35;RPL23
prerank,Eukaryotic Translation Elongation R-HSA-156842,-0.5019616552318726,-2.093918846882591,0.0,0.004054752673011397,0.012,52/87,27.15%,RPS2;RPLP0;RPL8;RPL3;RPS10;RPS8;EEF2;RPS16;RPL37;RPS15;RPL36;RPL11;RPL36A;RPL5;RPS4X;RPL28;RPL37A;RPS17;RPSA;RPS27;RPL13A;RPL21;RPL18A;RPS15A;RPLP1;RPS3;RPL7A;RPS9;RPS19;RPL29;RPL6;RPS6;RPS12;RPL18;RPL27A;RPL22;RPS5;RPL34;EEF1D;UBA52;RPS27A;RPLP2;RPL14;RPS25;RPS28;RPS14;RPL10A;FAU;RPL27;RPL35;EEF1G;RPL23
prerank,Response Of EIF2AK4 (GCN2) To Amino Acid Deficiency R-HSA-9633012,-0.501700926904809,-2.1345154470258443,0.0,0.004293267536129714,0.008,57/96,27.15%,DDIT3;CEBPG;ATF4;RPS2;EIF2S3;ASNS;RPLP0;RPL8;ATF3;RPL3;RPS10;RPS8;RPS16;RPL37;RPS15;RPL36;RPL11;RPL36A;RPL5;RPS4X;RPL28;RPL37A;RPS17;TRIB3;RPSA;RPS27;RPL13A;RPL21;RPL18A;RPS15A;RPLP1;RPS3;RPL7A;RPS9;RPS19;RPL29;RPL6;RPS6;RPS12;RPL18;RPL27A;RPL22;RPS5;RPL34;UBA52;RPS27A;RPLP2;CEBPB;RPL14;RPS25;RPS28;RPS14;RPL10A;FAU;RPL27;RPL35;RPL23
prerank,SARS-CoV-2 Modulates Host Translation Machinery R-HSA-9754678,-0.5785550255593673,-2.1494806727192355,0.0,0.00572435671483962,0.005,32/46,28.79%,RPS2;GEMIN5;GEMIN8;SNRPD3;RPS10;RPS8;DDX20;SNRPB;GEMIN7;RPS16;RPS15;SNRPF;RPS4X;RPS17;RPSA;RPS27;RPS15A;RPS3;RPS9;RPS19;RPS6;RPS12;SNRPD2;RPS5;SNRPG;RPS27A;RPS25;RPS28;RPS14;FAU;SMN1;RPS11
